,game_id,season,season_tag,seq,date,stadium,source_release,source_range,source_url,source_json,team,opponent,is_home,runs_scored,runs_allowed,run_diff,win,early_runs,middle_runs,late_runs,scored_first,led_after_3,led_after_6,AB,H,BB,SO,double,triple,HR,extra_base_hits,power_score,run_per_hit,offense_pressure_score,outs_pitched,innings_pitched,hits_allowed,bb_allowed,hr_allowed,so_pitched,whip_like,strikeout_walk_ratio,run_prevention_score,home_away_label,result_label,run_diff_label,scoring_level,allowing_level,game_flow_label,offense_label,defense_label,month,season_wang,seq_wang,date_wang,stadium_wang,opponent_wang,is_home_wang,runs_scored_wang,runs_allowed_wang,run_diff_wang,win_wang,home_away_label_wang,result_label_wang,run_diff_label_wang,scoring_level_wang,allowing_level_wang,early_runs_wang,middle_runs_wang,late_runs_wang,scored_first_wang,led_after_3_wang,led_after_6_wang,game_flow_label_wang,AB_wang,H_wang,BB_wang,SO_wang,double_wang,triple_wang,HR_wang,extra_base_hits_wang,power_score_wang,run_per_hit_wang,offense_pressure_score_wang,offense_label_wang,outs_pitched_wang,innings_pitched_wang,hits_allowed_wang,bb_allowed_wang,hr_allowed_wang,so_pitched_wang,whip_like_wang,strikeout_walk_ratio_wang,run_prevention_score_wang,defense_label_wang
600,CPBL-2024-xa-213,中職2024年,2024,213,2024-10-11 18:35:00,樂天桃園棒球場,v0.1.0-2024,G1-G360 regular season,https://github.com/rebas-tw/rebas.tw-open-data/releases/download/v0.1.0-2024/CPBL-2024-OpenData.zip,CPBL-2024-OpenData/CPBL-2024-OpenData.json,統一7-ELEVEn獅,樂天桃猿,False,0,6,-6,0,0,0,0,0,0,0,30,4,1,6,0,0,0,0,0,0.0,-2.0,24,8.0,15,4,0,5,2.375,1.25,-5,客場,敗,大敗,低得分,高失分,一般拉鋸型,攻勢受阻,失分偏高,10,中職2024年,213.0,2024-10-11 18:35,樂天桃園棒球場,樂天桃猿,False,0.0,6.0,-6.0,False,客場,敗,大敗,低得分,高失分,0.0,0.0,0.0,False,False,False,被壓制型,30.0,4.0,1.0,6.0,0.0,0.0,0.0,0.0,0.0,0.0,-2.0,低效進攻,24.0,8.0,15.0,4.0,0.0,5.0,2.375,1.25,-5.0,投打被突破
601,CPBL-2024-xa-213,中職2024年,2024,213,2024-10-11 18:35:00,樂天桃園棒球場,v0.1.0-2024,G1-G360 regular season,https://github.com/rebas-tw/rebas.tw-open-data/releases/download/v0.1.0-2024/CPBL-2024-OpenData.zip,CPBL-2024-OpenData/CPBL-2024-OpenData.json,樂天桃猿,統一7-ELEVEn獅,True,6,0,6,1,6,0,0,1,1,1,36,15,4,5,0,0,0,0,0,0.4,7.5,27,9.0,4,1,0,6,0.5555555555555556,6.0,5,主場,勝,大勝,高得分,低失分,領先守成型,穩定攻擊,壓制力強,10,中職2024年,213.0,2024-10-11 18:35,樂天桃園棒球場,統一7-ELEVEn獅,True,6.0,0.0,6.0,True,主場,勝,大勝,高得分,低失分,6.0,0.0,0.0,True,True,True,全場壓制型,36.0,15.0,4.0,5.0,0.0,0.0,0.0,0.0,0.0,0.4,7.5,穩定攻擊,27.0,9.0,4.0,1.0,0.0,6.0,0.555555555555556,6.0,5.0,壓制力強
602,CPBL-2024-xa-344,中職2024年,2024,344,2024-10-10 17:05:00,新北市立新莊棒球場,v0.1.0-2024,G1-G360 regular season,https://github.com/rebas-tw/rebas.tw-open-data/releases/download/v0.1.0-2024/CPBL-2024-OpenData.zip,CPBL-2024-OpenData/CPBL-2024-OpenData.json,統一7-ELEVEn獅,富邦悍將,False,2,4,-2,0,2,0,0,0,0,0,31,7,4,6,2,0,0,2,2,0.2857142857142857,5.0,24,8.0,5,2,0,6,0.875,3.0,0,客場,敗,小敗,低得分,中等失分,一般拉鋸型,穩定攻擊,穩定守成,10,中職2024年,344.0,2024-10-10 17:05,新北市立新莊棒球場,富邦悍將,False,2.0,4.0,-2.0,False,客場,敗,小敗,低得分,中等失分,2.0,0.0,0.0,False,False,False,被壓制型,31.0,7.0,4.0,6.0,2.0,0.0,0.0,2.0,2.0,0.285714285714286,5.0,低效進攻,24.0,8.0,5.0,2.0,0.0,6.0,0.875,3.0,0.0,穩定守成
603,CPBL-2024-xa-344,中職2024年,2024,344,2024-10-10 17:05:00,新北市立新莊棒球場,v0.1.0-2024,G1-G360 regular season,https://github.com/rebas-tw/rebas.tw-open-data/releases/download/v0.1.0-2024/CPBL-2024-OpenData.zip,CPBL-2024-OpenData/CPBL-2024-OpenData.json,富邦悍將,統一7-ELEVEn獅,True,4,2,2,1,2,2,0,1,0,1,30,5,2,6,1,0,0,1,1,0.8,4.0,27,9.0,7,4,0,6,1.2222222222222223,1.5,0,主場,勝,中幅勝,中等得分,低失分,領先守成型,穩定攻擊,穩定守成,10,中職2024年,344.0,2024-10-10 17:05,新北市立新莊棒球場,統一7-ELEVEn獅,True,4.0,2.0,2.0,True,主場,勝,小勝,中等得分,低失分,2.0,2.0,0.0,True,False,True,拉鋸型,30.0,5.0,2.0,6.0,1.0,0.0,0.0,1.0,1.0,0.8,4.0,零星攻勢,27.0,9.0,7.0,4.0,0.0,6.0,1.22222222222222,1.5,0.0,穩定守成
604,CPBL-2024-xa-342,中職2024年,2024,342,2024-10-10 17:05:00,澄清湖棒球場,v0.1.0-2024,G1-G360 regular season,https://github.com/rebas-tw/rebas.tw-open-data/releases/download/v0.1.0-2024/CPBL-2024-OpenData.zip,CPBL-2024-OpenData/CPBL-2024-OpenData.json,樂天桃猿,台鋼雄鷹,False,1,12,-11,0,0,0,1,0,0,0,34,7,2,9,2,0,0,2,2,0.14285714285714285,0.5,24,8.0,16,5,1,5,2.625,1.0,-13,客場,敗,大敗,低得分,高失分,一般拉鋸型,攻勢受阻,失分偏高,10,中職2024年,342.0,2024-10-10 17:05,澄清湖棒球場,台鋼雄鷹,False,1.0,12.0,-11.0,False,客場,敗,大敗,低得分,高失分,0.0,0.0,1.0,False,False,False,被壓制型,34.0,7.0,2.0,9.0,2.0,0.0,0.0,2.0,2.0,0.142857142857143,0.5,攻勢受阻,24.0,8.0,16.0,5.0,1.0,5.0,2.625,1.0,-13.0,投打被突破
605,CPBL-2024-xa-342,中職2024年,2024,342,2024-10-10 17:05:00,澄清湖棒球場,v0.1.0-2024,G1-G360 regular season,https://github.com/rebas-tw/rebas.tw-open-data/releases/download/v0.1.0-2024/CPBL-2024-OpenData.zip,CPBL-2024-OpenData/CPBL-2024-OpenData.json,台鋼雄鷹,樂天桃猿,True,12,1,11,1,5,3,4,1,1,1,42,16,5,5,1,2,1,4,8,0.75,18.5,27,9.0,7,2,0,9,1.0,4.5,6,主場,勝,大勝,高得分,低失分,領先守成型,火力強勢,壓制力強,10,中職2024年,342.0,2024-10-10 17:05,澄清湖棒球場,樂天桃猿,True,12.0,1.0,11.0,True,主場,勝,大勝,高得分,低失分,5.0,3.0,4.0,True,True,True,全場壓制型,42.0,16.0,5.0,5.0,1.0,2.0,1.0,4.0,8.0,0.75,18.5,火力強勢,27.0,9.0,7.0,2.0,0.0,9.0,1.0,4.5,6.0,壓制力強
606,CPBL-2024-xa-218,中職2024年,2024,218,2024-10-09 18:35:00,臺南市立棒球場,v0.1.0-2024,G1-G360 regular season,https://github.com/rebas-tw/rebas.tw-open-data/releases/download/v0.1.0-2024/CPBL-2024-OpenData.zip,CPBL-2024-OpenData/CPBL-2024-OpenData.json,味全龍,統一7-ELEVEn獅,False,0,4,-4,0,0,0,0,0,0,0,31,6,0,8,0,0,0,0,0,0.0,-4.0,24,8.0,8,3,2,3,1.375,1.0,-6,客場,敗,大敗,低得分,中等失分,一般拉鋸型,攻勢受阻,失分偏高,10,中職2024年,218.0,2024-10-09 18:35,臺南市立棒球場,統一7-ELEVEn獅,False,0.0,4.0,-4.0,False,客場,敗,小敗,低得分,中等失分,0.0,0.0,0.0,False,False,False,被壓制型,31.0,6.0,0.0,8.0,0.0,0.0,0.0,0.0,0.0,0.0,-4.0,攻勢受阻,24.0,8.0,8.0,3.0,2.0,3.0,1.375,1.0,-6.0,普通防守
607,CPBL-2024-xa-218,中職2024年,2024,218,2024-10-09 18:35:00,臺南市立棒球場,v0.1.0-2024,G1-G360 regular season,https://github.com/rebas-tw/rebas.tw-open-data/releases/download/v0.1.0-2024/CPBL-2024-OpenData.zip,CPBL-2024-OpenData/CPBL-2024-OpenData.json,統一7-ELEVEn獅,味全龍,True,4,0,4,1,2,1,1,1,1,1,30,8,3,3,1,0,2,3,7,0.5,8.5,27,9.0,6,0,0,8,0.6666666666666666,8.0,8,主場,勝,中幅勝,中等得分,低失分,領先守成型,火力強勢,壓制力強,10,中職2024年,218.0,2024-10-09 18:35,臺南市立棒球場,味全龍,True,4.0,0.0,4.0,True,主場,勝,小勝,中等得分,低失分,2.0,1.0,1.0,True,True,True,全場壓制型,30.0,8.0,3.0,3.0,1.0,0.0,2.0,3.0,7.0,0.5,8.5,穩定攻擊,27.0,9.0,6.0,0.0,0.0,8.0,0.666666666666667,8.0,8.0,壓制力強
608,CPBL-2024-xa-217,中職2024年,2024,217,2024-10-09 18:35:00,樂天桃園棒球場,v0.1.0-2024,G1-G360 regular season,https://github.com/rebas-tw/rebas.tw-open-data/releases/download/v0.1.0-2024/CPBL-2024-OpenData.zip,CPBL-2024-OpenData/CPBL-2024-OpenData.json,中信兄弟,樂天桃猿,False,5,4,1,1,1,0,2,0,0,0,39,7,5,14,1,1,0,2,3,0.7142857142857143,5.0,33,11.0,11,6,0,8,1.5454545454545454,1.3333333333333333,-2,客場,勝,小勝,中等得分,中等失分,後段逆轉型,穩定攻擊,穩定守成,10,中職2024年,217.0,2024-10-09 18:35,樂天桃園棒球場,樂天桃猿,False,5.0,4.0,1.0,True,客場,勝,小勝,中等得分,中等失分,1.0,0.0,2.0,False,False,False,後段逆轉型,39.0,7.0,5.0,14.0,1.0,1.0,0.0,2.0,3.0,0.714285714285714,5.0,零星攻勢,33.0,11.0,11.0,6.0,0.0,8.0,1.54545454545455,1.33333333333333,-2.0,普通防守
609,CPBL-2024-xa-217,中職2024年,2024,217,2024-10-09 18:35:00,樂天桃園棒球場,v0.1.0-2024,G1-G360 regular season,https://github.com/rebas-tw/rebas.tw-open-data/releases/download/v0.1.0-2024/CPBL-2024-OpenData.zip,CPBL-2024-OpenData/CPBL-2024-OpenData.json,樂天桃猿,中信兄弟,True,4,5,-1,0,2,1,0,0,1,1,39,11,6,8,1,0,0,1,1,0.36363636363636365,7.0,33,11.0,7,5,0,14,1.0909090909090908,2.8,4,主場,敗,小敗,中等得分,中等失分,後段失守型,穩定攻擊,壓制力強,10,中職2024年,217.0,2024-10-09 18:35,樂天桃園棒球場,中信兄弟,True,4.0,5.0,-1.0,False,主場,敗,小敗,中等得分,中等失分,2.0,1.0,0.0,False,True,True,拉鋸型,39.0,11.0,6.0,8.0,1.0,0.0,0.0,1.0,1.0,0.363636363636364,7.0,穩定攻擊,33.0,11.0,7.0,5.0,0.0,14.0,1.09090909090909,2.8,4.0,失分偏高
610,CPBL-2024-xa-214,中職2024年,2024,214,2024-10-08 18:35:00,臺北市立天母棒球場,v0.1.0-2024,G1-G360 regular season,https://github.com/rebas-tw/rebas.tw-open-data/releases/download/v0.1.0-2024/CPBL-2024-OpenData.zip,CPBL-2024-OpenData/CPBL-2024-OpenData.json,富邦悍將,味全龍,False,0,1,-1,0,0,0,0,0,0,0,30,3,1,6,1,0,0,1,1,0.0,-1.0,24,8.0,5,4,0,8,1.125,2.0,3,客場,敗,小敗,低得分,低失分,一般拉鋸型,攻勢受阻,壓制力強,10,中職2024年,214.0,2024-10-08 18:35,臺北市立天母棒球場,味全龍,False,0.0,1.0,-1.0,False,客場,敗,小敗,低得分,低失分,0.0,0.0,0.0,False,False,False,被壓制型,30.0,3.0,1.0,6.0,1.0,0.0,0.0,1.0,1.0,0.0,-1.0,低效進攻,24.0,8.0,5.0,4.0,0.0,8.0,1.125,2.0,3.0,壓制力強
611,CPBL-2024-xa-214,中職2024年,2024,214,2024-10-08 18:35:00,臺北市立天母棒球場,v0.1.0-2024,G1-G360 regular season,https://github.com/rebas-tw/rebas.tw-open-data/releases/download/v0.1.0-2024/CPBL-2024-OpenData.zip,CPBL-2024-OpenData/CPBL-2024-OpenData.json,味全龍,富邦悍將,True,1,0,1,1,0,1,0,1,0,1,28,5,4,8,1,0,0,1,1,0.2,2.0,27,9.0,3,1,0,6,0.4444444444444444,6.0,5,主場,勝,小勝,低得分,低失分,領先守成型,攻勢受阻,壓制力強,10,中職2024年,214.0,2024-10-08 18:35,臺北市立天母棒球場,富邦悍將,True,1.0,0.0,1.0,True,主場,勝,小勝,低得分,低失分,0.0,1.0,0.0,True,False,True,拉鋸型,28.0,5.0,4.0,8.0,1.0,0.0,0.0,1.0,1.0,0.2,2.0,攻勢受阻,27.0,9.0,3.0,1.0,0.0,6.0,0.444444444444444,6.0,5.0,壓制力強
612,CPBL-2024-xa-341,中職2024年,2024,341,2024-10-07 19:16:00,新北市立新莊棒球場,v0.1.0-2024,G1-G360 regular season,https://github.com/rebas-tw/rebas.tw-open-data/releases/download/v0.1.0-2024/CPBL-2024-OpenData.zip,CPBL-2024-OpenData/CPBL-2024-OpenData.json,統一7-ELEVEn獅,富邦悍將,False,6,3,3,1,5,1,0,1,1,1,22,8,4,5,2,0,1,3,5,0.75,10.5,15,5.0,7,3,1,5,2.0,1.6666666666666667,-2,客場,勝,中幅勝,高得分,中等失分,領先守成型,火力強勢,穩定守成,10,中職2024年,341.0,2024-10-07 19:16,新北市立新莊棒球場,富邦悍將,False,6.0,3.0,3.0,True,客場,勝,小勝,高得分,中等失分,5.0,1.0,0.0,True,True,True,全場壓制型,22.0,8.0,4.0,5.0,2.0,0.0,1.0,3.0,5.0,0.75,10.5,火力強勢,15.0,5.0,7.0,3.0,1.0,5.0,2.0,1.66666666666667,-2.0,普通防守
613,CPBL-2024-xa-341,中職2024年,2024,341,2024-10-07 19:16:00,新北市立新莊棒球場,v0.1.0-2024,G1-G360 regular season,https://github.com/rebas-tw/rebas.tw-open-data/releases/download/v0.1.0-2024/CPBL-2024-OpenData.zip,CPBL-2024-OpenData/CPBL-2024-OpenData.json,富邦悍將,統一7-ELEVEn獅,True,3,6,-3,0,2,1,0,0,0,0,21,7,3,5,0,0,1,1,3,0.42857142857142855,4.5,15,5.0,8,4,1,5,2.4,1.25,-6,主場,敗,小敗,中等得分,高失分,一般拉鋸型,穩定攻擊,失分偏高,10,中職2024年,341.0,2024-10-07 19:16,新北市立新莊棒球場,統一7-ELEVEn獅,True,3.0,6.0,-3.0,False,主場,敗,小敗,中等得分,高失分,2.0,1.0,0.0,False,False,False,被壓制型,21.0,7.0,3.0,5.0,0.0,0.0,1.0,1.0,3.0,0.428571428571429,4.5,零星攻勢,15.0,5.0,8.0,4.0,1.0,5.0,2.4,1.25,-6.0,投打被突破
614,CPBL-2024-xa-216,中職2024年,2024,216,2024-10-07 18:35:00,臺中市洲際棒球場,v0.1.0-2024,G1-G360 regular season,https://github.com/rebas-tw/rebas.tw-open-data/releases/download/v0.1.0-2024/CPBL-2024-OpenData.zip,CPBL-2024-OpenData/CPBL-2024-OpenData.json,台鋼雄鷹,中信兄弟,False,3,4,-1,0,3,0,0,1,1,1,32,5,0,10,1,0,1,2,4,0.6,0.0,25,8.333333333333334,9,5,0,2,1.68,0.4,-7,客場,敗,小敗,中等得分,中等失分,後段失守型,攻勢受阻,失分偏高,10,中職2024年,216.0,2024-10-07 18:35,臺中市洲際棒球場,中信兄弟,False,3.0,4.0,-1.0,False,客場,敗,小敗,中等得分,中等失分,3.0,0.0,0.0,True,True,True,拉鋸型,32.0,5.0,0.0,10.0,1.0,0.0,1.0,2.0,4.0,0.6,0.0,零星攻勢,25.0,8.33333333333333,9.0,5.0,0.0,2.0,1.68,0.4,-7.0,普通防守
615,CPBL-2024-xa-216,中職2024年,2024,216,2024-10-07 18:35:00,臺中市洲際棒球場,v0.1.0-2024,G1-G360 regular season,https://github.com/rebas-tw/rebas.tw-open-data/releases/download/v0.1.0-2024/CPBL-2024-OpenData.zip,CPBL-2024-OpenData/CPBL-2024-OpenData.json,中信兄弟,台鋼雄鷹,True,4,3,1,1,0,0,4,0,0,0,29,9,5,2,1,0,0,1,1,0.4444444444444444,9.0,27,9.0,5,0,1,10,0.5555555555555556,10.0,6,主場,勝,小勝,中等得分,中等失分,後段逆轉型,火力強勢,壓制力強,10,中職2024年,216.0,2024-10-07 18:35,臺中市洲際棒球場,台鋼雄鷹,True,4.0,3.0,1.0,True,主場,勝,小勝,中等得分,中等失分,0.0,0.0,4.0,False,False,False,後段逆轉型,29.0,9.0,5.0,2.0,1.0,0.0,0.0,1.0,1.0,0.444444444444444,9.0,穩定攻擊,27.0,9.0,5.0,0.0,1.0,10.0,0.555555555555556,10.0,6.0,穩定守成
616,CPBL-2024-xa-345,中職2024年,2024,345,2024-10-06 17:05:00,嘉義市立棒球場,v0.1.0-2024,G1-G360 regular season,https://github.com/rebas-tw/rebas.tw-open-data/releases/download/v0.1.0-2024/CPBL-2024-OpenData.zip,CPBL-2024-OpenData/CPBL-2024-OpenData.json,樂天桃猿,台鋼雄鷹,False,6,7,-1,0,4,2,0,1,1,1,36,11,3,4,2,1,0,3,4,0.5454545454545454,10.0,26,8.666666666666666,12,5,0,2,1.9615384615384617,0.4,-10,客場,敗,小敗,高得分,高失分,後段失守型,火力強勢,失分偏高,10,中職2024年,345.0,2024-10-06 17:05,嘉義市立棒球場,台鋼雄鷹,False,6.0,7.0,-1.0,False,客場,敗,小敗,高得分,高失分,4.0,2.0,0.0,True,True,True,拉鋸型,36.0,11.0,3.0,4.0,2.0,1.0,0.0,3.0,4.0,0.545454545454545,10.0,火力強勢,26.0,8.66666666666667,12.0,5.0,0.0,2.0,1.96153846153846,0.4,-10.0,投打被突破
617,CPBL-2024-xa-345,中職2024年,2024,345,2024-10-06 17:05:00,嘉義市立棒球場,v0.1.0-2024,G1-G360 regular season,https://github.com/rebas-tw/rebas.tw-open-data/releases/download/v0.1.0-2024/CPBL-2024-OpenData.zip,CPBL-2024-OpenData/CPBL-2024-OpenData.json,台鋼雄鷹,樂天桃猿,True,7,6,1,1,0,0,7,0,0,0,37,12,5,2,2,1,0,3,4,0.5833333333333334,14.0,27,9.0,11,3,0,4,1.5555555555555556,1.3333333333333333,-5,主場,勝,小勝,高得分,高失分,後段逆轉型,火力強勢,失分偏高,10,中職2024年,345.0,2024-10-06 17:05,嘉義市立棒球場,樂天桃猿,True,7.0,6.0,1.0,True,主場,勝,小勝,高得分,高失分,0.0,0.0,7.0,False,False,False,後段逆轉型,37.0,12.0,5.0,2.0,2.0,1.0,0.0,3.0,4.0,0.583333333333333,14.0,火力強勢,27.0,9.0,11.0,3.0,0.0,4.0,1.55555555555556,1.33333333333333,-5.0,失分偏高
618,CPBL-2024-xa-266,中職2024年,2024,266,2024-10-06 17:05:00,臺北市立天母棒球場,v0.1.0-2024,G1-G360 regular season,https://github.com/rebas-tw/rebas.tw-open-data/releases/download/v0.1.0-2024/CPBL-2024-OpenData.zip,CPBL-2024-OpenData/CPBL-2024-OpenData.json,富邦悍將,味全龍,False,3,5,-2,0,1,1,1,0,0,0,38,11,2,7,1,1,0,2,3,0.2727272727272727,3.5,24,8.0,11,2,0,5,1.625,2.5,-2,客場,敗,小敗,中等得分,中等失分,一般拉鋸型,穩定攻擊,穩定守成,10,中職2024年,266.0,2024-10-06 17:05,臺北市立天母棒球場,味全龍,False,3.0,5.0,-2.0,False,客場,敗,小敗,中等得分,中等失分,1.0,1.0,1.0,False,False,False,被壓制型,38.0,11.0,2.0,7.0,1.0,1.0,0.0,2.0,3.0,0.272727272727273,3.5,穩定攻擊,24.0,8.0,11.0,2.0,0.0,5.0,1.625,2.5,-2.0,失分偏高
619,CPBL-2024-xa-266,中職2024年,2024,266,2024-10-06 17:05:00,臺北市立天母棒球場,v0.1.0-2024,G1-G360 regular season,https://github.com/rebas-tw/rebas.tw-open-data/releases/download/v0.1.0-2024/CPBL-2024-OpenData.zip,CPBL-2024-OpenData/CPBL-2024-OpenData.json,味全龍,富邦悍將,True,5,3,2,1,1,4,0,1,0,1,32,11,2,5,3,0,0,3,3,0.45454545454545453,7.5,27,9.0,11,2,0,7,1.4444444444444444,3.5,2,主場,勝,中幅勝,中等得分,中等失分,領先守成型,穩定攻擊,壓制力強,10,中職2024年,266.0,2024-10-06 17:05,臺北市立天母棒球場,富邦悍將,True,5.0,3.0,2.0,True,主場,勝,小勝,中等得分,中等失分,1.0,4.0,0.0,True,False,True,拉鋸型,32.0,11.0,2.0,5.0,3.0,0.0,0.0,3.0,3.0,0.454545454545455,7.5,穩定攻擊,27.0,9.0,11.0,2.0,0.0,7.0,1.44444444444444,3.5,2.0,穩定守成
620,CPBL-2024-xa-251,中職2024年,2024,251,2024-10-05 16:28:00,新北市立新莊棒球場,v0.1.0-2024,G1-G360 regular season,https://github.com/rebas-tw/rebas.tw-open-data/releases/download/v0.1.0-2024/CPBL-2024-OpenData.zip,CPBL-2024-OpenData/CPBL-2024-OpenData.json,味全龍,富邦悍將,False,1,3,-2,0,0,0,1,0,0,0,33,8,1,8,1,0,1,2,4,0.125,0.0,24,8.0,8,2,0,7,1.25,3.5,2,客場,敗,小敗,低得分,中等失分,一般拉鋸型,攻勢受阻,壓制力強,10,中職2024年,251.0,2024-10-05 16:28,新北市立新莊棒球場,富邦悍將,False,1.0,3.0,-2.0,False,客場,敗,小敗,低得分,中等失分,0.0,0.0,1.0,False,False,False,被壓制型,33.0,8.0,1.0,8.0,1.0,0.0,1.0,2.0,4.0,0.125,0.0,攻勢受阻,24.0,8.0,8.0,2.0,0.0,7.0,1.25,3.5,2.0,穩定守成
621,CPBL-2024-xa-251,中職2024年,2024,251,2024-10-05 16:28:00,新北市立新莊棒球場,v0.1.0-2024,G1-G360 regular season,https://github.com/rebas-tw/rebas.tw-open-data/releases/download/v0.1.0-2024/CPBL-2024-OpenData.zip,CPBL-2024-OpenData/CPBL-2024-OpenData.json,富邦悍將,味全龍,True,3,1,2,1,0,1,2,1,0,1,32,8,2,7,1,0,0,1,1,0.375,2.5,27,9.0,8,1,1,8,1.0,8.0,5,主場,勝,中幅勝,中等得分,低失分,領先守成型,攻勢受阻,壓制力強,10,中職2024年,251.0,2024-10-05 16:28,新北市立新莊棒球場,味全龍,True,3.0,1.0,2.0,True,主場,勝,小勝,中等得分,低失分,0.0,1.0,2.0,True,False,True,後段追分型,32.0,8.0,2.0,7.0,1.0,0.0,0.0,1.0,1.0,0.375,2.5,穩定攻擊,27.0,9.0,8.0,1.0,1.0,8.0,1.0,8.0,5.0,壓制力強
622,CPBL-2024-xa-227,中職2024年,2024,227,2024-10-05 17:05:00,臺中市洲際棒球場,v0.1.0-2024,G1-G360 regular season,https://github.com/rebas-tw/rebas.tw-open-data/releases/download/v0.1.0-2024/CPBL-2024-OpenData.zip,CPBL-2024-OpenData/CPBL-2024-OpenData.json,統一7-ELEVEn獅,中信兄弟,False,5,4,1,1,0,4,1,0,0,0,35,10,4,4,4,0,0,4,4,0.5,11.0,27,9.0,8,5,1,2,1.4444444444444444,0.4,-8,客場,勝,小勝,中等得分,中等失分,後段逆轉型,火力強勢,失分偏高,10,中職2024年,227.0,2024-10-05 17:05,臺中市洲際棒球場,中信兄弟,False,5.0,4.0,1.0,True,客場,勝,小勝,中等得分,中等失分,0.0,4.0,1.0,False,False,False,後段逆轉型,35.0,10.0,4.0,4.0,4.0,0.0,0.0,4.0,4.0,0.5,11.0,穩定攻擊,27.0,9.0,8.0,5.0,1.0,2.0,1.44444444444444,0.4,-8.0,普通防守
623,CPBL-2024-xa-227,中職2024年,2024,227,2024-10-05 17:05:00,臺中市洲際棒球場,v0.1.0-2024,G1-G360 regular season,https://github.com/rebas-tw/rebas.tw-open-data/releases/download/v0.1.0-2024/CPBL-2024-OpenData.zip,CPBL-2024-OpenData/CPBL-2024-OpenData.json,中信兄弟,統一7-ELEVEn獅,True,4,5,-1,0,2,2,0,1,1,0,34,8,5,2,1,0,1,2,4,0.5,10.0,27,9.0,10,4,0,4,1.5555555555555556,1.0,-5,主場,敗,小敗,中等得分,中等失分,一般拉鋸型,火力強勢,失分偏高,10,中職2024年,227.0,2024-10-05 17:05,臺中市洲際棒球場,統一7-ELEVEn獅,True,4.0,5.0,-1.0,False,主場,敗,小敗,中等得分,中等失分,2.0,2.0,0.0,True,True,False,拉鋸型,34.0,8.0,5.0,2.0,1.0,0.0,1.0,2.0,4.0,0.5,10.0,穩定攻擊,27.0,9.0,10.0,4.0,0.0,4.0,1.55555555555556,1.0,-5.0,失分偏高
624,CPBL-2024-xa-230,中職2024年,2024,230,2024-10-01 18:35:00,新北市立新莊棒球場,v0.1.0-2024,G1-G360 regular season,https://github.com/rebas-tw/rebas.tw-open-data/releases/download/v0.1.0-2024/CPBL-2024-OpenData.zip,CPBL-2024-OpenData/CPBL-2024-OpenData.json,樂天桃猿,富邦悍將,False,6,2,4,1,1,0,5,1,1,0,40,15,3,1,1,0,1,2,4,0.4,10.5,27,9.0,7,1,1,4,0.8888888888888888,4.0,0,客場,勝,中幅勝,高得分,低失分,後段逆轉型,火力強勢,穩定守成,10,中職2024年,230.0,2024-10-01 18:35,新北市立新莊棒球場,富邦悍將,False,6.0,2.0,4.0,True,客場,勝,小勝,高得分,低失分,1.0,0.0,5.0,True,True,False,後段逆轉型,40.0,15.0,3.0,1.0,1.0,0.0,1.0,2.0,4.0,0.4,10.5,穩定攻擊,27.0,9.0,7.0,1.0,1.0,4.0,0.888888888888889,4.0,0.0,壓制力強
625,CPBL-2024-xa-230,中職2024年,2024,230,2024-10-01 18:35:00,新北市立新莊棒球場,v0.1.0-2024,G1-G360 regular season,https://github.com/rebas-tw/rebas.tw-open-data/releases/download/v0.1.0-2024/CPBL-2024-OpenData.zip,CPBL-2024-OpenData/CPBL-2024-OpenData.json,富邦悍將,樂天桃猿,True,2,6,-4,0,0,1,1,0,0,0,33,7,1,4,1,0,1,2,4,0.2857142857142857,3.0,27,9.0,15,3,1,1,2.0,0.3333333333333333,-9,主場,敗,大敗,低得分,高失分,一般拉鋸型,穩定攻擊,失分偏高,10,中職2024年,230.0,2024-10-01 18:35,新北市立新莊棒球場,樂天桃猿,True,2.0,6.0,-4.0,False,主場,敗,小敗,低得分,高失分,0.0,1.0,1.0,False,False,False,被壓制型,33.0,7.0,1.0,4.0,1.0,0.0,1.0,2.0,4.0,0.285714285714286,3.0,低效進攻,27.0,9.0,15.0,3.0,1.0,1.0,2.0,0.333333333333333,-9.0,投打被突破
626,CPBL-2024-xa-215,中職2024年,2024,215,2024-10-01 18:35:00,臺中市洲際棒球場,v0.1.0-2024,G1-G360 regular season,https://github.com/rebas-tw/rebas.tw-open-data/releases/download/v0.1.0-2024/CPBL-2024-OpenData.zip,CPBL-2024-OpenData/CPBL-2024-OpenData.json,台鋼雄鷹,中信兄弟,False,4,8,-4,0,3,0,1,1,0,0,34,9,1,6,2,0,0,2,2,0.4444444444444444,4.0,24,8.0,11,7,0,6,2.25,0.8571428571428571,-9,客場,敗,大敗,中等得分,高失分,一般拉鋸型,穩定攻擊,失分偏高,10,中職2024年,215.0,2024-10-01 18:35,臺中市洲際棒球場,中信兄弟,False,4.0,8.0,-4.0,False,客場,敗,小敗,中等得分,高失分,3.0,0.0,1.0,True,False,False,被壓制型,34.0,9.0,1.0,6.0,2.0,0.0,0.0,2.0,2.0,0.444444444444444,4.0,穩定攻擊,24.0,8.0,11.0,7.0,0.0,6.0,2.25,0.857142857142857,-9.0,投打被突破
627,CPBL-2024-xa-215,中職2024年,2024,215,2024-10-01 18:35:00,臺中市洲際棒球場,v0.1.0-2024,G1-G360 regular season,https://github.com/rebas-tw/rebas.tw-open-data/releases/download/v0.1.0-2024/CPBL-2024-OpenData.zip,CPBL-2024-OpenData/CPBL-2024-OpenData.json,中信兄弟,台鋼雄鷹,True,8,4,4,1,6,2,0,0,1,1,31,11,7,6,3,1,0,4,5,0.7272727272727273,16.0,27,9.0,9,1,0,6,1.1111111111111112,6.0,1,主場,勝,中幅勝,高得分,中等失分,領先守成型,火力強勢,穩定守成,10,中職2024年,215.0,2024-10-01 18:35,臺中市洲際棒球場,台鋼雄鷹,True,8.0,4.0,4.0,True,主場,勝,小勝,高得分,中等失分,6.0,2.0,0.0,False,True,True,全場壓制型,31.0,11.0,7.0,6.0,3.0,1.0,0.0,4.0,5.0,0.727272727272727,16.0,火力強勢,27.0,9.0,9.0,1.0,0.0,6.0,1.11111111111111,6.0,1.0,穩定守成
628,CPBL-2024-xa-360,中職2024年,2024,360,2024-09-29 17:05:00,臺北大巨蛋,v0.1.0-2024,G1-G360 regular season,https://github.com/rebas-tw/rebas.tw-open-data/releases/download/v0.1.0-2024/CPBL-2024-OpenData.zip,CPBL-2024-OpenData/CPBL-2024-OpenData.json,富邦悍將,味全龍,False,2,3,-1,0,0,0,2,0,0,0,36,6,7,6,1,1,0,2,3,0.3333333333333333,8.0,30,10.0,10,1,0,12,1.1,12.0,8,客場,敗,小敗,低得分,中等失分,一般拉鋸型,火力強勢,壓制力強,9,中職2024年,360.0,2024-09-29 17:05,臺北大巨蛋,味全龍,False,2.0,3.0,-1.0,False,客場,敗,小敗,低得分,中等失分,0.0,0.0,2.0,False,False,False,被壓制型,36.0,6.0,7.0,6.0,1.0,1.0,0.0,2.0,3.0,0.333333333333333,8.0,低效進攻,30.0,10.0,10.0,1.0,0.0,12.0,1.1,12.0,8.0,穩定守成
629,CPBL-2024-xa-360,中職2024年,2024,360,2024-09-29 17:05:00,臺北大巨蛋,v0.1.0-2024,G1-G360 regular season,https://github.com/rebas-tw/rebas.tw-open-data/releases/download/v0.1.0-2024/CPBL-2024-OpenData.zip,CPBL-2024-OpenData/CPBL-2024-OpenData.json,味全龍,富邦悍將,True,3,2,1,1,1,0,1,1,1,1,38,10,1,12,1,1,0,2,3,0.3,0.0,33,11.0,6,7,0,6,1.1818181818181819,0.8571428571428571,-3,主場,勝,小勝,中等得分,低失分,領先守成型,攻勢受阻,穩定守成,9,中職2024年,360.0,2024-09-29 17:05,臺北大巨蛋,富邦悍將,True,3.0,2.0,1.0,True,主場,勝,小勝,中等得分,低失分,1.0,0.0,1.0,True,True,True,全場壓制型,38.0,10.0,1.0,12.0,1.0,1.0,0.0,2.0,3.0,0.3,0.0,穩定攻擊,33.0,11.0,6.0,7.0,0.0,6.0,1.18181818181818,0.857142857142857,-3.0,壓制力強
630,CPBL-2024-xa-359,中職2024年,2024,359,2024-09-29 16:51:00,樂天桃園棒球場,v0.1.0-2024,G1-G360 regular season,https://github.com/rebas-tw/rebas.tw-open-data/releases/download/v0.1.0-2024/CPBL-2024-OpenData.zip,CPBL-2024-OpenData/CPBL-2024-OpenData.json,中信兄弟,樂天桃猿,False,8,5,3,1,2,0,6,1,1,0,34,12,5,6,4,0,2,6,10,0.6666666666666666,16.0,27,9.0,12,3,2,6,1.6666666666666667,2.0,-4,客場,勝,中幅勝,高得分,中等失分,後段逆轉型,火力強勢,失分偏高,9,中職2024年,359.0,2024-09-29 16:51,樂天桃園棒球場,樂天桃猿,False,8.0,5.0,3.0,True,客場,勝,小勝,高得分,中等失分,2.0,0.0,6.0,True,True,False,後段逆轉型,34.0,12.0,5.0,6.0,4.0,0.0,2.0,6.0,10.0,0.666666666666667,16.0,火力強勢,27.0,9.0,12.0,3.0,2.0,6.0,1.66666666666667,2.0,-4.0,失分偏高
631,CPBL-2024-xa-359,中職2024年,2024,359,2024-09-29 16:51:00,樂天桃園棒球場,v0.1.0-2024,G1-G360 regular season,https://github.com/rebas-tw/rebas.tw-open-data/releases/download/v0.1.0-2024/CPBL-2024-OpenData.zip,CPBL-2024-OpenData/CPBL-2024-OpenData.json,樂天桃猿,中信兄弟,True,5,8,-3,0,0,2,3,0,0,0,39,12,3,6,1,0,2,3,7,0.4166666666666667,8.0,27,9.0,12,5,2,6,1.8888888888888888,1.2,-9,主場,敗,小敗,中等得分,高失分,一般拉鋸型,火力強勢,失分偏高,9,中職2024年,359.0,2024-09-29 16:51,樂天桃園棒球場,中信兄弟,True,5.0,8.0,-3.0,False,主場,敗,小敗,中等得分,高失分,0.0,2.0,3.0,False,False,False,被壓制型,39.0,12.0,3.0,6.0,1.0,0.0,2.0,3.0,7.0,0.416666666666667,8.0,穩定攻擊,27.0,9.0,12.0,5.0,2.0,6.0,1.88888888888889,1.2,-9.0,投打被突破
632,CPBL-2024-xa-358,中職2024年,2024,358,2024-09-29 17:05:00,臺南市立棒球場,v0.1.0-2024,G1-G360 regular season,https://github.com/rebas-tw/rebas.tw-open-data/releases/download/v0.1.0-2024/CPBL-2024-OpenData.zip,CPBL-2024-OpenData/CPBL-2024-OpenData.json,台鋼雄鷹,統一7-ELEVEn獅,False,4,2,2,1,1,0,0,1,1,1,35,7,4,4,1,0,0,1,1,0.5714285714285714,7.0,30,10.0,6,4,0,3,1.0,0.75,-3,客場,勝,中幅勝,中等得分,低失分,領先守成型,穩定攻擊,穩定守成,9,中職2024年,358.0,2024-09-29 17:05,臺南市立棒球場,統一7-ELEVEn獅,False,4.0,2.0,2.0,True,客場,勝,小勝,中等得分,低失分,1.0,0.0,0.0,True,True,True,全場壓制型,35.0,7.0,4.0,4.0,1.0,0.0,0.0,1.0,1.0,0.571428571428571,7.0,零星攻勢,30.0,10.0,6.0,4.0,0.0,3.0,1.0,0.75,-3.0,壓制力強
633,CPBL-2024-xa-358,中職2024年,2024,358,2024-09-29 17:05:00,臺南市立棒球場,v0.1.0-2024,G1-G360 regular season,https://github.com/rebas-tw/rebas.tw-open-data/releases/download/v0.1.0-2024/CPBL-2024-OpenData.zip,CPBL-2024-OpenData/CPBL-2024-OpenData.json,統一7-ELEVEn獅,台鋼雄鷹,True,2,4,-2,0,0,0,1,0,0,0,32,6,4,3,1,0,0,1,1,0.3333333333333333,5.5,30,10.0,7,4,0,4,1.1,1.0,-4,主場,敗,小敗,低得分,中等失分,一般拉鋸型,穩定攻擊,失分偏高,9,中職2024年,358.0,2024-09-29 17:05,臺南市立棒球場,台鋼雄鷹,True,2.0,4.0,-2.0,False,主場,敗,小敗,低得分,中等失分,0.0,0.0,1.0,False,False,False,被壓制型,32.0,6.0,4.0,3.0,1.0,0.0,0.0,1.0,1.0,0.333333333333333,5.5,低效進攻,30.0,10.0,7.0,4.0,0.0,4.0,1.1,1.0,-4.0,普通防守
634,CPBL-2024-xa-357,中職2024年,2024,357,2024-09-28 17:05:00,臺北市立天母棒球場,v0.1.0-2024,G1-G360 regular season,https://github.com/rebas-tw/rebas.tw-open-data/releases/download/v0.1.0-2024/CPBL-2024-OpenData.zip,CPBL-2024-OpenData/CPBL-2024-OpenData.json,富邦悍將,味全龍,False,7,3,4,1,1,2,0,1,1,1,41,13,3,7,3,0,1,4,6,0.5384615384615384,10.5,30,10.0,6,5,0,11,1.1,2.2,3,客場,勝,中幅勝,高得分,中等失分,領先守成型,火力強勢,壓制力強,9,中職2024年,357.0,2024-09-28 17:05,臺北市立天母棒球場,味全龍,False,7.0,3.0,4.0,True,客場,勝,小勝,高得分,中等失分,1.0,2.0,0.0,True,True,True,全場壓制型,41.0,13.0,3.0,7.0,3.0,0.0,1.0,4.0,6.0,0.538461538461538,10.5,火力強勢,30.0,10.0,6.0,5.0,0.0,11.0,1.1,2.2,3.0,穩定守成
635,CPBL-2024-xa-357,中職2024年,2024,357,2024-09-28 17:05:00,臺北市立天母棒球場,v0.1.0-2024,G1-G360 regular season,https://github.com/rebas-tw/rebas.tw-open-data/releases/download/v0.1.0-2024/CPBL-2024-OpenData.zip,CPBL-2024-OpenData/CPBL-2024-OpenData.json,味全龍,富邦悍將,True,3,7,-4,0,0,1,2,0,0,0,36,6,5,11,1,1,0,2,3,0.5,4.5,30,10.0,13,3,1,7,1.6,2.3333333333333335,-4,主場,敗,大敗,中等得分,高失分,一般拉鋸型,穩定攻擊,失分偏高,9,中職2024年,357.0,2024-09-28 17:05,臺北市立天母棒球場,富邦悍將,True,3.0,7.0,-4.0,False,主場,敗,小敗,中等得分,高失分,0.0,1.0,2.0,False,False,False,被壓制型,36.0,6.0,5.0,11.0,1.0,1.0,0.0,2.0,3.0,0.5,4.5,零星攻勢,30.0,10.0,13.0,3.0,1.0,7.0,1.6,2.33333333333333,-4.0,失分偏高
636,CPBL-2024-xa-356,中職2024年,2024,356,2024-09-28 16:45:00,樂天桃園棒球場,v0.1.0-2024,G1-G360 regular season,https://github.com/rebas-tw/rebas.tw-open-data/releases/download/v0.1.0-2024/CPBL-2024-OpenData.zip,CPBL-2024-OpenData/CPBL-2024-OpenData.json,中信兄弟,樂天桃猿,False,1,0,1,1,0,0,1,1,0,0,32,6,3,6,2,0,0,2,2,0.16666666666666666,3.0,27,9.0,7,0,0,7,0.7777777777777778,7.0,7,客場,勝,小勝,低得分,低失分,後段逆轉型,穩定攻擊,壓制力強,9,中職2024年,356.0,2024-09-28 16:45,樂天桃園棒球場,樂天桃猿,False,1.0,0.0,1.0,True,客場,勝,小勝,低得分,低失分,0.0,0.0,1.0,True,False,False,後段逆轉型,32.0,6.0,3.0,6.0,2.0,0.0,0.0,2.0,2.0,0.166666666666667,3.0,低效進攻,27.0,9.0,7.0,0.0,0.0,7.0,0.777777777777778,7.0,7.0,壓制力強
637,CPBL-2024-xa-356,中職2024年,2024,356,2024-09-28 16:45:00,樂天桃園棒球場,v0.1.0-2024,G1-G360 regular season,https://github.com/rebas-tw/rebas.tw-open-data/releases/download/v0.1.0-2024/CPBL-2024-OpenData.zip,CPBL-2024-OpenData/CPBL-2024-OpenData.json,樂天桃猿,中信兄弟,True,0,1,-1,0,0,0,0,0,0,0,32,7,0,7,0,0,0,0,0,0.0,-3.5,27,9.0,6,3,0,6,1.0,2.0,2,主場,敗,小敗,低得分,低失分,一般拉鋸型,攻勢受阻,壓制力強,9,中職2024年,356.0,2024-09-28 16:45,樂天桃園棒球場,中信兄弟,True,0.0,1.0,-1.0,False,主場,敗,小敗,低得分,低失分,0.0,0.0,0.0,False,False,False,被壓制型,32.0,7.0,0.0,7.0,0.0,0.0,0.0,0.0,0.0,0.0,-3.5,低效進攻,27.0,9.0,6.0,3.0,0.0,6.0,1.0,2.0,2.0,壓制力強
638,CPBL-2024-xa-355,中職2024年,2024,355,2024-09-28 17:05:00,臺北大巨蛋,v0.1.0-2024,G1-G360 regular season,https://github.com/rebas-tw/rebas.tw-open-data/releases/download/v0.1.0-2024/CPBL-2024-OpenData.zip,CPBL-2024-OpenData/CPBL-2024-OpenData.json,台鋼雄鷹,統一7-ELEVEn獅,False,4,0,4,1,2,2,0,1,1,1,33,7,0,2,2,0,1,3,5,0.5714285714285714,6.0,27,9.0,4,0,0,6,0.4444444444444444,6.0,6,客場,勝,中幅勝,中等得分,低失分,領先守成型,穩定攻擊,壓制力強,9,中職2024年,355.0,2024-09-28 17:05,臺北大巨蛋,統一7-ELEVEn獅,False,4.0,0.0,4.0,True,客場,勝,小勝,中等得分,低失分,2.0,2.0,0.0,True,True,True,全場壓制型,33.0,7.0,0.0,2.0,2.0,0.0,1.0,3.0,5.0,0.571428571428571,6.0,零星攻勢,27.0,9.0,4.0,0.0,0.0,6.0,0.444444444444444,6.0,6.0,壓制力強
639,CPBL-2024-xa-355,中職2024年,2024,355,2024-09-28 17:05:00,臺北大巨蛋,v0.1.0-2024,G1-G360 regular season,https://github.com/rebas-tw/rebas.tw-open-data/releases/download/v0.1.0-2024/CPBL-2024-OpenData.zip,CPBL-2024-OpenData/CPBL-2024-OpenData.json,統一7-ELEVEn獅,台鋼雄鷹,True,0,4,-4,0,0,0,0,0,0,0,31,4,0,6,1,0,0,1,1,0.0,-2.0,27,9.0,7,0,1,2,0.7777777777777778,2.0,-3,主場,敗,大敗,低得分,中等失分,一般拉鋸型,攻勢受阻,穩定守成,9,中職2024年,355.0,2024-09-28 17:05,臺北大巨蛋,台鋼雄鷹,True,0.0,4.0,-4.0,False,主場,敗,小敗,低得分,中等失分,0.0,0.0,0.0,False,False,False,被壓制型,31.0,4.0,0.0,6.0,1.0,0.0,0.0,1.0,1.0,0.0,-2.0,低效進攻,27.0,9.0,7.0,0.0,1.0,2.0,0.777777777777778,2.0,-3.0,普通防守
640,CPBL-2024-xa-354,中職2024年,2024,354,2024-09-27 18:36:00,臺北市立天母棒球場,v0.1.0-2024,G1-G360 regular season,https://github.com/rebas-tw/rebas.tw-open-data/releases/download/v0.1.0-2024/CPBL-2024-OpenData.zip,CPBL-2024-OpenData/CPBL-2024-OpenData.json,統一7-ELEVEn獅,味全龍,False,3,1,2,1,0,0,3,0,0,0,33,6,1,13,2,1,0,3,4,0.5,0.5,27,9.0,8,2,0,9,1.1111111111111112,4.5,6,客場,勝,中幅勝,中等得分,低失分,後段逆轉型,攻勢受阻,壓制力強,9,中職2024年,354.0,2024-09-27 18:36,臺北市立天母棒球場,味全龍,False,3.0,1.0,2.0,True,客場,勝,小勝,中等得分,低失分,0.0,0.0,3.0,False,False,False,後段逆轉型,33.0,6.0,1.0,13.0,2.0,1.0,0.0,3.0,4.0,0.5,0.5,零星攻勢,27.0,9.0,8.0,2.0,0.0,9.0,1.11111111111111,4.5,6.0,壓制力強
641,CPBL-2024-xa-354,中職2024年,2024,354,2024-09-27 18:36:00,臺北市立天母棒球場,v0.1.0-2024,G1-G360 regular season,https://github.com/rebas-tw/rebas.tw-open-data/releases/download/v0.1.0-2024/CPBL-2024-OpenData.zip,CPBL-2024-OpenData/CPBL-2024-OpenData.json,味全龍,統一7-ELEVEn獅,True,1,3,-2,0,0,1,0,1,0,1,34,8,2,9,1,0,0,1,1,0.125,-0.5,27,9.0,6,1,0,13,0.7777777777777778,13.0,9,主場,敗,小敗,低得分,中等失分,後段失守型,攻勢受阻,壓制力強,9,中職2024年,354.0,2024-09-27 18:36,臺北市立天母棒球場,統一7-ELEVEn獅,True,1.0,3.0,-2.0,False,主場,敗,小敗,低得分,中等失分,0.0,1.0,0.0,True,False,True,拉鋸型,34.0,8.0,2.0,9.0,1.0,0.0,0.0,1.0,1.0,0.125,-0.5,攻勢受阻,27.0,9.0,6.0,1.0,0.0,13.0,0.777777777777778,13.0,9.0,穩定守成
642,CPBL-2024-xa-353,中職2024年,2024,353,2024-09-27 18:36:00,新北市立新莊棒球場,v0.1.0-2024,G1-G360 regular season,https://github.com/rebas-tw/rebas.tw-open-data/releases/download/v0.1.0-2024/CPBL-2024-OpenData.zip,CPBL-2024-OpenData/CPBL-2024-OpenData.json,樂天桃猿,富邦悍將,False,8,5,3,1,2,3,3,0,0,1,36,13,4,6,1,0,1,2,4,0.6153846153846154,11.0,27,9.0,9,2,1,6,1.2222222222222223,3.0,-2,客場,勝,中幅勝,高得分,中等失分,領先守成型,火力強勢,穩定守成,9,中職2024年,353.0,2024-09-27 18:36,新北市立新莊棒球場,富邦悍將,False,8.0,5.0,3.0,True,客場,勝,小勝,高得分,中等失分,2.0,3.0,3.0,False,False,True,後段追分型,36.0,13.0,4.0,6.0,1.0,0.0,1.0,2.0,4.0,0.615384615384615,11.0,穩定攻擊,27.0,9.0,9.0,2.0,1.0,6.0,1.22222222222222,3.0,-2.0,失分偏高
643,CPBL-2024-xa-353,中職2024年,2024,353,2024-09-27 18:36:00,新北市立新莊棒球場,v0.1.0-2024,G1-G360 regular season,https://github.com/rebas-tw/rebas.tw-open-data/releases/download/v0.1.0-2024/CPBL-2024-OpenData.zip,CPBL-2024-OpenData/CPBL-2024-OpenData.json,富邦悍將,樂天桃猿,True,5,8,-3,0,3,0,2,0,1,0,35,9,2,6,0,0,1,1,3,0.5555555555555556,5.0,27,9.0,13,4,1,6,1.8888888888888888,1.5,-7,主場,敗,小敗,中等得分,高失分,一般拉鋸型,穩定攻擊,失分偏高,9,中職2024年,353.0,2024-09-27 18:36,新北市立新莊棒球場,樂天桃猿,True,5.0,8.0,-3.0,False,主場,敗,小敗,中等得分,高失分,3.0,0.0,2.0,False,True,False,拉鋸型,35.0,9.0,2.0,6.0,0.0,0.0,1.0,1.0,3.0,0.555555555555556,5.0,穩定攻擊,27.0,9.0,13.0,4.0,1.0,6.0,1.88888888888889,1.5,-7.0,投打被突破
644,CPBL-2024-xa-352,中職2024年,2024,352,2024-09-27 18:35:00,臺中市洲際棒球場,v0.1.0-2024,G1-G360 regular season,https://github.com/rebas-tw/rebas.tw-open-data/releases/download/v0.1.0-2024/CPBL-2024-OpenData.zip,CPBL-2024-OpenData/CPBL-2024-OpenData.json,台鋼雄鷹,中信兄弟,False,6,5,1,1,0,6,0,0,0,1,34,7,1,8,1,0,0,1,1,0.8571428571428571,4.0,27,9.0,6,5,1,6,1.2222222222222223,1.2,-5,客場,勝,小勝,高得分,中等失分,領先守成型,穩定攻擊,失分偏高,9,中職2024年,352.0,2024-09-27 18:35,臺中市洲際棒球場,中信兄弟,False,6.0,5.0,1.0,True,客場,勝,小勝,高得分,中等失分,0.0,6.0,0.0,False,False,True,拉鋸型,34.0,7.0,1.0,8.0,1.0,0.0,0.0,1.0,1.0,0.857142857142857,4.0,零星攻勢,27.0,9.0,6.0,5.0,1.0,6.0,1.22222222222222,1.2,-5.0,失分偏高
645,CPBL-2024-xa-352,中職2024年,2024,352,2024-09-27 18:35:00,臺中市洲際棒球場,v0.1.0-2024,G1-G360 regular season,https://github.com/rebas-tw/rebas.tw-open-data/releases/download/v0.1.0-2024/CPBL-2024-OpenData.zip,CPBL-2024-OpenData/CPBL-2024-OpenData.json,中信兄弟,台鋼雄鷹,True,5,6,-1,0,3,2,0,1,1,0,31,6,5,6,2,0,1,3,5,0.8333333333333334,10.0,27,9.0,7,1,0,8,0.8888888888888888,8.0,1,主場,敗,小敗,中等得分,高失分,一般拉鋸型,火力強勢,穩定守成,9,中職2024年,352.0,2024-09-27 18:35,臺中市洲際棒球場,台鋼雄鷹,True,5.0,6.0,-1.0,False,主場,敗,小敗,中等得分,高失分,3.0,2.0,0.0,True,True,False,拉鋸型,31.0,6.0,5.0,6.0,2.0,0.0,1.0,3.0,5.0,0.833333333333333,10.0,零星攻勢,27.0,9.0,7.0,1.0,0.0,8.0,0.888888888888889,8.0,1.0,失分偏高
646,CPBL-2024-xa-351,中職2024年,2024,351,2024-09-26 18:35:00,臺北市立天母棒球場,v0.1.0-2024,G1-G360 regular season,https://github.com/rebas-tw/rebas.tw-open-data/releases/download/v0.1.0-2024/CPBL-2024-OpenData.zip,CPBL-2024-OpenData/CPBL-2024-OpenData.json,統一7-ELEVEn獅,味全龍,False,2,6,-4,0,0,2,0,0,0,0,35,7,4,8,1,0,1,2,4,0.2857142857142857,4.0,24,8.0,6,2,2,8,1.0,4.0,-2,客場,敗,大敗,低得分,高失分,一般拉鋸型,穩定攻擊,穩定守成,9,中職2024年,351.0,2024-09-26 18:35,臺北市立天母棒球場,味全龍,False,2.0,6.0,-4.0,False,客場,敗,小敗,低得分,高失分,0.0,2.0,0.0,False,False,False,被壓制型,35.0,7.0,4.0,8.0,1.0,0.0,1.0,2.0,4.0,0.285714285714286,4.0,攻勢受阻,24.0,8.0,6.0,2.0,2.0,8.0,1.0,4.0,-2.0,失分偏高
647,CPBL-2024-xa-351,中職2024年,2024,351,2024-09-26 18:35:00,臺北市立天母棒球場,v0.1.0-2024,G1-G360 regular season,https://github.com/rebas-tw/rebas.tw-open-data/releases/download/v0.1.0-2024/CPBL-2024-OpenData.zip,CPBL-2024-OpenData/CPBL-2024-OpenData.json,味全龍,統一7-ELEVEn獅,True,6,2,4,1,3,3,0,1,1,1,30,6,2,8,0,1,2,3,8,1.0,7.0,27,9.0,7,4,1,8,1.2222222222222223,2.0,1,主場,勝,中幅勝,高得分,低失分,領先守成型,穩定攻擊,穩定守成,9,中職2024年,351.0,2024-09-26 18:35,臺北市立天母棒球場,統一7-ELEVEn獅,True,6.0,2.0,4.0,True,主場,勝,小勝,高得分,低失分,3.0,3.0,0.0,True,True,True,全場壓制型,30.0,6.0,2.0,8.0,0.0,1.0,2.0,3.0,8.0,1.0,7.0,火力強勢,27.0,9.0,7.0,4.0,1.0,8.0,1.22222222222222,2.0,1.0,穩定守成
648,CPBL-2024-xa-350,中職2024年,2024,350,2024-09-26 18:35:00,新北市立新莊棒球場,v0.1.0-2024,G1-G360 regular season,https://github.com/rebas-tw/rebas.tw-open-data/releases/download/v0.1.0-2024/CPBL-2024-OpenData.zip,CPBL-2024-OpenData/CPBL-2024-OpenData.json,樂天桃猿,富邦悍將,False,10,6,4,1,5,0,5,1,1,0,37,12,3,8,0,1,1,2,5,0.8333333333333334,11.0,27,9.0,13,3,0,11,1.7777777777777777,3.6666666666666665,2,客場,勝,中幅勝,高得分,高失分,後段逆轉型,火力強勢,壓制力強,9,中職2024年,350.0,2024-09-26 18:35,新北市立新莊棒球場,富邦悍將,False,10.0,6.0,4.0,True,客場,勝,小勝,高得分,高失分,5.0,0.0,5.0,True,True,False,後段逆轉型,37.0,12.0,3.0,8.0,0.0,1.0,1.0,2.0,5.0,0.833333333333333,11.0,穩定攻擊,27.0,9.0,13.0,3.0,0.0,11.0,1.77777777777778,3.66666666666667,2.0,失分偏高
649,CPBL-2024-xa-350,中職2024年,2024,350,2024-09-26 18:35:00,新北市立新莊棒球場,v0.1.0-2024,G1-G360 regular season,https://github.com/rebas-tw/rebas.tw-open-data/releases/download/v0.1.0-2024/CPBL-2024-OpenData.zip,CPBL-2024-OpenData/CPBL-2024-OpenData.json,富邦悍將,樂天桃猿,True,6,10,-4,0,2,4,0,0,0,1,41,13,3,11,1,1,0,2,3,0.46153846153846156,5.5,27,9.0,12,3,1,8,1.6666666666666667,2.6666666666666665,-6,主場,敗,大敗,高得分,高失分,後段失守型,穩定攻擊,失分偏高,9,中職2024年,350.0,2024-09-26 18:35,新北市立新莊棒球場,樂天桃猿,True,6.0,10.0,-4.0,False,主場,敗,小敗,高得分,高失分,2.0,4.0,0.0,False,False,True,拉鋸型,41.0,13.0,3.0,11.0,1.0,1.0,0.0,2.0,3.0,0.461538461538462,5.5,穩定攻擊,27.0,9.0,12.0,3.0,1.0,8.0,1.66666666666667,2.66666666666667,-6.0,失分偏高
650,CPBL-2024-xa-349,中職2024年,2024,349,2024-09-26 18:35:00,臺中市洲際棒球場,v0.1.0-2024,G1-G360 regular season,https://github.com/rebas-tw/rebas.tw-open-data/releases/download/v0.1.0-2024/CPBL-2024-OpenData.zip,CPBL-2024-OpenData/CPBL-2024-OpenData.json,台鋼雄鷹,中信兄弟,False,2,3,-1,0,0,0,2,0,0,0,34,7,2,7,1,1,0,2,3,0.2857142857142857,2.5,24,8.0,6,4,0,4,1.25,1.0,-3,客場,敗,小敗,低得分,中等失分,一般拉鋸型,攻勢受阻,穩定守成,9,中職2024年,349.0,2024-09-26 18:35,臺中市洲際棒球場,中信兄弟,False,2.0,3.0,-1.0,False,客場,敗,小敗,低得分,中等失分,0.0,0.0,2.0,False,False,False,被壓制型,34.0,7.0,2.0,7.0,1.0,1.0,0.0,2.0,3.0,0.285714285714286,2.5,低效進攻,24.0,8.0,6.0,4.0,0.0,4.0,1.25,1.0,-3.0,普通防守
651,CPBL-2024-xa-349,中職2024年,2024,349,2024-09-26 18:35:00,臺中市洲際棒球場,v0.1.0-2024,G1-G360 regular season,https://github.com/rebas-tw/rebas.tw-open-data/releases/download/v0.1.0-2024/CPBL-2024-OpenData.zip,CPBL-2024-OpenData/CPBL-2024-OpenData.json,中信兄弟,台鋼雄鷹,True,3,2,1,1,1,1,1,1,1,1,27,6,4,4,0,0,0,0,0,0.5,5.0,27,9.0,7,2,0,7,1.0,3.5,3,主場,勝,小勝,中等得分,低失分,領先守成型,穩定攻擊,壓制力強,9,中職2024年,349.0,2024-09-26 18:35,臺中市洲際棒球場,台鋼雄鷹,True,3.0,2.0,1.0,True,主場,勝,小勝,中等得分,低失分,1.0,1.0,1.0,True,True,True,全場壓制型,27.0,6.0,4.0,4.0,0.0,0.0,0.0,0.0,0.0,0.5,5.0,零星攻勢,27.0,9.0,7.0,2.0,0.0,7.0,1.0,3.5,3.0,壓制力強
652,CPBL-2024-xa-348,中職2024年,2024,348,2024-09-24 18:35:00,澄清湖棒球場,v0.1.0-2024,G1-G360 regular season,https://github.com/rebas-tw/rebas.tw-open-data/releases/download/v0.1.0-2024/CPBL-2024-OpenData.zip,CPBL-2024-OpenData/CPBL-2024-OpenData.json,味全龍,台鋼雄鷹,False,1,6,-5,0,0,1,0,0,0,0,34,8,1,6,3,0,0,3,3,0.125,2.0,24,8.0,9,2,1,10,1.375,5.0,1,客場,敗,大敗,低得分,高失分,一般拉鋸型,攻勢受阻,穩定守成,9,中職2024年,348.0,2024-09-24 18:35,澄清湖棒球場,台鋼雄鷹,False,1.0,6.0,-5.0,False,客場,敗,大敗,低得分,高失分,0.0,1.0,0.0,False,False,False,被壓制型,34.0,8.0,1.0,6.0,3.0,0.0,0.0,3.0,3.0,0.125,2.0,低效進攻,24.0,8.0,9.0,2.0,1.0,10.0,1.375,5.0,1.0,失分偏高
653,CPBL-2024-xa-348,中職2024年,2024,348,2024-09-24 18:35:00,澄清湖棒球場,v0.1.0-2024,G1-G360 regular season,https://github.com/rebas-tw/rebas.tw-open-data/releases/download/v0.1.0-2024/CPBL-2024-OpenData.zip,CPBL-2024-OpenData/CPBL-2024-OpenData.json,台鋼雄鷹,味全龍,True,6,1,5,1,6,0,0,1,1,1,32,9,2,10,4,0,1,5,7,0.6666666666666666,8.0,27,9.0,8,1,0,6,1.0,6.0,4,主場,勝,大勝,高得分,低失分,領先守成型,火力強勢,壓制力強,9,中職2024年,348.0,2024-09-24 18:35,澄清湖棒球場,味全龍,True,6.0,1.0,5.0,True,主場,勝,大勝,高得分,低失分,6.0,0.0,0.0,True,True,True,全場壓制型,32.0,9.0,2.0,10.0,4.0,0.0,1.0,5.0,7.0,0.666666666666667,8.0,火力強勢,27.0,9.0,8.0,1.0,0.0,6.0,1.0,6.0,4.0,壓制力強
654,CPBL-2024-xa-347,中職2024年,2024,347,2024-09-24 18:35:00,新北市立新莊棒球場,v0.1.0-2024,G1-G360 regular season,https://github.com/rebas-tw/rebas.tw-open-data/releases/download/v0.1.0-2024/CPBL-2024-OpenData.zip,CPBL-2024-OpenData/CPBL-2024-OpenData.json,中信兄弟,富邦悍將,False,1,7,-6,0,1,0,0,1,1,0,34,7,4,6,2,0,1,3,5,0.14285714285714285,5.0,24,8.0,10,6,0,2,2.0,0.3333333333333333,-11,客場,敗,大敗,低得分,高失分,一般拉鋸型,穩定攻擊,失分偏高,9,中職2024年,347.0,2024-09-24 18:35,新北市立新莊棒球場,富邦悍將,False,1.0,7.0,-6.0,False,客場,敗,大敗,低得分,高失分,1.0,0.0,0.0,True,True,False,拉鋸型,34.0,7.0,4.0,6.0,2.0,0.0,1.0,3.0,5.0,0.142857142857143,5.0,低效進攻,24.0,8.0,10.0,6.0,0.0,2.0,2.0,0.333333333333333,-11.0,投打被突破
655,CPBL-2024-xa-347,中職2024年,2024,347,2024-09-24 18:35:00,新北市立新莊棒球場,v0.1.0-2024,G1-G360 regular season,https://github.com/rebas-tw/rebas.tw-open-data/releases/download/v0.1.0-2024/CPBL-2024-OpenData.zip,CPBL-2024-OpenData/CPBL-2024-OpenData.json,富邦悍將,中信兄弟,True,7,1,6,1,0,3,4,0,0,1,29,10,6,2,2,0,0,2,2,0.7,14.0,27,9.0,7,4,1,6,1.2222222222222223,1.5,0,主場,勝,大勝,高得分,低失分,領先守成型,火力強勢,穩定守成,9,中職2024年,347.0,2024-09-24 18:35,新北市立新莊棒球場,中信兄弟,True,7.0,1.0,6.0,True,主場,勝,大勝,高得分,低失分,0.0,3.0,4.0,False,False,True,後段追分型,29.0,10.0,6.0,2.0,2.0,0.0,0.0,2.0,2.0,0.7,14.0,穩定攻擊,27.0,9.0,7.0,4.0,1.0,6.0,1.22222222222222,1.5,0.0,穩定守成
656,CPBL-2024-xa-346,中職2024年,2024,346,2024-09-24 18:35:00,樂天桃園棒球場,v0.1.0-2024,G1-G360 regular season,https://github.com/rebas-tw/rebas.tw-open-data/releases/download/v0.1.0-2024/CPBL-2024-OpenData.zip,CPBL-2024-OpenData/CPBL-2024-OpenData.json,統一7-ELEVEn獅,樂天桃猿,False,1,1,0,0,1,0,0,0,0,0,34,5,3,10,0,0,0,0,0,0.2,-1.0,28,9.333333333333334,8,1,0,3,0.9642857142857142,3.0,1,客場,和局,平手,低得分,低失分,一般拉鋸型,攻勢受阻,穩定守成,9,中職2024年,346.0,2024-09-24 18:35,樂天桃園棒球場,樂天桃猿,False,1.0,1.0,0.0,False,客場,和局,平手,低得分,低失分,1.0,0.0,0.0,False,False,False,被壓制型,34.0,5.0,3.0,10.0,0.0,0.0,0.0,0.0,0.0,0.2,-1.0,攻勢受阻,28.0,9.33333333333333,8.0,1.0,0.0,3.0,0.964285714285714,3.0,1.0,壓制力強
657,CPBL-2024-xa-346,中職2024年,2024,346,2024-09-24 18:35:00,樂天桃園棒球場,v0.1.0-2024,G1-G360 regular season,https://github.com/rebas-tw/rebas.tw-open-data/releases/download/v0.1.0-2024/CPBL-2024-OpenData.zip,CPBL-2024-OpenData/CPBL-2024-OpenData.json,樂天桃猿,統一7-ELEVEn獅,True,1,1,0,0,1,0,0,0,0,0,33,8,1,3,1,0,0,1,1,0.125,1.5,30,10.0,5,3,0,10,0.8,3.3333333333333335,6,主場,和局,平手,低得分,低失分,一般拉鋸型,攻勢受阻,壓制力強,9,中職2024年,346.0,2024-09-24 18:35,樂天桃園棒球場,統一7-ELEVEn獅,True,1.0,1.0,0.0,False,主場,和局,平手,低得分,低失分,1.0,0.0,0.0,False,False,False,被壓制型,33.0,8.0,1.0,3.0,1.0,0.0,0.0,1.0,1.0,0.125,1.5,低效進攻,30.0,10.0,5.0,3.0,0.0,10.0,0.8,3.33333333333333,6.0,壓制力強
658,CPBL-2024-xa-343,中職2024年,2024,343,2024-09-22 17:05:00,臺北大巨蛋,v0.1.0-2024,G1-G360 regular season,https://github.com/rebas-tw/rebas.tw-open-data/releases/download/v0.1.0-2024/CPBL-2024-OpenData.zip,CPBL-2024-OpenData/CPBL-2024-OpenData.json,味全龍,中信兄弟,False,5,1,4,1,1,0,4,1,1,0,34,8,2,1,3,0,0,3,3,0.625,9.5,27,9.0,4,1,0,5,0.5555555555555556,5.0,3,客場,勝,中幅勝,中等得分,低失分,後段逆轉型,火力強勢,壓制力強,9,中職2024年,343.0,2024-09-22 17:05,臺北大巨蛋,中信兄弟,False,5.0,1.0,4.0,True,客場,勝,小勝,中等得分,低失分,1.0,0.0,4.0,True,True,False,後段逆轉型,34.0,8.0,2.0,1.0,3.0,0.0,0.0,3.0,3.0,0.625,9.5,穩定攻擊,27.0,9.0,4.0,1.0,0.0,5.0,0.555555555555556,5.0,3.0,壓制力強
659,CPBL-2024-xa-343,中職2024年,2024,343,2024-09-22 17:05:00,臺北大巨蛋,v0.1.0-2024,G1-G360 regular season,https://github.com/rebas-tw/rebas.tw-open-data/releases/download/v0.1.0-2024/CPBL-2024-OpenData.zip,CPBL-2024-OpenData/CPBL-2024-OpenData.json,中信兄弟,味全龍,True,1,5,-4,0,0,1,0,0,0,0,31,4,1,5,2,0,0,2,2,0.25,1.5,27,9.0,8,2,0,1,1.1111111111111112,0.5,-6,主場,敗,大敗,低得分,中等失分,一般拉鋸型,攻勢受阻,失分偏高,9,中職2024年,343.0,2024-09-22 17:05,臺北大巨蛋,味全龍,True,1.0,5.0,-4.0,False,主場,敗,小敗,低得分,中等失分,0.0,1.0,0.0,False,False,False,被壓制型,31.0,4.0,1.0,5.0,2.0,0.0,0.0,2.0,2.0,0.25,1.5,低效進攻,27.0,9.0,8.0,2.0,0.0,1.0,1.11111111111111,0.5,-6.0,失分偏高
660,CPBL-2024-xa-340,中職2024年,2024,340,2024-09-21 17:09:00,臺北大巨蛋,v0.1.0-2024,G1-G360 regular season,https://github.com/rebas-tw/rebas.tw-open-data/releases/download/v0.1.0-2024/CPBL-2024-OpenData.zip,CPBL-2024-OpenData/CPBL-2024-OpenData.json,味全龍,中信兄弟,False,2,4,-2,0,1,0,1,1,0,0,32,7,1,2,0,0,0,0,0,0.2857142857142857,2.0,24,8.0,7,3,0,6,1.25,2.0,-1,客場,敗,小敗,低得分,中等失分,一般拉鋸型,攻勢受阻,穩定守成,9,中職2024年,340.0,2024-09-21 17:09,臺北大巨蛋,中信兄弟,False,2.0,4.0,-2.0,False,客場,敗,小敗,低得分,中等失分,1.0,0.0,1.0,True,False,False,被壓制型,32.0,7.0,1.0,2.0,0.0,0.0,0.0,0.0,0.0,0.285714285714286,2.0,低效進攻,24.0,8.0,7.0,3.0,0.0,6.0,1.25,2.0,-1.0,普通防守
661,CPBL-2024-xa-340,中職2024年,2024,340,2024-09-21 17:09:00,臺北大巨蛋,v0.1.0-2024,G1-G360 regular season,https://github.com/rebas-tw/rebas.tw-open-data/releases/download/v0.1.0-2024/CPBL-2024-OpenData.zip,CPBL-2024-OpenData/CPBL-2024-OpenData.json,中信兄弟,味全龍,True,4,2,2,1,4,0,0,0,1,1,30,7,3,6,2,0,0,2,2,0.5714285714285714,6.0,27,9.0,7,1,0,2,0.8888888888888888,2.0,-1,主場,勝,中幅勝,中等得分,低失分,領先守成型,穩定攻擊,穩定守成,9,中職2024年,340.0,2024-09-21 17:09,臺北大巨蛋,味全龍,True,4.0,2.0,2.0,True,主場,勝,小勝,中等得分,低失分,4.0,0.0,0.0,False,True,True,全場壓制型,30.0,7.0,3.0,6.0,2.0,0.0,0.0,2.0,2.0,0.571428571428571,6.0,零星攻勢,27.0,9.0,7.0,1.0,0.0,2.0,0.888888888888889,2.0,-1.0,壓制力強
662,CPBL-2024-xa-339,中職2024年,2024,339,2024-09-20 18:35:00,澄清湖棒球場,v0.1.0-2024,G1-G360 regular season,https://github.com/rebas-tw/rebas.tw-open-data/releases/download/v0.1.0-2024/CPBL-2024-OpenData.zip,CPBL-2024-OpenData/CPBL-2024-OpenData.json,富邦悍將,台鋼雄鷹,False,3,3,0,0,2,0,1,0,0,0,32,7,4,6,1,0,0,1,1,0.42857142857142855,5.0,27,9.0,11,3,0,6,1.5555555555555556,2.0,0,客場,和局,平手,中等得分,中等失分,一般拉鋸型,穩定攻擊,穩定守成,9,中職2024年,339.0,2024-09-20 18:35,澄清湖棒球場,台鋼雄鷹,False,3.0,3.0,0.0,False,客場,和局,平手,中等得分,中等失分,2.0,0.0,1.0,False,False,False,被壓制型,32.0,7.0,4.0,6.0,1.0,0.0,0.0,1.0,1.0,0.428571428571429,5.0,零星攻勢,27.0,9.0,11.0,3.0,0.0,6.0,1.55555555555556,2.0,0.0,穩定守成
663,CPBL-2024-xa-339,中職2024年,2024,339,2024-09-20 18:35:00,澄清湖棒球場,v0.1.0-2024,G1-G360 regular season,https://github.com/rebas-tw/rebas.tw-open-data/releases/download/v0.1.0-2024/CPBL-2024-OpenData.zip,CPBL-2024-OpenData/CPBL-2024-OpenData.json,台鋼雄鷹,富邦悍將,True,3,3,0,0,2,1,0,1,0,1,36,11,3,6,2,0,0,2,2,0.2727272727272727,5.0,27,9.0,7,4,0,6,1.2222222222222223,1.5,-1,主場,和局,平手,中等得分,中等失分,後段失守型,穩定攻擊,穩定守成,9,中職2024年,339.0,2024-09-20 18:35,澄清湖棒球場,富邦悍將,True,3.0,3.0,0.0,False,主場,和局,平手,中等得分,中等失分,2.0,1.0,0.0,True,False,True,拉鋸型,36.0,11.0,3.0,6.0,2.0,0.0,0.0,2.0,2.0,0.272727272727273,5.0,穩定攻擊,27.0,9.0,7.0,4.0,0.0,6.0,1.22222222222222,1.5,-1.0,普通防守
664,CPBL-2024-xa-338,中職2024年,2024,338,2024-09-20 18:35:00,臺南市立棒球場,v0.1.0-2024,G1-G360 regular season,https://github.com/rebas-tw/rebas.tw-open-data/releases/download/v0.1.0-2024/CPBL-2024-OpenData.zip,CPBL-2024-OpenData/CPBL-2024-OpenData.json,中信兄弟,統一7-ELEVEn獅,False,6,4,2,1,3,0,3,1,1,1,33,9,1,7,1,0,2,3,7,0.6666666666666666,6.5,27,9.0,7,5,0,5,1.3333333333333333,1.0,-4,客場,勝,中幅勝,高得分,中等失分,領先守成型,穩定攻擊,失分偏高,9,中職2024年,338.0,2024-09-20 18:35,臺南市立棒球場,統一7-ELEVEn獅,False,6.0,4.0,2.0,True,客場,勝,小勝,高得分,中等失分,3.0,0.0,3.0,True,True,True,全場壓制型,33.0,9.0,1.0,7.0,1.0,0.0,2.0,3.0,7.0,0.666666666666667,6.5,火力強勢,27.0,9.0,7.0,5.0,0.0,5.0,1.33333333333333,1.0,-4.0,普通防守
665,CPBL-2024-xa-338,中職2024年,2024,338,2024-09-20 18:35:00,臺南市立棒球場,v0.1.0-2024,G1-G360 regular season,https://github.com/rebas-tw/rebas.tw-open-data/releases/download/v0.1.0-2024/CPBL-2024-OpenData.zip,CPBL-2024-OpenData/CPBL-2024-OpenData.json,統一7-ELEVEn獅,中信兄弟,True,4,6,-2,0,0,0,4,0,0,0,32,7,5,5,0,0,0,0,0,0.5714285714285714,6.5,27,9.0,9,1,2,7,1.1111111111111112,7.0,-2,主場,敗,小敗,中等得分,高失分,一般拉鋸型,穩定攻擊,穩定守成,9,中職2024年,338.0,2024-09-20 18:35,臺南市立棒球場,中信兄弟,True,4.0,6.0,-2.0,False,主場,敗,小敗,中等得分,高失分,0.0,0.0,4.0,False,False,False,被壓制型,32.0,7.0,5.0,5.0,0.0,0.0,0.0,0.0,0.0,0.571428571428571,6.5,零星攻勢,27.0,9.0,9.0,1.0,2.0,7.0,1.11111111111111,7.0,-2.0,失分偏高
666,CPBL-2024-xa-337,中職2024年,2024,337,2024-09-20 18:36:00,樂天桃園棒球場,v0.1.0-2024,G1-G360 regular season,https://github.com/rebas-tw/rebas.tw-open-data/releases/download/v0.1.0-2024/CPBL-2024-OpenData.zip,CPBL-2024-OpenData/CPBL-2024-OpenData.json,味全龍,樂天桃猿,False,1,7,-6,0,0,1,0,0,0,0,34,8,0,7,3,0,0,3,3,0.125,0.5,24,8.0,10,4,1,2,1.75,0.5,-10,客場,敗,大敗,低得分,高失分,一般拉鋸型,攻勢受阻,失分偏高,9,中職2024年,337.0,2024-09-20 18:36,樂天桃園棒球場,樂天桃猿,False,1.0,7.0,-6.0,False,客場,敗,大敗,低得分,高失分,0.0,1.0,0.0,False,False,False,被壓制型,34.0,8.0,0.0,7.0,3.0,0.0,0.0,3.0,3.0,0.125,0.5,低效進攻,24.0,8.0,10.0,4.0,1.0,2.0,1.75,0.5,-10.0,失分偏高
667,CPBL-2024-xa-337,中職2024年,2024,337,2024-09-20 18:36:00,樂天桃園棒球場,v0.1.0-2024,G1-G360 regular season,https://github.com/rebas-tw/rebas.tw-open-data/releases/download/v0.1.0-2024/CPBL-2024-OpenData.zip,CPBL-2024-OpenData/CPBL-2024-OpenData.json,樂天桃猿,味全龍,True,7,1,6,1,5,2,0,1,1,1,34,10,4,2,3,0,1,4,6,0.7,14.0,27,9.0,8,0,0,7,0.8888888888888888,7.0,6,主場,勝,大勝,高得分,低失分,領先守成型,火力強勢,壓制力強,9,中職2024年,337.0,2024-09-20 18:36,樂天桃園棒球場,味全龍,True,7.0,1.0,6.0,True,主場,勝,大勝,高得分,低失分,5.0,2.0,0.0,True,True,True,全場壓制型,34.0,10.0,4.0,2.0,3.0,0.0,1.0,4.0,6.0,0.7,14.0,火力強勢,27.0,9.0,8.0,0.0,0.0,7.0,0.888888888888889,7.0,6.0,壓制力強
668,CPBL-2024-xa-336,中職2024年,2024,336,2024-09-19 18:35:00,嘉義市立棒球場,v0.1.0-2024,G1-G360 regular season,https://github.com/rebas-tw/rebas.tw-open-data/releases/download/v0.1.0-2024/CPBL-2024-OpenData.zip,CPBL-2024-OpenData/CPBL-2024-OpenData.json,富邦悍將,台鋼雄鷹,False,1,0,1,1,0,0,1,1,0,0,36,9,2,6,1,0,1,2,4,0.1111111111111111,2.0,27,9.0,5,5,0,12,1.1111111111111112,2.4,7,客場,勝,小勝,低得分,低失分,後段逆轉型,攻勢受阻,壓制力強,9,中職2024年,336.0,2024-09-19 18:35,嘉義市立棒球場,台鋼雄鷹,False,1.0,0.0,1.0,True,客場,勝,小勝,低得分,低失分,0.0,0.0,1.0,True,False,False,後段逆轉型,36.0,9.0,2.0,6.0,1.0,0.0,1.0,2.0,4.0,0.111111111111111,2.0,低效進攻,27.0,9.0,5.0,5.0,0.0,12.0,1.11111111111111,2.4,7.0,壓制力強
669,CPBL-2024-xa-336,中職2024年,2024,336,2024-09-19 18:35:00,嘉義市立棒球場,v0.1.0-2024,G1-G360 regular season,https://github.com/rebas-tw/rebas.tw-open-data/releases/download/v0.1.0-2024/CPBL-2024-OpenData.zip,CPBL-2024-OpenData/CPBL-2024-OpenData.json,台鋼雄鷹,富邦悍將,True,0,1,-1,0,0,0,0,0,0,0,30,5,5,12,1,0,0,1,1,0.0,0.0,27,9.0,9,2,1,6,1.2222222222222223,3.0,2,主場,敗,小敗,低得分,低失分,一般拉鋸型,攻勢受阻,壓制力強,9,中職2024年,336.0,2024-09-19 18:35,嘉義市立棒球場,富邦悍將,True,0.0,1.0,-1.0,False,主場,敗,小敗,低得分,低失分,0.0,0.0,0.0,False,False,False,被壓制型,30.0,5.0,5.0,12.0,1.0,0.0,0.0,1.0,1.0,0.0,0.0,攻勢受阻,27.0,9.0,9.0,2.0,1.0,6.0,1.22222222222222,3.0,2.0,穩定守成
670,CPBL-2024-xa-335,中職2024年,2024,335,2024-09-19 18:35:00,臺南市立棒球場,v0.1.0-2024,G1-G360 regular season,https://github.com/rebas-tw/rebas.tw-open-data/releases/download/v0.1.0-2024/CPBL-2024-OpenData.zip,CPBL-2024-OpenData/CPBL-2024-OpenData.json,中信兄弟,統一7-ELEVEn獅,False,3,4,-1,0,0,2,1,0,0,0,33,6,4,8,1,0,0,1,1,0.5,4.0,25,8.333333333333334,9,5,0,5,1.68,1.0,-4,客場,敗,小敗,中等得分,中等失分,一般拉鋸型,穩定攻擊,失分偏高,9,中職2024年,335.0,2024-09-19 18:35,臺南市立棒球場,統一7-ELEVEn獅,False,3.0,4.0,-1.0,False,客場,敗,小敗,中等得分,中等失分,0.0,2.0,1.0,False,False,False,被壓制型,33.0,6.0,4.0,8.0,1.0,0.0,0.0,1.0,1.0,0.5,4.0,零星攻勢,25.0,8.33333333333333,9.0,5.0,0.0,5.0,1.68,1.0,-4.0,普通防守
671,CPBL-2024-xa-335,中職2024年,2024,335,2024-09-19 18:35:00,臺南市立棒球場,v0.1.0-2024,G1-G360 regular season,https://github.com/rebas-tw/rebas.tw-open-data/releases/download/v0.1.0-2024/CPBL-2024-OpenData.zip,CPBL-2024-OpenData/CPBL-2024-OpenData.json,統一7-ELEVEn獅,中信兄弟,True,4,3,1,1,2,0,2,1,1,0,32,9,5,5,1,0,0,1,1,0.4444444444444444,7.5,27,9.0,6,4,0,8,1.1111111111111112,2.0,1,主場,勝,小勝,中等得分,中等失分,後段逆轉型,穩定攻擊,穩定守成,9,中職2024年,335.0,2024-09-19 18:35,臺南市立棒球場,中信兄弟,True,4.0,3.0,1.0,True,主場,勝,小勝,中等得分,中等失分,2.0,0.0,2.0,True,True,False,後段逆轉型,32.0,9.0,5.0,5.0,1.0,0.0,0.0,1.0,1.0,0.444444444444444,7.5,穩定攻擊,27.0,9.0,6.0,4.0,0.0,8.0,1.11111111111111,2.0,1.0,穩定守成
672,CPBL-2024-xa-334,中職2024年,2024,334,2024-09-19 18:35:00,樂天桃園棒球場,v0.1.0-2024,G1-G360 regular season,https://github.com/rebas-tw/rebas.tw-open-data/releases/download/v0.1.0-2024/CPBL-2024-OpenData.zip,CPBL-2024-OpenData/CPBL-2024-OpenData.json,味全龍,樂天桃猿,False,9,1,8,1,0,7,2,0,0,1,34,12,2,7,5,0,2,7,11,0.75,14.5,27,9.0,8,1,0,8,1.0,8.0,6,客場,勝,大勝,高得分,低失分,領先守成型,火力強勢,壓制力強,9,中職2024年,334.0,2024-09-19 18:35,樂天桃園棒球場,樂天桃猿,False,9.0,1.0,8.0,True,客場,勝,大勝,高得分,低失分,0.0,7.0,2.0,False,False,True,後段追分型,34.0,12.0,2.0,7.0,5.0,0.0,2.0,7.0,11.0,0.75,14.5,火力強勢,27.0,9.0,8.0,1.0,0.0,8.0,1.0,8.0,6.0,壓制力強
673,CPBL-2024-xa-334,中職2024年,2024,334,2024-09-19 18:35:00,樂天桃園棒球場,v0.1.0-2024,G1-G360 regular season,https://github.com/rebas-tw/rebas.tw-open-data/releases/download/v0.1.0-2024/CPBL-2024-OpenData.zip,CPBL-2024-OpenData/CPBL-2024-OpenData.json,樂天桃猿,味全龍,True,1,9,-8,0,1,0,0,1,1,0,34,8,1,8,2,1,0,3,4,0.125,1.0,27,9.0,12,2,2,7,1.5555555555555556,3.5,-6,主場,敗,大敗,低得分,高失分,一般拉鋸型,攻勢受阻,失分偏高,9,中職2024年,334.0,2024-09-19 18:35,樂天桃園棒球場,味全龍,True,1.0,9.0,-8.0,False,主場,敗,大敗,低得分,高失分,1.0,0.0,0.0,True,True,False,拉鋸型,34.0,8.0,1.0,8.0,2.0,1.0,0.0,3.0,4.0,0.125,1.0,攻勢受阻,27.0,9.0,12.0,2.0,2.0,7.0,1.55555555555556,3.5,-6.0,失分偏高
674,CPBL-2024-xa-333,中職2024年,2024,333,2024-09-17 17:05:00,臺北大巨蛋,v0.1.0-2024,G1-G360 regular season,https://github.com/rebas-tw/rebas.tw-open-data/releases/download/v0.1.0-2024/CPBL-2024-OpenData.zip,CPBL-2024-OpenData/CPBL-2024-OpenData.json,台鋼雄鷹,味全龍,False,1,11,-10,0,0,1,0,0,0,0,28,4,3,4,0,0,0,0,0,0.25,2.0,24,8.0,12,4,0,11,2.0,2.75,-4,客場,敗,大敗,低得分,高失分,一般拉鋸型,攻勢受阻,失分偏高,9,中職2024年,333.0,2024-09-17 17:05,臺北大巨蛋,味全龍,False,1.0,11.0,-10.0,False,客場,敗,大敗,低得分,高失分,0.0,1.0,0.0,False,False,False,被壓制型,28.0,4.0,3.0,4.0,0.0,0.0,0.0,0.0,0.0,0.25,2.0,低效進攻,24.0,8.0,12.0,4.0,0.0,11.0,2.0,2.75,-4.0,投打被突破
675,CPBL-2024-xa-333,中職2024年,2024,333,2024-09-17 17:05:00,臺北大巨蛋,v0.1.0-2024,G1-G360 regular season,https://github.com/rebas-tw/rebas.tw-open-data/releases/download/v0.1.0-2024/CPBL-2024-OpenData.zip,CPBL-2024-OpenData/CPBL-2024-OpenData.json,味全龍,台鋼雄鷹,True,11,1,10,1,7,4,0,1,1,1,33,12,4,11,2,1,0,3,4,0.9166666666666666,12.5,27,9.0,4,3,0,4,0.7777777777777778,1.3333333333333333,0,主場,勝,大勝,高得分,低失分,領先守成型,火力強勢,穩定守成,9,中職2024年,333.0,2024-09-17 17:05,臺北大巨蛋,台鋼雄鷹,True,11.0,1.0,10.0,True,主場,勝,大勝,高得分,低失分,7.0,4.0,0.0,True,True,True,全場壓制型,33.0,12.0,4.0,11.0,2.0,1.0,0.0,3.0,4.0,0.916666666666667,12.5,火力強勢,27.0,9.0,4.0,3.0,0.0,4.0,0.777777777777778,1.33333333333333,0.0,壓制力強
676,CPBL-2024-xa-332,中職2024年,2024,332,2024-09-17 17:05:00,臺中市洲際棒球場,v0.1.0-2024,G1-G360 regular season,https://github.com/rebas-tw/rebas.tw-open-data/releases/download/v0.1.0-2024/CPBL-2024-OpenData.zip,CPBL-2024-OpenData/CPBL-2024-OpenData.json,富邦悍將,中信兄弟,False,5,2,3,1,2,3,0,1,1,1,32,7,2,5,2,0,1,3,5,0.7142857142857143,7.5,27,9.0,10,2,0,7,1.3333333333333333,3.5,3,客場,勝,中幅勝,中等得分,低失分,領先守成型,穩定攻擊,壓制力強,9,中職2024年,332.0,2024-09-17 17:05,臺中市洲際棒球場,中信兄弟,False,5.0,2.0,3.0,True,客場,勝,小勝,中等得分,低失分,2.0,3.0,0.0,True,True,True,全場壓制型,32.0,7.0,2.0,5.0,2.0,0.0,1.0,3.0,5.0,0.714285714285714,7.5,零星攻勢,27.0,9.0,10.0,2.0,0.0,7.0,1.33333333333333,3.5,3.0,穩定守成
677,CPBL-2024-xa-332,中職2024年,2024,332,2024-09-17 17:05:00,臺中市洲際棒球場,v0.1.0-2024,G1-G360 regular season,https://github.com/rebas-tw/rebas.tw-open-data/releases/download/v0.1.0-2024/CPBL-2024-OpenData.zip,CPBL-2024-OpenData/CPBL-2024-OpenData.json,中信兄弟,富邦悍將,True,2,5,-3,0,0,1,1,0,0,0,37,10,2,7,2,0,0,2,2,0.2,2.5,27,9.0,7,2,1,5,1.0,2.5,-3,主場,敗,小敗,低得分,中等失分,一般拉鋸型,攻勢受阻,穩定守成,9,中職2024年,332.0,2024-09-17 17:05,臺中市洲際棒球場,富邦悍將,True,2.0,5.0,-3.0,False,主場,敗,小敗,低得分,中等失分,0.0,1.0,1.0,False,False,False,被壓制型,37.0,10.0,2.0,7.0,2.0,0.0,0.0,2.0,2.0,0.2,2.5,低效進攻,27.0,9.0,7.0,2.0,1.0,5.0,1.0,2.5,-3.0,失分偏高
678,CPBL-2024-xa-331,中職2024年,2024,331,2024-09-17 17:05:00,臺南市立棒球場,v0.1.0-2024,G1-G360 regular season,https://github.com/rebas-tw/rebas.tw-open-data/releases/download/v0.1.0-2024/CPBL-2024-OpenData.zip,CPBL-2024-OpenData/CPBL-2024-OpenData.json,樂天桃猿,統一7-ELEVEn獅,False,2,9,-7,0,0,2,0,0,0,0,34,10,1,11,2,0,0,2,2,0.2,-0.5,24,8.0,11,5,1,7,2.0,1.4,-8,客場,敗,大敗,低得分,高失分,一般拉鋸型,攻勢受阻,失分偏高,9,中職2024年,331.0,2024-09-17 17:05,臺南市立棒球場,統一7-ELEVEn獅,False,2.0,9.0,-7.0,False,客場,敗,大敗,低得分,高失分,0.0,2.0,0.0,False,False,False,被壓制型,34.0,10.0,1.0,11.0,2.0,0.0,0.0,2.0,2.0,0.2,-0.5,攻勢受阻,24.0,8.0,11.0,5.0,1.0,7.0,2.0,1.4,-8.0,投打被突破
679,CPBL-2024-xa-331,中職2024年,2024,331,2024-09-17 17:05:00,臺南市立棒球場,v0.1.0-2024,G1-G360 regular season,https://github.com/rebas-tw/rebas.tw-open-data/releases/download/v0.1.0-2024/CPBL-2024-OpenData.zip,CPBL-2024-OpenData/CPBL-2024-OpenData.json,統一7-ELEVEn獅,樂天桃猿,True,9,2,7,1,6,3,0,1,1,1,36,11,5,7,2,0,1,3,5,0.8181818181818182,13.5,27,9.0,10,1,0,11,1.2222222222222223,11.0,8,主場,勝,大勝,高得分,低失分,領先守成型,火力強勢,壓制力強,9,中職2024年,331.0,2024-09-17 17:05,臺南市立棒球場,樂天桃猿,True,9.0,2.0,7.0,True,主場,勝,大勝,高得分,低失分,6.0,3.0,0.0,True,True,True,全場壓制型,36.0,11.0,5.0,7.0,2.0,0.0,1.0,3.0,5.0,0.818181818181818,13.5,火力強勢,27.0,9.0,10.0,1.0,0.0,11.0,1.22222222222222,11.0,8.0,穩定守成
680,CPBL-2024-xa-330,中職2024年,2024,330,2024-09-16 18:35:00,臺北大巨蛋,v0.1.0-2024,G1-G360 regular season,https://github.com/rebas-tw/rebas.tw-open-data/releases/download/v0.1.0-2024/CPBL-2024-OpenData.zip,CPBL-2024-OpenData/CPBL-2024-OpenData.json,中信兄弟,味全龍,False,2,0,2,1,0,0,0,1,0,0,37,6,0,7,0,0,1,1,3,0.3333333333333333,-0.5,33,11.0,7,2,0,6,0.8181818181818182,3.0,4,客場,勝,中幅勝,低得分,低失分,先馳得點壓制型,攻勢受阻,壓制力強,9,中職2024年,330.0,2024-09-16 18:35,臺北大巨蛋,味全龍,False,2.0,0.0,2.0,True,客場,勝,小勝,低得分,低失分,0.0,0.0,0.0,True,False,False,拉鋸型,37.0,6.0,0.0,7.0,0.0,0.0,1.0,1.0,3.0,0.333333333333333,-0.5,低效進攻,33.0,11.0,7.0,2.0,0.0,6.0,0.818181818181818,3.0,4.0,壓制力強
681,CPBL-2024-xa-330,中職2024年,2024,330,2024-09-16 18:35:00,臺北大巨蛋,v0.1.0-2024,G1-G360 regular season,https://github.com/rebas-tw/rebas.tw-open-data/releases/download/v0.1.0-2024/CPBL-2024-OpenData.zip,CPBL-2024-OpenData/CPBL-2024-OpenData.json,味全龍,中信兄弟,True,0,2,-2,0,0,0,0,0,0,0,39,7,2,6,0,0,0,0,0,0.0,-1.0,33,11.0,6,0,1,7,0.5454545454545454,7.0,4,主場,敗,小敗,低得分,低失分,一般拉鋸型,攻勢受阻,壓制力強,9,中職2024年,330.0,2024-09-16 18:35,臺北大巨蛋,中信兄弟,True,0.0,2.0,-2.0,False,主場,敗,小敗,低得分,低失分,0.0,0.0,0.0,False,False,False,被壓制型,39.0,7.0,2.0,6.0,0.0,0.0,0.0,0.0,0.0,0.0,-1.0,低效進攻,33.0,11.0,6.0,0.0,1.0,7.0,0.545454545454545,7.0,4.0,壓制力強
682,CPBL-2024-xa-329,中職2024年,2024,329,2024-09-15 17:05:00,臺南市立棒球場,v0.1.0-2024,G1-G360 regular season,https://github.com/rebas-tw/rebas.tw-open-data/releases/download/v0.1.0-2024/CPBL-2024-OpenData.zip,CPBL-2024-OpenData/CPBL-2024-OpenData.json,台鋼雄鷹,統一7-ELEVEn獅,False,5,6,-1,0,2,1,2,1,1,0,37,10,4,10,1,1,0,2,3,0.5,6.0,27,9.0,12,3,1,7,1.6666666666666667,2.3333333333333335,-3,客場,敗,小敗,中等得分,高失分,一般拉鋸型,穩定攻擊,穩定守成,9,中職2024年,329.0,2024-09-15 17:05,臺南市立棒球場,統一7-ELEVEn獅,False,5.0,6.0,-1.0,False,客場,敗,小敗,中等得分,高失分,2.0,1.0,2.0,True,True,False,拉鋸型,37.0,10.0,4.0,10.0,1.0,1.0,0.0,2.0,3.0,0.5,6.0,穩定攻擊,27.0,9.0,12.0,3.0,1.0,7.0,1.66666666666667,2.33333333333333,-3.0,失分偏高
683,CPBL-2024-xa-329,中職2024年,2024,329,2024-09-15 17:05:00,臺南市立棒球場,v0.1.0-2024,G1-G360 regular season,https://github.com/rebas-tw/rebas.tw-open-data/releases/download/v0.1.0-2024/CPBL-2024-OpenData.zip,CPBL-2024-OpenData/CPBL-2024-OpenData.json,統一7-ELEVEn獅,台鋼雄鷹,True,6,5,1,1,0,4,1,0,0,1,39,12,3,7,2,0,1,3,5,0.5,8.5,30,10.0,10,4,0,10,1.4,2.5,1,主場,勝,小勝,高得分,中等失分,領先守成型,火力強勢,穩定守成,9,中職2024年,329.0,2024-09-15 17:05,臺南市立棒球場,台鋼雄鷹,True,6.0,5.0,1.0,True,主場,勝,小勝,高得分,中等失分,0.0,4.0,1.0,False,False,True,後段追分型,39.0,12.0,3.0,7.0,2.0,0.0,1.0,3.0,5.0,0.5,8.5,火力強勢,30.0,10.0,10.0,4.0,0.0,10.0,1.4,2.5,1.0,失分偏高
684,CPBL-2024-xa-328,中職2024年,2024,328,2024-09-15 17:06:00,新北市立新莊棒球場,v0.1.0-2024,G1-G360 regular season,https://github.com/rebas-tw/rebas.tw-open-data/releases/download/v0.1.0-2024/CPBL-2024-OpenData.zip,CPBL-2024-OpenData/CPBL-2024-OpenData.json,樂天桃猿,富邦悍將,False,6,2,4,1,1,3,2,1,0,1,39,13,3,9,1,0,1,2,4,0.46153846153846156,6.5,27,9.0,11,2,0,2,1.4444444444444444,1.0,-2,客場,勝,中幅勝,高得分,低失分,領先守成型,穩定攻擊,穩定守成,9,中職2024年,328.0,2024-09-15 17:06,新北市立新莊棒球場,富邦悍將,False,6.0,2.0,4.0,True,客場,勝,小勝,高得分,低失分,1.0,3.0,2.0,True,False,True,後段追分型,39.0,13.0,3.0,9.0,1.0,0.0,1.0,2.0,4.0,0.461538461538462,6.5,穩定攻擊,27.0,9.0,11.0,2.0,0.0,2.0,1.44444444444444,1.0,-2.0,普通防守
685,CPBL-2024-xa-328,中職2024年,2024,328,2024-09-15 17:06:00,新北市立新莊棒球場,v0.1.0-2024,G1-G360 regular season,https://github.com/rebas-tw/rebas.tw-open-data/releases/download/v0.1.0-2024/CPBL-2024-OpenData.zip,CPBL-2024-OpenData/CPBL-2024-OpenData.json,富邦悍將,樂天桃猿,True,2,6,-4,0,1,0,1,0,0,0,36,11,2,2,0,0,0,0,0,0.18181818181818182,3.0,27,9.0,13,3,1,9,1.7777777777777777,3.0,-1,主場,敗,大敗,低得分,高失分,一般拉鋸型,穩定攻擊,穩定守成,9,中職2024年,328.0,2024-09-15 17:06,新北市立新莊棒球場,樂天桃猿,True,2.0,6.0,-4.0,False,主場,敗,小敗,低得分,高失分,1.0,0.0,1.0,False,False,False,被壓制型,36.0,11.0,2.0,2.0,0.0,0.0,0.0,0.0,0.0,0.181818181818182,3.0,低效進攻,27.0,9.0,13.0,3.0,1.0,9.0,1.77777777777778,3.0,-1.0,失分偏高
686,CPBL-2024-xa-327,中職2024年,2024,327,2024-09-15 17:05:00,臺北大巨蛋,v0.1.0-2024,G1-G360 regular season,https://github.com/rebas-tw/rebas.tw-open-data/releases/download/v0.1.0-2024/CPBL-2024-OpenData.zip,CPBL-2024-OpenData/CPBL-2024-OpenData.json,中信兄弟,味全龍,False,0,3,-3,0,0,0,0,0,0,0,31,5,1,5,0,0,0,0,0,0.0,-1.5,24,8.0,5,2,1,9,0.875,4.5,3,客場,敗,小敗,低得分,中等失分,一般拉鋸型,攻勢受阻,壓制力強,9,中職2024年,327.0,2024-09-15 17:05,臺北大巨蛋,味全龍,False,0.0,3.0,-3.0,False,客場,敗,小敗,低得分,中等失分,0.0,0.0,0.0,False,False,False,被壓制型,31.0,5.0,1.0,5.0,0.0,0.0,0.0,0.0,0.0,0.0,-1.5,低效進攻,24.0,8.0,5.0,2.0,1.0,9.0,0.875,4.5,3.0,穩定守成
687,CPBL-2024-xa-327,中職2024年,2024,327,2024-09-15 17:05:00,臺北大巨蛋,v0.1.0-2024,G1-G360 regular season,https://github.com/rebas-tw/rebas.tw-open-data/releases/download/v0.1.0-2024/CPBL-2024-OpenData.zip,CPBL-2024-OpenData/CPBL-2024-OpenData.json,味全龍,中信兄弟,True,3,0,3,1,0,1,2,1,0,1,28,5,2,9,0,0,1,1,3,0.6,1.5,27,9.0,5,1,0,5,0.6666666666666666,5.0,4,主場,勝,中幅勝,中等得分,低失分,領先守成型,攻勢受阻,壓制力強,9,中職2024年,327.0,2024-09-15 17:05,臺北大巨蛋,中信兄弟,True,3.0,0.0,3.0,True,主場,勝,小勝,中等得分,低失分,0.0,1.0,2.0,True,False,True,後段追分型,28.0,5.0,2.0,9.0,0.0,0.0,1.0,1.0,3.0,0.6,1.5,零星攻勢,27.0,9.0,5.0,1.0,0.0,5.0,0.666666666666667,5.0,4.0,壓制力強
688,CPBL-2024-xa-326,中職2024年,2024,326,2024-09-14 17:05:00,臺南市立棒球場,v0.1.0-2024,G1-G360 regular season,https://github.com/rebas-tw/rebas.tw-open-data/releases/download/v0.1.0-2024/CPBL-2024-OpenData.zip,CPBL-2024-OpenData/CPBL-2024-OpenData.json,台鋼雄鷹,統一7-ELEVEn獅,False,2,9,-7,0,2,0,0,1,1,0,33,6,0,9,0,0,1,1,3,0.3333333333333333,-1.5,24,8.0,10,5,1,8,1.875,1.6,-7,客場,敗,大敗,低得分,高失分,一般拉鋸型,攻勢受阻,失分偏高,9,中職2024年,326.0,2024-09-14 17:05,臺南市立棒球場,統一7-ELEVEn獅,False,2.0,9.0,-7.0,False,客場,敗,大敗,低得分,高失分,2.0,0.0,0.0,True,True,False,拉鋸型,33.0,6.0,0.0,9.0,0.0,0.0,1.0,1.0,3.0,0.333333333333333,-1.5,攻勢受阻,24.0,8.0,10.0,5.0,1.0,8.0,1.875,1.6,-7.0,投打被突破
689,CPBL-2024-xa-326,中職2024年,2024,326,2024-09-14 17:05:00,臺南市立棒球場,v0.1.0-2024,G1-G360 regular season,https://github.com/rebas-tw/rebas.tw-open-data/releases/download/v0.1.0-2024/CPBL-2024-OpenData.zip,CPBL-2024-OpenData/CPBL-2024-OpenData.json,統一7-ELEVEn獅,台鋼雄鷹,True,9,2,7,1,0,6,3,0,0,1,31,10,5,8,1,0,1,2,4,0.9,12.0,27,9.0,6,0,1,9,0.6666666666666666,9.0,6,主場,勝,大勝,高得分,低失分,領先守成型,火力強勢,壓制力強,9,中職2024年,326.0,2024-09-14 17:05,臺南市立棒球場,台鋼雄鷹,True,9.0,2.0,7.0,True,主場,勝,大勝,高得分,低失分,0.0,6.0,3.0,False,False,True,後段追分型,31.0,10.0,5.0,8.0,1.0,0.0,1.0,2.0,4.0,0.9,12.0,穩定攻擊,27.0,9.0,6.0,0.0,1.0,9.0,0.666666666666667,9.0,6.0,壓制力強
690,CPBL-2024-xa-325,中職2024年,2024,325,2024-09-14 17:06:00,新北市立新莊棒球場,v0.1.0-2024,G1-G360 regular season,https://github.com/rebas-tw/rebas.tw-open-data/releases/download/v0.1.0-2024/CPBL-2024-OpenData.zip,CPBL-2024-OpenData/CPBL-2024-OpenData.json,樂天桃猿,富邦悍將,False,4,8,-4,0,0,4,0,0,0,0,32,7,3,8,0,0,0,0,0,0.5714285714285714,3.0,24,8.0,10,2,1,7,1.5,3.5,-4,客場,敗,大敗,中等得分,高失分,一般拉鋸型,穩定攻擊,失分偏高,9,中職2024年,325.0,2024-09-14 17:06,新北市立新莊棒球場,富邦悍將,False,4.0,8.0,-4.0,False,客場,敗,小敗,中等得分,高失分,0.0,4.0,0.0,False,False,False,被壓制型,32.0,7.0,3.0,8.0,0.0,0.0,0.0,0.0,0.0,0.571428571428571,3.0,零星攻勢,24.0,8.0,10.0,2.0,1.0,7.0,1.5,3.5,-4.0,失分偏高
691,CPBL-2024-xa-325,中職2024年,2024,325,2024-09-14 17:06:00,新北市立新莊棒球場,v0.1.0-2024,G1-G360 regular season,https://github.com/rebas-tw/rebas.tw-open-data/releases/download/v0.1.0-2024/CPBL-2024-OpenData.zip,CPBL-2024-OpenData/CPBL-2024-OpenData.json,富邦悍將,樂天桃猿,True,8,4,4,1,0,8,0,0,0,1,30,10,2,7,0,1,1,2,5,0.8,8.5,27,9.0,7,3,0,8,1.1111111111111112,2.6666666666666665,1,主場,勝,中幅勝,高得分,中等失分,領先守成型,火力強勢,穩定守成,9,中職2024年,325.0,2024-09-14 17:06,新北市立新莊棒球場,樂天桃猿,True,8.0,4.0,4.0,True,主場,勝,小勝,高得分,中等失分,0.0,8.0,0.0,False,False,True,拉鋸型,30.0,10.0,2.0,7.0,0.0,1.0,1.0,2.0,5.0,0.8,8.5,穩定攻擊,27.0,9.0,7.0,3.0,0.0,8.0,1.11111111111111,2.66666666666667,1.0,穩定守成
692,CPBL-2024-xa-324,中職2024年,2024,324,2024-09-14 17:06:00,臺北大巨蛋,v0.1.0-2024,G1-G360 regular season,https://github.com/rebas-tw/rebas.tw-open-data/releases/download/v0.1.0-2024/CPBL-2024-OpenData.zip,CPBL-2024-OpenData/CPBL-2024-OpenData.json,中信兄弟,味全龍,False,3,2,1,1,0,2,1,0,0,0,32,7,3,7,0,0,0,0,0,0.42857142857142855,2.5,27,9.0,9,1,0,2,1.1111111111111112,2.0,-1,客場,勝,小勝,中等得分,低失分,後段逆轉型,攻勢受阻,穩定守成,9,中職2024年,324.0,2024-09-14 17:06,臺北大巨蛋,味全龍,False,3.0,2.0,1.0,True,客場,勝,小勝,中等得分,低失分,0.0,2.0,1.0,False,False,False,後段逆轉型,32.0,7.0,3.0,7.0,0.0,0.0,0.0,0.0,0.0,0.428571428571429,2.5,零星攻勢,27.0,9.0,9.0,1.0,0.0,2.0,1.11111111111111,2.0,-1.0,壓制力強
693,CPBL-2024-xa-324,中職2024年,2024,324,2024-09-14 17:06:00,臺北大巨蛋,v0.1.0-2024,G1-G360 regular season,https://github.com/rebas-tw/rebas.tw-open-data/releases/download/v0.1.0-2024/CPBL-2024-OpenData.zip,CPBL-2024-OpenData/CPBL-2024-OpenData.json,味全龍,中信兄弟,True,2,3,-1,0,1,1,0,1,1,0,32,9,1,2,1,0,0,1,1,0.2222222222222222,3.0,27,9.0,7,3,0,7,1.1111111111111112,2.3333333333333335,1,主場,敗,小敗,低得分,中等失分,一般拉鋸型,穩定攻擊,穩定守成,9,中職2024年,324.0,2024-09-14 17:06,臺北大巨蛋,中信兄弟,True,2.0,3.0,-1.0,False,主場,敗,小敗,低得分,中等失分,1.0,1.0,0.0,True,True,False,拉鋸型,32.0,9.0,1.0,2.0,1.0,0.0,0.0,1.0,1.0,0.222222222222222,3.0,低效進攻,27.0,9.0,7.0,3.0,0.0,7.0,1.11111111111111,2.33333333333333,1.0,穩定守成
694,CPBL-2024-xa-323,中職2024年,2024,323,2024-09-13 18:35:00,臺南市立棒球場,v0.1.0-2024,G1-G360 regular season,https://github.com/rebas-tw/rebas.tw-open-data/releases/download/v0.1.0-2024/CPBL-2024-OpenData.zip,CPBL-2024-OpenData/CPBL-2024-OpenData.json,台鋼雄鷹,統一7-ELEVEn獅,False,4,6,-2,0,3,1,0,0,0,0,33,6,2,9,0,1,0,1,2,0.6666666666666666,2.5,24,8.0,10,7,0,6,2.125,0.8571428571428571,-7,客場,敗,小敗,中等得分,高失分,一般拉鋸型,攻勢受阻,失分偏高,9,中職2024年,323.0,2024-09-13 18:35,臺南市立棒球場,統一7-ELEVEn獅,False,4.0,6.0,-2.0,False,客場,敗,小敗,中等得分,高失分,3.0,1.0,0.0,False,False,False,被壓制型,33.0,6.0,2.0,9.0,0.0,1.0,0.0,1.0,2.0,0.666666666666667,2.5,零星攻勢,24.0,8.0,10.0,7.0,0.0,6.0,2.125,0.857142857142857,-7.0,投打被突破
695,CPBL-2024-xa-323,中職2024年,2024,323,2024-09-13 18:35:00,臺南市立棒球場,v0.1.0-2024,G1-G360 regular season,https://github.com/rebas-tw/rebas.tw-open-data/releases/download/v0.1.0-2024/CPBL-2024-OpenData.zip,CPBL-2024-OpenData/CPBL-2024-OpenData.json,統一7-ELEVEn獅,台鋼雄鷹,True,6,4,2,1,4,2,0,0,1,1,33,10,7,6,1,0,0,1,1,0.6,11.0,27,9.0,6,2,0,9,0.8888888888888888,4.5,3,主場,勝,中幅勝,高得分,中等失分,領先守成型,火力強勢,壓制力強,9,中職2024年,323.0,2024-09-13 18:35,臺南市立棒球場,台鋼雄鷹,True,6.0,4.0,2.0,True,主場,勝,小勝,高得分,中等失分,4.0,2.0,0.0,False,True,True,全場壓制型,33.0,10.0,7.0,6.0,1.0,0.0,0.0,1.0,1.0,0.6,11.0,穩定攻擊,27.0,9.0,6.0,2.0,0.0,9.0,0.888888888888889,4.5,3.0,穩定守成
696,CPBL-2024-xa-322,中職2024年,2024,322,2024-09-13 18:35:00,新北市立新莊棒球場,v0.1.0-2024,G1-G360 regular season,https://github.com/rebas-tw/rebas.tw-open-data/releases/download/v0.1.0-2024/CPBL-2024-OpenData.zip,CPBL-2024-OpenData/CPBL-2024-OpenData.json,樂天桃猿,富邦悍將,False,0,4,-4,0,0,0,0,0,0,0,34,8,1,9,3,0,0,3,3,0.0,-0.5,24,8.0,5,1,1,6,0.75,6.0,0,客場,敗,大敗,低得分,中等失分,一般拉鋸型,攻勢受阻,穩定守成,9,中職2024年,322.0,2024-09-13 18:35,新北市立新莊棒球場,富邦悍將,False,0.0,4.0,-4.0,False,客場,敗,小敗,低得分,中等失分,0.0,0.0,0.0,False,False,False,被壓制型,34.0,8.0,1.0,9.0,3.0,0.0,0.0,3.0,3.0,0.0,-0.5,攻勢受阻,24.0,8.0,5.0,1.0,1.0,6.0,0.75,6.0,0.0,穩定守成
697,CPBL-2024-xa-322,中職2024年,2024,322,2024-09-13 18:35:00,新北市立新莊棒球場,v0.1.0-2024,G1-G360 regular season,https://github.com/rebas-tw/rebas.tw-open-data/releases/download/v0.1.0-2024/CPBL-2024-OpenData.zip,CPBL-2024-OpenData/CPBL-2024-OpenData.json,富邦悍將,樂天桃猿,True,4,0,4,1,0,3,1,1,0,1,29,5,1,6,1,0,1,2,4,0.8,4.0,27,9.0,8,1,0,9,1.0,9.0,8,主場,勝,中幅勝,中等得分,低失分,領先守成型,穩定攻擊,壓制力強,9,中職2024年,322.0,2024-09-13 18:35,新北市立新莊棒球場,樂天桃猿,True,4.0,0.0,4.0,True,主場,勝,小勝,中等得分,低失分,0.0,3.0,1.0,True,False,True,後段追分型,29.0,5.0,1.0,6.0,1.0,0.0,1.0,2.0,4.0,0.8,4.0,零星攻勢,27.0,9.0,8.0,1.0,0.0,9.0,1.0,9.0,8.0,壓制力強
698,CPBL-2024-xa-321,中職2024年,2024,321,2024-09-12 18:35:00,樂天桃園棒球場,v0.1.0-2024,G1-G360 regular season,https://github.com/rebas-tw/rebas.tw-open-data/releases/download/v0.1.0-2024/CPBL-2024-OpenData.zip,CPBL-2024-OpenData/CPBL-2024-OpenData.json,中信兄弟,樂天桃猿,False,8,13,-5,0,8,0,0,1,1,1,37,12,3,3,2,0,1,3,5,0.6666666666666666,12.5,24,8.0,20,3,0,8,2.875,2.6666666666666665,-8,客場,敗,大敗,高得分,高失分,後段失守型,火力強勢,失分偏高,9,中職2024年,321.0,2024-09-12 18:35,樂天桃園棒球場,樂天桃猿,False,8.0,13.0,-5.0,False,客場,敗,大敗,高得分,高失分,8.0,0.0,0.0,True,True,True,拉鋸型,37.0,12.0,3.0,3.0,2.0,0.0,1.0,3.0,5.0,0.666666666666667,12.5,火力強勢,24.0,8.0,20.0,3.0,0.0,8.0,2.875,2.66666666666667,-8.0,投打被突破
699,CPBL-2024-xa-321,中職2024年,2024,321,2024-09-12 18:35:00,樂天桃園棒球場,v0.1.0-2024,G1-G360 regular season,https://github.com/rebas-tw/rebas.tw-open-data/releases/download/v0.1.0-2024/CPBL-2024-OpenData.zip,CPBL-2024-OpenData/CPBL-2024-OpenData.json,樂天桃猿,中信兄弟,True,13,8,5,1,2,2,9,0,0,0,41,20,3,8,3,1,0,4,5,0.65,16.0,27,9.0,12,3,1,3,1.6666666666666667,1.0,-9,主場,勝,大勝,高得分,高失分,後段逆轉型,火力強勢,失分偏高,9,中職2024年,321.0,2024-09-12 18:35,樂天桃園棒球場,中信兄弟,True,13.0,8.0,5.0,True,主場,勝,大勝,高得分,高失分,2.0,2.0,9.0,False,False,False,後段逆轉型,41.0,20.0,3.0,8.0,3.0,1.0,0.0,4.0,5.0,0.65,16.0,火力強勢,27.0,9.0,12.0,3.0,1.0,3.0,1.66666666666667,1.0,-9.0,失分偏高
700,CPBL-2024-xa-320,中職2024年,2024,320,2024-09-11 18:36:00,樂天桃園棒球場,v0.1.0-2024,G1-G360 regular season,https://github.com/rebas-tw/rebas.tw-open-data/releases/download/v0.1.0-2024/CPBL-2024-OpenData.zip,CPBL-2024-OpenData/CPBL-2024-OpenData.json,中信兄弟,樂天桃猿,False,1,0,1,1,0,0,0,1,0,0,31,4,2,8,0,0,0,0,0,0.25,-1.0,30,10.0,3,2,0,5,0.5,2.5,3,客場,勝,小勝,低得分,低失分,先馳得點壓制型,攻勢受阻,壓制力強,9,中職2024年,320.0,2024-09-11 18:36,樂天桃園棒球場,樂天桃猿,False,1.0,0.0,1.0,True,客場,勝,小勝,低得分,低失分,0.0,0.0,0.0,True,False,False,拉鋸型,31.0,4.0,2.0,8.0,0.0,0.0,0.0,0.0,0.0,0.25,-1.0,攻勢受阻,30.0,10.0,3.0,2.0,0.0,5.0,0.5,2.5,3.0,壓制力強
701,CPBL-2024-xa-320,中職2024年,2024,320,2024-09-11 18:36:00,樂天桃園棒球場,v0.1.0-2024,G1-G360 regular season,https://github.com/rebas-tw/rebas.tw-open-data/releases/download/v0.1.0-2024/CPBL-2024-OpenData.zip,CPBL-2024-OpenData/CPBL-2024-OpenData.json,樂天桃猿,中信兄弟,True,0,1,-1,0,0,0,0,0,0,0,32,3,2,5,0,0,0,0,0,0.0,-0.5,30,10.0,4,2,0,8,0.6,4.0,5,主場,敗,小敗,低得分,低失分,一般拉鋸型,攻勢受阻,壓制力強,9,中職2024年,320.0,2024-09-11 18:36,樂天桃園棒球場,中信兄弟,True,0.0,1.0,-1.0,False,主場,敗,小敗,低得分,低失分,0.0,0.0,0.0,False,False,False,被壓制型,32.0,3.0,2.0,5.0,0.0,0.0,0.0,0.0,0.0,0.0,-0.5,低效進攻,30.0,10.0,4.0,2.0,0.0,8.0,0.6,4.0,5.0,壓制力強
702,CPBL-2024-xa-319,中職2024年,2024,319,2024-09-11 19:31:00,新北市立新莊棒球場,v0.1.0-2024,G1-G360 regular season,https://github.com/rebas-tw/rebas.tw-open-data/releases/download/v0.1.0-2024/CPBL-2024-OpenData.zip,CPBL-2024-OpenData/CPBL-2024-OpenData.json,統一7-ELEVEn獅,富邦悍將,False,1,5,-4,0,1,0,0,1,1,0,32,5,1,9,0,0,0,0,0,0.2,-2.5,24,8.0,9,1,1,9,1.25,9.0,2,客場,敗,大敗,低得分,中等失分,一般拉鋸型,攻勢受阻,壓制力強,9,中職2024年,319.0,2024-09-11 19:31,新北市立新莊棒球場,富邦悍將,False,1.0,5.0,-4.0,False,客場,敗,小敗,低得分,中等失分,1.0,0.0,0.0,True,True,False,拉鋸型,32.0,5.0,1.0,9.0,0.0,0.0,0.0,0.0,0.0,0.2,-2.5,攻勢受阻,24.0,8.0,9.0,1.0,1.0,9.0,1.25,9.0,2.0,失分偏高
703,CPBL-2024-xa-319,中職2024年,2024,319,2024-09-11 19:31:00,新北市立新莊棒球場,v0.1.0-2024,G1-G360 regular season,https://github.com/rebas-tw/rebas.tw-open-data/releases/download/v0.1.0-2024/CPBL-2024-OpenData.zip,CPBL-2024-OpenData/CPBL-2024-OpenData.json,富邦悍將,統一7-ELEVEn獅,True,5,1,4,1,0,5,0,0,0,1,33,9,1,9,0,0,1,1,3,0.5555555555555556,2.5,27,9.0,5,1,0,9,0.6666666666666666,9.0,7,主場,勝,中幅勝,中等得分,低失分,領先守成型,攻勢受阻,壓制力強,9,中職2024年,319.0,2024-09-11 19:31,新北市立新莊棒球場,統一7-ELEVEn獅,True,5.0,1.0,4.0,True,主場,勝,小勝,中等得分,低失分,0.0,5.0,0.0,False,False,True,拉鋸型,33.0,9.0,1.0,9.0,0.0,0.0,1.0,1.0,3.0,0.555555555555556,2.5,穩定攻擊,27.0,9.0,5.0,1.0,0.0,9.0,0.666666666666667,9.0,7.0,壓制力強
704,CPBL-2024-xa-318,中職2024年,2024,318,2024-09-11 18:35:00,臺北市立天母棒球場,v0.1.0-2024,G1-G360 regular season,https://github.com/rebas-tw/rebas.tw-open-data/releases/download/v0.1.0-2024/CPBL-2024-OpenData.zip,CPBL-2024-OpenData/CPBL-2024-OpenData.json,台鋼雄鷹,味全龍,False,6,3,3,1,2,3,1,0,0,1,34,10,5,11,0,1,1,2,5,0.6,7.5,27,9.0,8,2,0,6,1.1111111111111112,3.0,1,客場,勝,中幅勝,高得分,中等失分,領先守成型,穩定攻擊,穩定守成,9,中職2024年,318.0,2024-09-11 18:35,臺北市立天母棒球場,味全龍,False,6.0,3.0,3.0,True,客場,勝,小勝,高得分,中等失分,2.0,3.0,1.0,False,False,True,拉鋸型,34.0,10.0,5.0,11.0,0.0,1.0,1.0,2.0,5.0,0.6,7.5,穩定攻擊,27.0,9.0,8.0,2.0,0.0,6.0,1.11111111111111,3.0,1.0,穩定守成
705,CPBL-2024-xa-318,中職2024年,2024,318,2024-09-11 18:35:00,臺北市立天母棒球場,v0.1.0-2024,G1-G360 regular season,https://github.com/rebas-tw/rebas.tw-open-data/releases/download/v0.1.0-2024/CPBL-2024-OpenData.zip,CPBL-2024-OpenData/CPBL-2024-OpenData.json,味全龍,台鋼雄鷹,True,3,6,-3,0,2,1,0,0,0,0,35,8,2,6,3,0,0,3,3,0.375,5.0,27,9.0,10,5,1,11,1.6666666666666667,2.2,-1,主場,敗,小敗,中等得分,高失分,一般拉鋸型,穩定攻擊,穩定守成,9,中職2024年,318.0,2024-09-11 18:35,臺北市立天母棒球場,台鋼雄鷹,True,3.0,6.0,-3.0,False,主場,敗,小敗,中等得分,高失分,2.0,1.0,0.0,False,False,False,被壓制型,35.0,8.0,2.0,6.0,3.0,0.0,0.0,3.0,3.0,0.375,5.0,穩定攻擊,27.0,9.0,10.0,5.0,1.0,11.0,1.66666666666667,2.2,-1.0,失分偏高
706,CPBL-2024-xa-317,中職2024年,2024,317,2024-09-10 18:35:00,新北市立新莊棒球場,v0.1.0-2024,G1-G360 regular season,https://github.com/rebas-tw/rebas.tw-open-data/releases/download/v0.1.0-2024/CPBL-2024-OpenData.zip,CPBL-2024-OpenData/CPBL-2024-OpenData.json,統一7-ELEVEn獅,富邦悍將,False,9,1,8,1,0,2,7,0,0,1,39,12,3,6,5,1,1,7,10,0.75,16.0,27,9.0,8,5,0,10,1.4444444444444444,2.0,4,客場,勝,大勝,高得分,低失分,領先守成型,火力強勢,壓制力強,9,中職2024年,317.0,2024-09-10 18:35,新北市立新莊棒球場,富邦悍將,False,9.0,1.0,8.0,True,客場,勝,大勝,高得分,低失分,0.0,2.0,7.0,False,False,True,後段追分型,39.0,12.0,3.0,6.0,5.0,1.0,1.0,7.0,10.0,0.75,16.0,火力強勢,27.0,9.0,8.0,5.0,0.0,10.0,1.44444444444444,2.0,4.0,穩定守成
707,CPBL-2024-xa-317,中職2024年,2024,317,2024-09-10 18:35:00,新北市立新莊棒球場,v0.1.0-2024,G1-G360 regular season,https://github.com/rebas-tw/rebas.tw-open-data/releases/download/v0.1.0-2024/CPBL-2024-OpenData.zip,CPBL-2024-OpenData/CPBL-2024-OpenData.json,富邦悍將,統一7-ELEVEn獅,True,1,9,-8,0,1,0,0,1,1,0,35,8,5,10,2,0,0,2,2,0.125,3.0,27,9.0,12,3,1,6,1.6666666666666667,2.0,-7,主場,敗,大敗,低得分,高失分,一般拉鋸型,穩定攻擊,失分偏高,9,中職2024年,317.0,2024-09-10 18:35,新北市立新莊棒球場,統一7-ELEVEn獅,True,1.0,9.0,-8.0,False,主場,敗,大敗,低得分,高失分,1.0,0.0,0.0,True,True,False,拉鋸型,35.0,8.0,5.0,10.0,2.0,0.0,0.0,2.0,2.0,0.125,3.0,攻勢受阻,27.0,9.0,12.0,3.0,1.0,6.0,1.66666666666667,2.0,-7.0,失分偏高
708,CPBL-2024-xa-316,中職2024年,2024,316,2024-09-10 18:35:00,臺北市立天母棒球場,v0.1.0-2024,G1-G360 regular season,https://github.com/rebas-tw/rebas.tw-open-data/releases/download/v0.1.0-2024/CPBL-2024-OpenData.zip,CPBL-2024-OpenData/CPBL-2024-OpenData.json,台鋼雄鷹,味全龍,False,2,5,-3,0,0,2,0,0,0,0,30,5,0,11,0,1,1,2,5,0.4,-1.5,24,8.0,7,3,1,5,1.25,1.6666666666666667,-4,客場,敗,小敗,低得分,中等失分,一般拉鋸型,攻勢受阻,失分偏高,9,中職2024年,316.0,2024-09-10 18:35,臺北市立天母棒球場,味全龍,False,2.0,5.0,-3.0,False,客場,敗,小敗,低得分,中等失分,0.0,2.0,0.0,False,False,False,被壓制型,30.0,5.0,0.0,11.0,0.0,1.0,1.0,2.0,5.0,0.4,-1.5,攻勢受阻,24.0,8.0,7.0,3.0,1.0,5.0,1.25,1.66666666666667,-4.0,失分偏高
709,CPBL-2024-xa-316,中職2024年,2024,316,2024-09-10 18:35:00,臺北市立天母棒球場,v0.1.0-2024,G1-G360 regular season,https://github.com/rebas-tw/rebas.tw-open-data/releases/download/v0.1.0-2024/CPBL-2024-OpenData.zip,CPBL-2024-OpenData/CPBL-2024-OpenData.json,味全龍,台鋼雄鷹,True,5,2,3,1,1,2,2,1,1,1,31,7,3,5,1,0,1,2,4,0.7142857142857143,7.5,27,9.0,5,0,1,11,0.5555555555555556,11.0,8,主場,勝,中幅勝,中等得分,低失分,領先守成型,穩定攻擊,壓制力強,9,中職2024年,316.0,2024-09-10 18:35,臺北市立天母棒球場,台鋼雄鷹,True,5.0,2.0,3.0,True,主場,勝,小勝,中等得分,低失分,1.0,2.0,2.0,True,True,True,全場壓制型,31.0,7.0,3.0,5.0,1.0,0.0,1.0,2.0,4.0,0.714285714285714,7.5,零星攻勢,27.0,9.0,5.0,0.0,1.0,11.0,0.555555555555556,11.0,8.0,壓制力強
710,CPBL-2024-xa-313,中職2024年,2024,313,2024-09-08 19:30:00,澄清湖棒球場,v0.1.0-2024,G1-G360 regular season,https://github.com/rebas-tw/rebas.tw-open-data/releases/download/v0.1.0-2024/CPBL-2024-OpenData.zip,CPBL-2024-OpenData/CPBL-2024-OpenData.json,富邦悍將,台鋼雄鷹,False,8,2,6,1,3,1,4,1,1,1,37,13,4,5,4,0,0,4,4,0.6153846153846154,13.5,27,9.0,8,5,0,9,1.4444444444444444,1.8,2,客場,勝,大勝,高得分,低失分,領先守成型,火力強勢,壓制力強,9,中職2024年,313.0,2024-09-08 19:30,澄清湖棒球場,台鋼雄鷹,False,8.0,2.0,6.0,True,客場,勝,大勝,高得分,低失分,3.0,1.0,4.0,True,True,True,全場壓制型,37.0,13.0,4.0,5.0,4.0,0.0,0.0,4.0,4.0,0.615384615384615,13.5,火力強勢,27.0,9.0,8.0,5.0,0.0,9.0,1.44444444444444,1.8,2.0,穩定守成
711,CPBL-2024-xa-313,中職2024年,2024,313,2024-09-08 19:30:00,澄清湖棒球場,v0.1.0-2024,G1-G360 regular season,https://github.com/rebas-tw/rebas.tw-open-data/releases/download/v0.1.0-2024/CPBL-2024-OpenData.zip,CPBL-2024-OpenData/CPBL-2024-OpenData.json,台鋼雄鷹,富邦悍將,True,2,8,-6,0,0,1,1,0,0,0,34,8,5,9,4,0,0,4,4,0.25,6.5,27,9.0,13,4,0,5,1.8888888888888888,1.25,-7,主場,敗,大敗,低得分,高失分,一般拉鋸型,穩定攻擊,失分偏高,9,中職2024年,313.0,2024-09-08 19:30,澄清湖棒球場,富邦悍將,True,2.0,8.0,-6.0,False,主場,敗,大敗,低得分,高失分,0.0,1.0,1.0,False,False,False,被壓制型,34.0,8.0,5.0,9.0,4.0,0.0,0.0,4.0,4.0,0.25,6.5,攻勢受阻,27.0,9.0,13.0,4.0,0.0,5.0,1.88888888888889,1.25,-7.0,投打被突破
712,CPBL-2024-xa-315,中職2024年,2024,315,2024-09-08 17:05:00,樂天桃園棒球場,v0.1.0-2024,G1-G360 regular season,https://github.com/rebas-tw/rebas.tw-open-data/releases/download/v0.1.0-2024/CPBL-2024-OpenData.zip,CPBL-2024-OpenData/CPBL-2024-OpenData.json,味全龍,樂天桃猿,False,4,1,3,1,1,2,1,1,1,1,36,8,0,8,0,0,1,1,3,0.5,1.0,27,9.0,5,1,0,3,0.6666666666666666,3.0,1,客場,勝,中幅勝,中等得分,低失分,領先守成型,攻勢受阻,穩定守成,9,中職2024年,315.0,2024-09-08 17:05,樂天桃園棒球場,樂天桃猿,False,4.0,1.0,3.0,True,客場,勝,小勝,中等得分,低失分,1.0,2.0,1.0,True,True,True,全場壓制型,36.0,8.0,0.0,8.0,0.0,0.0,1.0,1.0,3.0,0.5,1.0,穩定攻擊,27.0,9.0,5.0,1.0,0.0,3.0,0.666666666666667,3.0,1.0,壓制力強
713,CPBL-2024-xa-315,中職2024年,2024,315,2024-09-08 17:05:00,樂天桃園棒球場,v0.1.0-2024,G1-G360 regular season,https://github.com/rebas-tw/rebas.tw-open-data/releases/download/v0.1.0-2024/CPBL-2024-OpenData.zip,CPBL-2024-OpenData/CPBL-2024-OpenData.json,樂天桃猿,味全龍,True,1,4,-3,0,0,1,0,0,0,0,31,5,1,3,1,0,0,1,1,0.2,1.5,27,9.0,8,0,1,8,0.8888888888888888,8.0,3,主場,敗,小敗,低得分,中等失分,一般拉鋸型,攻勢受阻,壓制力強,9,中職2024年,315.0,2024-09-08 17:05,樂天桃園棒球場,味全龍,True,1.0,4.0,-3.0,False,主場,敗,小敗,低得分,中等失分,0.0,1.0,0.0,False,False,False,被壓制型,31.0,5.0,1.0,3.0,1.0,0.0,0.0,1.0,1.0,0.2,1.5,低效進攻,27.0,9.0,8.0,0.0,1.0,8.0,0.888888888888889,8.0,3.0,穩定守成
714,CPBL-2024-xa-314,中職2024年,2024,314,2024-09-08 17:06:00,臺中市洲際棒球場,v0.1.0-2024,G1-G360 regular season,https://github.com/rebas-tw/rebas.tw-open-data/releases/download/v0.1.0-2024/CPBL-2024-OpenData.zip,CPBL-2024-OpenData/CPBL-2024-OpenData.json,統一7-ELEVEn獅,中信兄弟,False,5,7,-2,0,2,0,3,0,0,0,34,8,5,5,1,0,0,1,1,0.625,8.5,24,8.0,11,3,3,3,1.75,1.0,-10,客場,敗,小敗,中等得分,高失分,一般拉鋸型,火力強勢,失分偏高,9,中職2024年,314.0,2024-09-08 17:06,臺中市洲際棒球場,中信兄弟,False,5.0,7.0,-2.0,False,客場,敗,小敗,中等得分,高失分,2.0,0.0,3.0,False,False,False,被壓制型,34.0,8.0,5.0,5.0,1.0,0.0,0.0,1.0,1.0,0.625,8.5,穩定攻擊,24.0,8.0,11.0,3.0,3.0,3.0,1.75,1.0,-10.0,失分偏高
715,CPBL-2024-xa-314,中職2024年,2024,314,2024-09-08 17:06:00,臺中市洲際棒球場,v0.1.0-2024,G1-G360 regular season,https://github.com/rebas-tw/rebas.tw-open-data/releases/download/v0.1.0-2024/CPBL-2024-OpenData.zip,CPBL-2024-OpenData/CPBL-2024-OpenData.json,中信兄弟,統一7-ELEVEn獅,True,7,5,2,1,5,1,1,0,1,1,33,11,3,3,1,0,3,4,10,0.6363636363636364,12.5,27,9.0,8,5,0,5,1.4444444444444444,1.0,-5,主場,勝,中幅勝,高得分,中等失分,領先守成型,火力強勢,失分偏高,9,中職2024年,314.0,2024-09-08 17:06,臺中市洲際棒球場,統一7-ELEVEn獅,True,7.0,5.0,2.0,True,主場,勝,小勝,高得分,中等失分,5.0,1.0,1.0,False,True,True,全場壓制型,33.0,11.0,3.0,3.0,1.0,0.0,3.0,4.0,10.0,0.636363636363636,12.5,火力強勢,27.0,9.0,8.0,5.0,0.0,5.0,1.44444444444444,1.0,-5.0,失分偏高
716,CPBL-2024-xa-312,中職2024年,2024,312,2024-09-07 18:12:00,樂天桃園棒球場,v0.1.0-2024,G1-G360 regular season,https://github.com/rebas-tw/rebas.tw-open-data/releases/download/v0.1.0-2024/CPBL-2024-OpenData.zip,CPBL-2024-OpenData/CPBL-2024-OpenData.json,味全龍,樂天桃猿,False,3,9,-6,0,0,0,3,0,0,0,33,6,2,9,1,0,1,2,4,0.5,2.5,24,8.0,15,2,0,5,2.125,2.5,-6,客場,敗,大敗,中等得分,高失分,一般拉鋸型,攻勢受阻,失分偏高,9,中職2024年,312.0,2024-09-07 18:12,樂天桃園棒球場,樂天桃猿,False,3.0,9.0,-6.0,False,客場,敗,大敗,中等得分,高失分,0.0,0.0,3.0,False,False,False,被壓制型,33.0,6.0,2.0,9.0,1.0,0.0,1.0,2.0,4.0,0.5,2.5,零星攻勢,24.0,8.0,15.0,2.0,0.0,5.0,2.125,2.5,-6.0,投打被突破
717,CPBL-2024-xa-312,中職2024年,2024,312,2024-09-07 18:12:00,樂天桃園棒球場,v0.1.0-2024,G1-G360 regular season,https://github.com/rebas-tw/rebas.tw-open-data/releases/download/v0.1.0-2024/CPBL-2024-OpenData.zip,CPBL-2024-OpenData/CPBL-2024-OpenData.json,樂天桃猿,味全龍,True,9,3,6,1,6,3,0,1,1,1,37,15,2,5,3,2,0,5,7,0.6,13.5,27,9.0,6,2,1,9,0.8888888888888888,4.5,3,主場,勝,大勝,高得分,中等失分,領先守成型,火力強勢,壓制力強,9,中職2024年,312.0,2024-09-07 18:12,樂天桃園棒球場,味全龍,True,9.0,3.0,6.0,True,主場,勝,大勝,高得分,中等失分,6.0,3.0,0.0,True,True,True,全場壓制型,37.0,15.0,2.0,5.0,3.0,2.0,0.0,5.0,7.0,0.6,13.5,火力強勢,27.0,9.0,6.0,2.0,1.0,9.0,0.888888888888889,4.5,3.0,穩定守成
718,CPBL-2024-xa-311,中職2024年,2024,311,2024-09-07 17:05:00,臺中市洲際棒球場,v0.1.0-2024,G1-G360 regular season,https://github.com/rebas-tw/rebas.tw-open-data/releases/download/v0.1.0-2024/CPBL-2024-OpenData.zip,CPBL-2024-OpenData/CPBL-2024-OpenData.json,統一7-ELEVEn獅,中信兄弟,False,2,7,-5,0,1,1,0,1,1,0,35,10,2,6,2,0,0,2,2,0.2,3.0,24,8.0,10,2,1,10,1.5,5.0,0,客場,敗,大敗,低得分,高失分,一般拉鋸型,穩定攻擊,穩定守成,9,中職2024年,311.0,2024-09-07 17:05,臺中市洲際棒球場,中信兄弟,False,2.0,7.0,-5.0,False,客場,敗,大敗,低得分,高失分,1.0,1.0,0.0,True,True,False,拉鋸型,35.0,10.0,2.0,6.0,2.0,0.0,0.0,2.0,2.0,0.2,3.0,低效進攻,24.0,8.0,10.0,2.0,1.0,10.0,1.5,5.0,0.0,失分偏高
719,CPBL-2024-xa-311,中職2024年,2024,311,2024-09-07 17:05:00,臺中市洲際棒球場,v0.1.0-2024,G1-G360 regular season,https://github.com/rebas-tw/rebas.tw-open-data/releases/download/v0.1.0-2024/CPBL-2024-OpenData.zip,CPBL-2024-OpenData/CPBL-2024-OpenData.json,中信兄弟,統一7-ELEVEn獅,True,7,2,5,1,0,3,4,0,0,1,33,10,2,10,5,0,1,6,8,0.7,10.0,27,9.0,10,2,0,6,1.3333333333333333,3.0,2,主場,勝,大勝,高得分,低失分,領先守成型,火力強勢,壓制力強,9,中職2024年,311.0,2024-09-07 17:05,臺中市洲際棒球場,統一7-ELEVEn獅,True,7.0,2.0,5.0,True,主場,勝,大勝,高得分,低失分,0.0,3.0,4.0,False,False,True,後段追分型,33.0,10.0,2.0,10.0,5.0,0.0,1.0,6.0,8.0,0.7,10.0,火力強勢,27.0,9.0,10.0,2.0,0.0,6.0,1.33333333333333,3.0,2.0,穩定守成
720,CPBL-2024-xa-310,中職2024年,2024,310,2024-09-07 17:05:00,澄清湖棒球場,v0.1.0-2024,G1-G360 regular season,https://github.com/rebas-tw/rebas.tw-open-data/releases/download/v0.1.0-2024/CPBL-2024-OpenData.zip,CPBL-2024-OpenData/CPBL-2024-OpenData.json,富邦悍將,台鋼雄鷹,False,0,5,-5,0,0,0,0,0,0,0,30,6,0,4,1,0,0,1,1,0.0,-1.0,24,8.0,7,4,0,8,1.375,2.0,-1,客場,敗,大敗,低得分,中等失分,一般拉鋸型,攻勢受阻,穩定守成,9,中職2024年,310.0,2024-09-07 17:05,澄清湖棒球場,台鋼雄鷹,False,0.0,5.0,-5.0,False,客場,敗,大敗,低得分,中等失分,0.0,0.0,0.0,False,False,False,被壓制型,30.0,6.0,0.0,4.0,1.0,0.0,0.0,1.0,1.0,0.0,-1.0,低效進攻,24.0,8.0,7.0,4.0,0.0,8.0,1.375,2.0,-1.0,失分偏高
721,CPBL-2024-xa-310,中職2024年,2024,310,2024-09-07 17:05:00,澄清湖棒球場,v0.1.0-2024,G1-G360 regular season,https://github.com/rebas-tw/rebas.tw-open-data/releases/download/v0.1.0-2024/CPBL-2024-OpenData.zip,CPBL-2024-OpenData/CPBL-2024-OpenData.json,台鋼雄鷹,富邦悍將,True,5,0,5,1,0,3,2,1,0,1,29,7,4,8,3,1,0,4,5,0.7142857142857143,9.0,27,9.0,6,0,0,4,0.6666666666666666,4.0,4,主場,勝,大勝,中等得分,低失分,領先守成型,火力強勢,壓制力強,9,中職2024年,310.0,2024-09-07 17:05,澄清湖棒球場,富邦悍將,True,5.0,0.0,5.0,True,主場,勝,大勝,中等得分,低失分,0.0,3.0,2.0,True,False,True,後段追分型,29.0,7.0,4.0,8.0,3.0,1.0,0.0,4.0,5.0,0.714285714285714,9.0,零星攻勢,27.0,9.0,6.0,0.0,0.0,4.0,0.666666666666667,4.0,4.0,壓制力強
722,CPBL-2024-xa-309,中職2024年,2024,309,2024-09-06 18:36:00,樂天桃園棒球場,v0.1.0-2024,G1-G360 regular season,https://github.com/rebas-tw/rebas.tw-open-data/releases/download/v0.1.0-2024/CPBL-2024-OpenData.zip,CPBL-2024-OpenData/CPBL-2024-OpenData.json,味全龍,樂天桃猿,False,8,4,4,1,2,5,1,0,0,1,34,11,3,4,5,0,0,5,5,0.7272727272727273,14.0,27,9.0,6,4,1,4,1.1111111111111112,1.0,-5,客場,勝,中幅勝,高得分,中等失分,領先守成型,火力強勢,失分偏高,9,中職2024年,309.0,2024-09-06 18:36,樂天桃園棒球場,樂天桃猿,False,8.0,4.0,4.0,True,客場,勝,小勝,高得分,中等失分,2.0,5.0,1.0,False,False,True,拉鋸型,34.0,11.0,3.0,4.0,5.0,0.0,0.0,5.0,5.0,0.727272727272727,14.0,火力強勢,27.0,9.0,6.0,4.0,1.0,4.0,1.11111111111111,1.0,-5.0,普通防守
723,CPBL-2024-xa-309,中職2024年,2024,309,2024-09-06 18:36:00,樂天桃園棒球場,v0.1.0-2024,G1-G360 regular season,https://github.com/rebas-tw/rebas.tw-open-data/releases/download/v0.1.0-2024/CPBL-2024-OpenData.zip,CPBL-2024-OpenData/CPBL-2024-OpenData.json,樂天桃猿,味全龍,True,4,8,-4,0,4,0,0,1,1,0,31,6,4,4,2,0,1,3,5,0.6666666666666666,9.0,27,9.0,11,3,0,4,1.5555555555555556,1.3333333333333333,-7,主場,敗,大敗,中等得分,高失分,一般拉鋸型,火力強勢,失分偏高,9,中職2024年,309.0,2024-09-06 18:36,樂天桃園棒球場,味全龍,True,4.0,8.0,-4.0,False,主場,敗,小敗,中等得分,高失分,4.0,0.0,0.0,True,True,False,拉鋸型,31.0,6.0,4.0,4.0,2.0,0.0,1.0,3.0,5.0,0.666666666666667,9.0,零星攻勢,27.0,9.0,11.0,3.0,0.0,4.0,1.55555555555556,1.33333333333333,-7.0,失分偏高
724,CPBL-2024-xa-308,中職2024年,2024,308,2024-09-06 18:36:00,臺中市洲際棒球場,v0.1.0-2024,G1-G360 regular season,https://github.com/rebas-tw/rebas.tw-open-data/releases/download/v0.1.0-2024/CPBL-2024-OpenData.zip,CPBL-2024-OpenData/CPBL-2024-OpenData.json,統一7-ELEVEn獅,中信兄弟,False,7,8,-1,0,4,0,2,0,1,0,37,8,8,8,0,1,0,1,2,0.875,12.0,29,9.666666666666666,7,9,1,6,1.6551724137931036,0.6666666666666666,-12,客場,敗,小敗,高得分,高失分,一般拉鋸型,火力強勢,失分偏高,9,中職2024年,308.0,2024-09-06 18:36,臺中市洲際棒球場,中信兄弟,False,7.0,8.0,-1.0,False,客場,敗,小敗,高得分,高失分,4.0,0.0,2.0,False,True,False,拉鋸型,37.0,8.0,8.0,8.0,0.0,1.0,0.0,1.0,2.0,0.875,12.0,穩定攻擊,29.0,9.66666666666667,7.0,9.0,1.0,6.0,1.6551724137931,0.666666666666667,-12.0,失分偏高
725,CPBL-2024-xa-308,中職2024年,2024,308,2024-09-06 18:36:00,臺中市洲際棒球場,v0.1.0-2024,G1-G360 regular season,https://github.com/rebas-tw/rebas.tw-open-data/releases/download/v0.1.0-2024/CPBL-2024-OpenData.zip,CPBL-2024-OpenData/CPBL-2024-OpenData.json,中信兄弟,統一7-ELEVEn獅,True,8,7,1,1,3,2,1,0,0,1,37,7,9,6,0,0,1,1,3,1.1428571428571428,15.0,30,10.0,8,8,0,8,1.6,1.0,-7,主場,勝,小勝,高得分,高失分,領先守成型,火力強勢,失分偏高,9,中職2024年,308.0,2024-09-06 18:36,臺中市洲際棒球場,統一7-ELEVEn獅,True,8.0,7.0,1.0,True,主場,勝,小勝,高得分,高失分,3.0,2.0,1.0,False,False,True,拉鋸型,37.0,7.0,9.0,6.0,0.0,0.0,1.0,1.0,3.0,1.14285714285714,15.0,零星攻勢,30.0,10.0,8.0,8.0,0.0,8.0,1.6,1.0,-7.0,失分偏高
726,CPBL-2024-xa-307,中職2024年,2024,307,2024-09-06 18:35:00,嘉義市立棒球場,v0.1.0-2024,G1-G360 regular season,https://github.com/rebas-tw/rebas.tw-open-data/releases/download/v0.1.0-2024/CPBL-2024-OpenData.zip,CPBL-2024-OpenData/CPBL-2024-OpenData.json,富邦悍將,台鋼雄鷹,False,8,3,5,1,0,3,5,0,0,1,40,13,4,3,2,1,1,4,7,0.6153846153846154,14.5,27,9.0,5,4,0,12,1.0,3.0,5,客場,勝,大勝,高得分,中等失分,領先守成型,火力強勢,壓制力強,9,中職2024年,307.0,2024-09-06 18:35,嘉義市立棒球場,台鋼雄鷹,False,8.0,3.0,5.0,True,客場,勝,大勝,高得分,中等失分,0.0,3.0,5.0,False,False,True,後段追分型,40.0,13.0,4.0,3.0,2.0,1.0,1.0,4.0,7.0,0.615384615384615,14.5,火力強勢,27.0,9.0,5.0,4.0,0.0,12.0,1.0,3.0,5.0,穩定守成
727,CPBL-2024-xa-307,中職2024年,2024,307,2024-09-06 18:35:00,嘉義市立棒球場,v0.1.0-2024,G1-G360 regular season,https://github.com/rebas-tw/rebas.tw-open-data/releases/download/v0.1.0-2024/CPBL-2024-OpenData.zip,CPBL-2024-OpenData/CPBL-2024-OpenData.json,台鋼雄鷹,富邦悍將,True,3,8,-5,0,1,0,2,1,1,0,34,5,4,12,0,0,0,0,0,0.6,1.0,27,9.0,13,4,1,3,1.8888888888888888,0.75,-10,主場,敗,大敗,中等得分,高失分,一般拉鋸型,攻勢受阻,失分偏高,9,中職2024年,307.0,2024-09-06 18:35,嘉義市立棒球場,富邦悍將,True,3.0,8.0,-5.0,False,主場,敗,大敗,中等得分,高失分,1.0,0.0,2.0,True,True,False,後段追分型,34.0,5.0,4.0,12.0,0.0,0.0,0.0,0.0,0.0,0.6,1.0,零星攻勢,27.0,9.0,13.0,4.0,1.0,3.0,1.88888888888889,0.75,-10.0,投打被突破
728,CPBL-2024-xa-306,中職2024年,2024,306,2024-09-05 18:35:00,新北市立新莊棒球場,v0.1.0-2024,G1-G360 regular season,https://github.com/rebas-tw/rebas.tw-open-data/releases/download/v0.1.0-2024/CPBL-2024-OpenData.zip,CPBL-2024-OpenData/CPBL-2024-OpenData.json,味全龍,富邦悍將,False,5,0,5,1,3,2,0,1,1,1,30,7,4,5,0,1,0,1,2,0.7142857142857143,7.5,27,9.0,5,3,0,6,0.8888888888888888,2.0,3,客場,勝,大勝,中等得分,低失分,領先守成型,穩定攻擊,壓制力強,9,中職2024年,306.0,2024-09-05 18:35,新北市立新莊棒球場,富邦悍將,False,5.0,0.0,5.0,True,客場,勝,大勝,中等得分,低失分,3.0,2.0,0.0,True,True,True,全場壓制型,30.0,7.0,4.0,5.0,0.0,1.0,0.0,1.0,2.0,0.714285714285714,7.5,零星攻勢,27.0,9.0,5.0,3.0,0.0,6.0,0.888888888888889,2.0,3.0,壓制力強
729,CPBL-2024-xa-306,中職2024年,2024,306,2024-09-05 18:35:00,新北市立新莊棒球場,v0.1.0-2024,G1-G360 regular season,https://github.com/rebas-tw/rebas.tw-open-data/releases/download/v0.1.0-2024/CPBL-2024-OpenData.zip,CPBL-2024-OpenData/CPBL-2024-OpenData.json,富邦悍將,味全龍,True,0,5,-5,0,0,0,0,0,0,0,30,5,3,6,2,0,0,2,2,0.0,2.0,27,9.0,7,4,0,5,1.2222222222222223,1.25,-4,主場,敗,大敗,低得分,中等失分,一般拉鋸型,攻勢受阻,失分偏高,9,中職2024年,306.0,2024-09-05 18:35,新北市立新莊棒球場,味全龍,True,0.0,5.0,-5.0,False,主場,敗,大敗,低得分,中等失分,0.0,0.0,0.0,False,False,False,被壓制型,30.0,5.0,3.0,6.0,2.0,0.0,0.0,2.0,2.0,0.0,2.0,低效進攻,27.0,9.0,7.0,4.0,0.0,5.0,1.22222222222222,1.25,-4.0,失分偏高
730,CPBL-2024-xa-305,中職2024年,2024,305,2024-09-04 18:35:00,新北市立新莊棒球場,v0.1.0-2024,G1-G360 regular season,https://github.com/rebas-tw/rebas.tw-open-data/releases/download/v0.1.0-2024/CPBL-2024-OpenData.zip,CPBL-2024-OpenData/CPBL-2024-OpenData.json,味全龍,富邦悍將,False,2,1,1,1,2,0,0,1,1,1,35,10,0,4,0,0,0,0,0,0.2,0.0,27,9.0,5,2,0,6,0.7777777777777778,3.0,3,客場,勝,小勝,低得分,低失分,領先守成型,攻勢受阻,壓制力強,9,中職2024年,305.0,2024-09-04 18:35,新北市立新莊棒球場,富邦悍將,False,2.0,1.0,1.0,True,客場,勝,小勝,低得分,低失分,2.0,0.0,0.0,True,True,True,全場壓制型,35.0,10.0,0.0,4.0,0.0,0.0,0.0,0.0,0.0,0.2,0.0,低效進攻,27.0,9.0,5.0,2.0,0.0,6.0,0.777777777777778,3.0,3.0,壓制力強
731,CPBL-2024-xa-305,中職2024年,2024,305,2024-09-04 18:35:00,新北市立新莊棒球場,v0.1.0-2024,G1-G360 regular season,https://github.com/rebas-tw/rebas.tw-open-data/releases/download/v0.1.0-2024/CPBL-2024-OpenData.zip,CPBL-2024-OpenData/CPBL-2024-OpenData.json,富邦悍將,味全龍,True,1,2,-1,0,0,1,0,0,0,0,29,5,2,6,0,1,0,1,2,0.2,1.0,27,9.0,10,0,0,4,1.1111111111111112,4.0,2,主場,敗,小敗,低得分,低失分,一般拉鋸型,攻勢受阻,壓制力強,9,中職2024年,305.0,2024-09-04 18:35,新北市立新莊棒球場,味全龍,True,1.0,2.0,-1.0,False,主場,敗,小敗,低得分,低失分,0.0,1.0,0.0,False,False,False,被壓制型,29.0,5.0,2.0,6.0,0.0,1.0,0.0,1.0,2.0,0.2,1.0,低效進攻,27.0,9.0,10.0,0.0,0.0,4.0,1.11111111111111,4.0,2.0,壓制力強
732,CPBL-2024-xa-304,中職2024年,2024,304,2024-09-04 18:35:00,臺南市立棒球場,v0.1.0-2024,G1-G360 regular season,https://github.com/rebas-tw/rebas.tw-open-data/releases/download/v0.1.0-2024/CPBL-2024-OpenData.zip,CPBL-2024-OpenData/CPBL-2024-OpenData.json,樂天桃猿,統一7-ELEVEn獅,False,9,3,6,1,4,2,3,1,1,1,40,15,2,9,1,1,1,3,6,0.6,9.5,27,9.0,11,2,1,3,1.4444444444444444,1.5,-3,客場,勝,大勝,高得分,中等失分,領先守成型,火力強勢,穩定守成,9,中職2024年,304.0,2024-09-04 18:35,臺南市立棒球場,統一7-ELEVEn獅,False,9.0,3.0,6.0,True,客場,勝,大勝,高得分,中等失分,4.0,2.0,3.0,True,True,True,全場壓制型,40.0,15.0,2.0,9.0,1.0,1.0,1.0,3.0,6.0,0.6,9.5,火力強勢,27.0,9.0,11.0,2.0,1.0,3.0,1.44444444444444,1.5,-3.0,普通防守
733,CPBL-2024-xa-304,中職2024年,2024,304,2024-09-04 18:35:00,臺南市立棒球場,v0.1.0-2024,G1-G360 regular season,https://github.com/rebas-tw/rebas.tw-open-data/releases/download/v0.1.0-2024/CPBL-2024-OpenData.zip,CPBL-2024-OpenData/CPBL-2024-OpenData.json,統一7-ELEVEn獅,樂天桃猿,True,3,9,-6,0,1,0,2,0,0,0,36,11,2,3,2,0,1,3,5,0.2727272727272727,6.5,27,9.0,15,2,1,9,1.8888888888888888,4.5,-3,主場,敗,大敗,中等得分,高失分,一般拉鋸型,穩定攻擊,穩定守成,9,中職2024年,304.0,2024-09-04 18:35,臺南市立棒球場,樂天桃猿,True,3.0,9.0,-6.0,False,主場,敗,大敗,中等得分,高失分,1.0,0.0,2.0,False,False,False,被壓制型,36.0,11.0,2.0,3.0,2.0,0.0,1.0,3.0,5.0,0.272727272727273,6.5,穩定攻擊,27.0,9.0,15.0,2.0,1.0,9.0,1.88888888888889,4.5,-3.0,投打被突破
734,CPBL-2024-xa-303,中職2024年,2024,303,2024-09-04 18:35:00,臺東棒球村第一棒球場,v0.1.0-2024,G1-G360 regular season,https://github.com/rebas-tw/rebas.tw-open-data/releases/download/v0.1.0-2024/CPBL-2024-OpenData.zip,CPBL-2024-OpenData/CPBL-2024-OpenData.json,中信兄弟,台鋼雄鷹,False,2,6,-4,0,1,0,1,1,1,0,34,7,3,7,1,0,0,1,1,0.2857142857142857,2.5,24,8.0,7,5,0,5,1.5,1.0,-6,客場,敗,大敗,低得分,高失分,一般拉鋸型,攻勢受阻,失分偏高,9,中職2024年,303.0,2024-09-04 18:35,臺東棒球村第一棒球場,台鋼雄鷹,False,2.0,6.0,-4.0,False,客場,敗,小敗,低得分,高失分,1.0,0.0,1.0,True,True,False,拉鋸型,34.0,7.0,3.0,7.0,1.0,0.0,0.0,1.0,1.0,0.285714285714286,2.5,低效進攻,24.0,8.0,7.0,5.0,0.0,5.0,1.5,1.0,-6.0,失分偏高
735,CPBL-2024-xa-303,中職2024年,2024,303,2024-09-04 18:35:00,臺東棒球村第一棒球場,v0.1.0-2024,G1-G360 regular season,https://github.com/rebas-tw/rebas.tw-open-data/releases/download/v0.1.0-2024/CPBL-2024-OpenData.zip,CPBL-2024-OpenData/CPBL-2024-OpenData.json,台鋼雄鷹,中信兄弟,True,6,2,4,1,0,6,0,0,0,1,29,7,5,5,2,0,0,2,2,0.8571428571428571,10.5,27,9.0,7,3,0,7,1.1111111111111112,2.3333333333333335,2,主場,勝,中幅勝,高得分,低失分,領先守成型,火力強勢,壓制力強,9,中職2024年,303.0,2024-09-04 18:35,臺東棒球村第一棒球場,中信兄弟,True,6.0,2.0,4.0,True,主場,勝,小勝,高得分,低失分,0.0,6.0,0.0,False,False,True,拉鋸型,29.0,7.0,5.0,5.0,2.0,0.0,0.0,2.0,2.0,0.857142857142857,10.5,零星攻勢,27.0,9.0,7.0,3.0,0.0,7.0,1.11111111111111,2.33333333333333,2.0,壓制力強
736,CPBL-2024-xa-302,中職2024年,2024,302,2024-09-03 18:35:00,臺南市立棒球場,v0.1.0-2024,G1-G360 regular season,https://github.com/rebas-tw/rebas.tw-open-data/releases/download/v0.1.0-2024/CPBL-2024-OpenData.zip,CPBL-2024-OpenData/CPBL-2024-OpenData.json,樂天桃猿,統一7-ELEVEn獅,False,1,4,-3,0,0,0,1,0,0,0,32,5,3,9,1,0,0,1,1,0.2,0.5,24,8.0,6,7,0,6,1.625,0.8571428571428571,-5,客場,敗,小敗,低得分,中等失分,一般拉鋸型,攻勢受阻,失分偏高,9,中職2024年,302.0,2024-09-03 18:35,臺南市立棒球場,統一7-ELEVEn獅,False,1.0,4.0,-3.0,False,客場,敗,小敗,低得分,中等失分,0.0,0.0,1.0,False,False,False,被壓制型,32.0,5.0,3.0,9.0,1.0,0.0,0.0,1.0,1.0,0.2,0.5,攻勢受阻,24.0,8.0,6.0,7.0,0.0,6.0,1.625,0.857142857142857,-5.0,普通防守
737,CPBL-2024-xa-302,中職2024年,2024,302,2024-09-03 18:35:00,臺南市立棒球場,v0.1.0-2024,G1-G360 regular season,https://github.com/rebas-tw/rebas.tw-open-data/releases/download/v0.1.0-2024/CPBL-2024-OpenData.zip,CPBL-2024-OpenData/CPBL-2024-OpenData.json,統一7-ELEVEn獅,樂天桃猿,True,4,1,3,1,2,0,2,1,1,1,29,6,7,6,0,0,0,0,0,0.6666666666666666,8.0,27,9.0,5,3,0,9,0.8888888888888888,3.0,5,主場,勝,中幅勝,中等得分,低失分,領先守成型,火力強勢,壓制力強,9,中職2024年,302.0,2024-09-03 18:35,臺南市立棒球場,樂天桃猿,True,4.0,1.0,3.0,True,主場,勝,小勝,中等得分,低失分,2.0,0.0,2.0,True,True,True,全場壓制型,29.0,6.0,7.0,6.0,0.0,0.0,0.0,0.0,0.0,0.666666666666667,8.0,零星攻勢,27.0,9.0,5.0,3.0,0.0,9.0,0.888888888888889,3.0,5.0,壓制力強
738,CPBL-2024-xa-301,中職2024年,2024,301,2024-09-03 18:36:00,臺東棒球村第一棒球場,v0.1.0-2024,G1-G360 regular season,https://github.com/rebas-tw/rebas.tw-open-data/releases/download/v0.1.0-2024/CPBL-2024-OpenData.zip,CPBL-2024-OpenData/CPBL-2024-OpenData.json,中信兄弟,台鋼雄鷹,False,8,1,7,1,0,8,0,0,0,1,36,13,5,5,3,0,0,3,3,0.6153846153846154,13.5,27,9.0,8,2,0,8,1.1111111111111112,4.0,5,客場,勝,大勝,高得分,低失分,領先守成型,火力強勢,壓制力強,9,中職2024年,301.0,2024-09-03 18:36,臺東棒球村第一棒球場,台鋼雄鷹,False,8.0,1.0,7.0,True,客場,勝,大勝,高得分,低失分,0.0,8.0,0.0,False,False,True,拉鋸型,36.0,13.0,5.0,5.0,3.0,0.0,0.0,3.0,3.0,0.615384615384615,13.5,火力強勢,27.0,9.0,8.0,2.0,0.0,8.0,1.11111111111111,4.0,5.0,壓制力強
739,CPBL-2024-xa-301,中職2024年,2024,301,2024-09-03 18:36:00,臺東棒球村第一棒球場,v0.1.0-2024,G1-G360 regular season,https://github.com/rebas-tw/rebas.tw-open-data/releases/download/v0.1.0-2024/CPBL-2024-OpenData.zip,CPBL-2024-OpenData/CPBL-2024-OpenData.json,台鋼雄鷹,中信兄弟,True,1,8,-7,0,0,1,0,0,0,0,35,8,2,8,0,0,0,0,0,0.125,-1.0,27,9.0,13,5,0,5,2.0,1.0,-8,主場,敗,大敗,低得分,高失分,一般拉鋸型,攻勢受阻,失分偏高,9,中職2024年,301.0,2024-09-03 18:36,臺東棒球村第一棒球場,中信兄弟,True,1.0,8.0,-7.0,False,主場,敗,大敗,低得分,高失分,0.0,1.0,0.0,False,False,False,被壓制型,35.0,8.0,2.0,8.0,0.0,0.0,0.0,0.0,0.0,0.125,-1.0,攻勢受阻,27.0,9.0,13.0,5.0,0.0,5.0,2.0,1.0,-8.0,投打被突破
740,CPBL-2024-xa-300,中職2024年,2024,300,2024-09-01 17:05:00,臺北市立天母棒球場,v0.1.0-2024,G1-G360 regular season,https://github.com/rebas-tw/rebas.tw-open-data/releases/download/v0.1.0-2024/CPBL-2024-OpenData.zip,CPBL-2024-OpenData/CPBL-2024-OpenData.json,統一7-ELEVEn獅,味全龍,False,7,8,-1,0,3,1,3,1,0,0,35,12,2,3,3,1,1,5,8,0.5833333333333334,12.5,24,8.0,12,5,0,5,2.125,1.0,-8,客場,敗,小敗,高得分,高失分,一般拉鋸型,火力強勢,失分偏高,9,中職2024年,300.0,2024-09-01 17:05,臺北市立天母棒球場,味全龍,False,7.0,8.0,-1.0,False,客場,敗,小敗,高得分,高失分,3.0,1.0,3.0,True,False,False,被壓制型,35.0,12.0,2.0,3.0,3.0,1.0,1.0,5.0,8.0,0.583333333333333,12.5,火力強勢,24.0,8.0,12.0,5.0,0.0,5.0,2.125,1.0,-8.0,投打被突破
741,CPBL-2024-xa-300,中職2024年,2024,300,2024-09-01 17:05:00,臺北市立天母棒球場,v0.1.0-2024,G1-G360 regular season,https://github.com/rebas-tw/rebas.tw-open-data/releases/download/v0.1.0-2024/CPBL-2024-OpenData.zip,CPBL-2024-OpenData/CPBL-2024-OpenData.json,味全龍,統一7-ELEVEn獅,True,8,7,1,1,3,4,1,0,0,1,35,12,5,5,5,0,0,5,5,0.6666666666666666,15.5,27,9.0,12,2,1,3,1.5555555555555556,1.5,-7,主場,勝,小勝,高得分,高失分,領先守成型,火力強勢,失分偏高,9,中職2024年,300.0,2024-09-01 17:05,臺北市立天母棒球場,統一7-ELEVEn獅,True,8.0,7.0,1.0,True,主場,勝,小勝,高得分,高失分,3.0,4.0,1.0,False,False,True,拉鋸型,35.0,12.0,5.0,5.0,5.0,0.0,0.0,5.0,5.0,0.666666666666667,15.5,火力強勢,27.0,9.0,12.0,2.0,1.0,3.0,1.55555555555556,1.5,-7.0,失分偏高
742,CPBL-2024-xa-299,中職2024年,2024,299,2024-09-01 17:05:00,新北市立新莊棒球場,v0.1.0-2024,G1-G360 regular season,https://github.com/rebas-tw/rebas.tw-open-data/releases/download/v0.1.0-2024/CPBL-2024-OpenData.zip,CPBL-2024-OpenData/CPBL-2024-OpenData.json,中信兄弟,富邦悍將,False,8,5,3,1,2,2,4,1,1,0,35,12,1,9,1,0,2,3,7,0.6666666666666666,7.5,27,9.0,10,3,0,10,1.4444444444444444,3.3333333333333335,2,客場,勝,中幅勝,高得分,中等失分,後段逆轉型,穩定攻擊,壓制力強,9,中職2024年,299.0,2024-09-01 17:05,新北市立新莊棒球場,富邦悍將,False,8.0,5.0,3.0,True,客場,勝,小勝,高得分,中等失分,2.0,2.0,4.0,True,True,False,後段逆轉型,35.0,12.0,1.0,9.0,1.0,0.0,2.0,3.0,7.0,0.666666666666667,7.5,火力強勢,27.0,9.0,10.0,3.0,0.0,10.0,1.44444444444444,3.33333333333333,2.0,失分偏高
743,CPBL-2024-xa-299,中職2024年,2024,299,2024-09-01 17:05:00,新北市立新莊棒球場,v0.1.0-2024,G1-G360 regular season,https://github.com/rebas-tw/rebas.tw-open-data/releases/download/v0.1.0-2024/CPBL-2024-OpenData.zip,CPBL-2024-OpenData/CPBL-2024-OpenData.json,富邦悍將,中信兄弟,True,5,8,-3,0,0,5,0,0,0,1,34,10,3,10,1,0,0,1,1,0.5,4.0,27,9.0,12,1,2,9,1.4444444444444444,9.0,-2,主場,敗,小敗,中等得分,高失分,後段失守型,穩定攻擊,穩定守成,9,中職2024年,299.0,2024-09-01 17:05,新北市立新莊棒球場,中信兄弟,True,5.0,8.0,-3.0,False,主場,敗,小敗,中等得分,高失分,0.0,5.0,0.0,False,False,True,拉鋸型,34.0,10.0,3.0,10.0,1.0,0.0,0.0,1.0,1.0,0.5,4.0,穩定攻擊,27.0,9.0,12.0,1.0,2.0,9.0,1.44444444444444,9.0,-2.0,失分偏高
744,CPBL-2024-xa-298,中職2024年,2024,298,2024-09-01 17:07:00,樂天桃園棒球場,v0.1.0-2024,G1-G360 regular season,https://github.com/rebas-tw/rebas.tw-open-data/releases/download/v0.1.0-2024/CPBL-2024-OpenData.zip,CPBL-2024-OpenData/CPBL-2024-OpenData.json,台鋼雄鷹,樂天桃猿,False,11,6,5,1,1,6,4,1,1,1,40,12,4,4,2,1,0,3,4,0.9166666666666666,16.0,27,9.0,10,4,0,3,1.5555555555555556,0.75,-7,客場,勝,大勝,高得分,高失分,領先守成型,火力強勢,失分偏高,9,中職2024年,298.0,2024-09-01 17:07,樂天桃園棒球場,樂天桃猿,False,11.0,6.0,5.0,True,客場,勝,大勝,高得分,高失分,1.0,6.0,4.0,True,True,True,全場壓制型,40.0,12.0,4.0,4.0,2.0,1.0,0.0,3.0,4.0,0.916666666666667,16.0,火力強勢,27.0,9.0,10.0,4.0,0.0,3.0,1.55555555555556,0.75,-7.0,失分偏高
745,CPBL-2024-xa-298,中職2024年,2024,298,2024-09-01 17:07:00,樂天桃園棒球場,v0.1.0-2024,G1-G360 regular season,https://github.com/rebas-tw/rebas.tw-open-data/releases/download/v0.1.0-2024/CPBL-2024-OpenData.zip,CPBL-2024-OpenData/CPBL-2024-OpenData.json,樂天桃猿,台鋼雄鷹,True,6,11,-5,0,0,4,2,0,0,0,33,10,4,3,1,0,0,1,1,0.6,9.5,27,9.0,12,4,0,4,1.7777777777777777,1.0,-11,主場,敗,大敗,高得分,高失分,一般拉鋸型,火力強勢,失分偏高,9,中職2024年,298.0,2024-09-01 17:07,樂天桃園棒球場,台鋼雄鷹,True,6.0,11.0,-5.0,False,主場,敗,大敗,高得分,高失分,0.0,4.0,2.0,False,False,False,被壓制型,33.0,10.0,4.0,3.0,1.0,0.0,0.0,1.0,1.0,0.6,9.5,穩定攻擊,27.0,9.0,12.0,4.0,0.0,4.0,1.77777777777778,1.0,-11.0,失分偏高
746,CPBL-2024-xa-297,中職2024年,2024,297,2024-08-31 17:05:00,臺北市立天母棒球場,v0.1.0-2024,G1-G360 regular season,https://github.com/rebas-tw/rebas.tw-open-data/releases/download/v0.1.0-2024/CPBL-2024-OpenData.zip,CPBL-2024-OpenData/CPBL-2024-OpenData.json,統一7-ELEVEn獅,味全龍,False,2,3,-1,0,1,0,0,1,1,1,36,9,4,3,1,0,0,1,1,0.2222222222222222,5.5,28,9.333333333333334,9,1,0,6,1.0714285714285714,6.0,2,客場,敗,小敗,低得分,中等失分,後段失守型,穩定攻擊,壓制力強,8,中職2024年,297.0,2024-08-31 17:05,臺北市立天母棒球場,味全龍,False,2.0,3.0,-1.0,False,客場,敗,小敗,低得分,中等失分,1.0,0.0,0.0,True,True,True,拉鋸型,36.0,9.0,4.0,3.0,1.0,0.0,0.0,1.0,1.0,0.222222222222222,5.5,低效進攻,28.0,9.33333333333333,9.0,1.0,0.0,6.0,1.07142857142857,6.0,2.0,穩定守成
747,CPBL-2024-xa-297,中職2024年,2024,297,2024-08-31 17:05:00,臺北市立天母棒球場,v0.1.0-2024,G1-G360 regular season,https://github.com/rebas-tw/rebas.tw-open-data/releases/download/v0.1.0-2024/CPBL-2024-OpenData.zip,CPBL-2024-OpenData/CPBL-2024-OpenData.json,味全龍,統一7-ELEVEn獅,True,3,2,1,1,0,0,1,0,0,0,35,9,1,6,1,0,0,1,1,0.3333333333333333,2.0,30,10.0,9,4,0,3,1.3,0.75,-3,主場,勝,小勝,中等得分,低失分,後段逆轉型,攻勢受阻,穩定守成,8,中職2024年,297.0,2024-08-31 17:05,臺北市立天母棒球場,統一7-ELEVEn獅,True,3.0,2.0,1.0,True,主場,勝,小勝,中等得分,低失分,0.0,0.0,1.0,False,False,False,後段逆轉型,35.0,9.0,1.0,6.0,1.0,0.0,0.0,1.0,1.0,0.333333333333333,2.0,穩定攻擊,30.0,10.0,9.0,4.0,0.0,3.0,1.3,0.75,-3.0,普通防守
748,CPBL-2024-xa-296,中職2024年,2024,296,2024-08-31 17:05:00,新北市立新莊棒球場,v0.1.0-2024,G1-G360 regular season,https://github.com/rebas-tw/rebas.tw-open-data/releases/download/v0.1.0-2024/CPBL-2024-OpenData.zip,CPBL-2024-OpenData/CPBL-2024-OpenData.json,中信兄弟,富邦悍將,False,7,5,2,1,5,0,2,1,1,0,36,11,6,9,0,0,0,0,0,0.6363636363636364,8.5,27,9.0,7,4,1,10,1.2222222222222223,2.5,0,客場,勝,中幅勝,高得分,中等失分,後段逆轉型,火力強勢,穩定守成,8,中職2024年,296.0,2024-08-31 17:05,新北市立新莊棒球場,富邦悍將,False,7.0,5.0,2.0,True,客場,勝,小勝,高得分,中等失分,5.0,0.0,2.0,True,True,False,後段逆轉型,36.0,11.0,6.0,9.0,0.0,0.0,0.0,0.0,0.0,0.636363636363636,8.5,穩定攻擊,27.0,9.0,7.0,4.0,1.0,10.0,1.22222222222222,2.5,0.0,失分偏高
749,CPBL-2024-xa-296,中職2024年,2024,296,2024-08-31 17:05:00,新北市立新莊棒球場,v0.1.0-2024,G1-G360 regular season,https://github.com/rebas-tw/rebas.tw-open-data/releases/download/v0.1.0-2024/CPBL-2024-OpenData.zip,CPBL-2024-OpenData/CPBL-2024-OpenData.json,富邦悍將,中信兄弟,True,5,7,-2,0,2,3,0,0,0,0,32,7,4,10,1,0,1,2,4,0.7142857142857143,6.0,27,9.0,11,6,0,9,1.8888888888888888,1.5,-4,主場,敗,小敗,中等得分,高失分,一般拉鋸型,穩定攻擊,失分偏高,8,中職2024年,296.0,2024-08-31 17:05,新北市立新莊棒球場,中信兄弟,True,5.0,7.0,-2.0,False,主場,敗,小敗,中等得分,高失分,2.0,3.0,0.0,False,False,False,被壓制型,32.0,7.0,4.0,10.0,1.0,0.0,1.0,2.0,4.0,0.714285714285714,6.0,零星攻勢,27.0,9.0,11.0,6.0,0.0,9.0,1.88888888888889,1.5,-4.0,投打被突破
750,CPBL-2024-xa-295,中職2024年,2024,295,2024-08-31 17:06:00,樂天桃園棒球場,v0.1.0-2024,G1-G360 regular season,https://github.com/rebas-tw/rebas.tw-open-data/releases/download/v0.1.0-2024/CPBL-2024-OpenData.zip,CPBL-2024-OpenData/CPBL-2024-OpenData.json,台鋼雄鷹,樂天桃猿,False,11,4,7,1,4,3,4,1,1,1,40,16,4,4,3,0,1,4,6,0.6875,17.0,27,9.0,10,2,0,5,1.3333333333333333,2.5,-1,客場,勝,大勝,高得分,中等失分,領先守成型,火力強勢,穩定守成,8,中職2024年,295.0,2024-08-31 17:06,樂天桃園棒球場,樂天桃猿,False,11.0,4.0,7.0,True,客場,勝,大勝,高得分,中等失分,4.0,3.0,4.0,True,True,True,全場壓制型,40.0,16.0,4.0,4.0,3.0,0.0,1.0,4.0,6.0,0.6875,17.0,火力強勢,27.0,9.0,10.0,2.0,0.0,5.0,1.33333333333333,2.5,-1.0,普通防守
751,CPBL-2024-xa-295,中職2024年,2024,295,2024-08-31 17:06:00,樂天桃園棒球場,v0.1.0-2024,G1-G360 regular season,https://github.com/rebas-tw/rebas.tw-open-data/releases/download/v0.1.0-2024/CPBL-2024-OpenData.zip,CPBL-2024-OpenData/CPBL-2024-OpenData.json,樂天桃猿,台鋼雄鷹,True,4,11,-7,0,0,4,0,0,0,0,36,10,2,5,1,0,0,1,1,0.4,4.5,27,9.0,16,4,1,4,2.2222222222222223,1.0,-12,主場,敗,大敗,中等得分,高失分,一般拉鋸型,穩定攻擊,失分偏高,8,中職2024年,295.0,2024-08-31 17:06,樂天桃園棒球場,台鋼雄鷹,True,4.0,11.0,-7.0,False,主場,敗,大敗,中等得分,高失分,0.0,4.0,0.0,False,False,False,被壓制型,36.0,10.0,2.0,5.0,1.0,0.0,0.0,1.0,1.0,0.4,4.5,穩定攻擊,27.0,9.0,16.0,4.0,1.0,4.0,2.22222222222222,1.0,-12.0,投打被突破
752,CPBL-2024-xa-294,中職2024年,2024,294,2024-08-30 18:35:00,臺北市立天母棒球場,v0.1.0-2024,G1-G360 regular season,https://github.com/rebas-tw/rebas.tw-open-data/releases/download/v0.1.0-2024/CPBL-2024-OpenData.zip,CPBL-2024-OpenData/CPBL-2024-OpenData.json,統一7-ELEVEn獅,味全龍,False,0,6,-6,0,0,0,0,0,0,0,34,8,2,9,1,0,0,1,1,0.0,-1.5,24,8.0,10,1,2,8,1.375,8.0,-1,客場,敗,大敗,低得分,高失分,一般拉鋸型,攻勢受阻,穩定守成,8,中職2024年,294.0,2024-08-30 18:35,臺北市立天母棒球場,味全龍,False,0.0,6.0,-6.0,False,客場,敗,大敗,低得分,高失分,0.0,0.0,0.0,False,False,False,被壓制型,34.0,8.0,2.0,9.0,1.0,0.0,0.0,1.0,1.0,0.0,-1.5,攻勢受阻,24.0,8.0,10.0,1.0,2.0,8.0,1.375,8.0,-1.0,失分偏高
753,CPBL-2024-xa-294,中職2024年,2024,294,2024-08-30 18:35:00,臺北市立天母棒球場,v0.1.0-2024,G1-G360 regular season,https://github.com/rebas-tw/rebas.tw-open-data/releases/download/v0.1.0-2024/CPBL-2024-OpenData.zip,CPBL-2024-OpenData/CPBL-2024-OpenData.json,味全龍,統一7-ELEVEn獅,True,6,0,6,1,2,2,2,1,1,1,32,10,1,8,2,1,2,5,10,0.6,8.0,27,9.0,8,2,0,9,1.1111111111111112,4.5,7,主場,勝,大勝,高得分,低失分,領先守成型,火力強勢,壓制力強,8,中職2024年,294.0,2024-08-30 18:35,臺北市立天母棒球場,統一7-ELEVEn獅,True,6.0,0.0,6.0,True,主場,勝,大勝,高得分,低失分,2.0,2.0,2.0,True,True,True,全場壓制型,32.0,10.0,1.0,8.0,2.0,1.0,2.0,5.0,10.0,0.6,8.0,火力強勢,27.0,9.0,8.0,2.0,0.0,9.0,1.11111111111111,4.5,7.0,壓制力強
754,CPBL-2024-xa-293,中職2024年,2024,293,2024-08-30 18:35:00,新北市立新莊棒球場,v0.1.0-2024,G1-G360 regular season,https://github.com/rebas-tw/rebas.tw-open-data/releases/download/v0.1.0-2024/CPBL-2024-OpenData.zip,CPBL-2024-OpenData/CPBL-2024-OpenData.json,中信兄弟,富邦悍將,False,3,1,2,1,0,3,0,0,0,1,31,7,1,6,1,0,0,1,1,0.42857142857142855,2.0,27,9.0,7,2,0,3,1.0,1.5,0,客場,勝,中幅勝,中等得分,低失分,領先守成型,攻勢受阻,穩定守成,8,中職2024年,293.0,2024-08-30 18:35,新北市立新莊棒球場,富邦悍將,False,3.0,1.0,2.0,True,客場,勝,小勝,中等得分,低失分,0.0,3.0,0.0,False,False,True,拉鋸型,31.0,7.0,1.0,6.0,1.0,0.0,0.0,1.0,1.0,0.428571428571429,2.0,零星攻勢,27.0,9.0,7.0,2.0,0.0,3.0,1.0,1.5,0.0,壓制力強
755,CPBL-2024-xa-293,中職2024年,2024,293,2024-08-30 18:35:00,新北市立新莊棒球場,v0.1.0-2024,G1-G360 regular season,https://github.com/rebas-tw/rebas.tw-open-data/releases/download/v0.1.0-2024/CPBL-2024-OpenData.zip,CPBL-2024-OpenData/CPBL-2024-OpenData.json,富邦悍將,中信兄弟,True,1,3,-2,0,0,1,0,0,0,0,31,7,2,3,1,0,0,1,1,0.14285714285714285,2.5,27,9.0,7,1,0,6,0.8888888888888888,6.0,2,主場,敗,小敗,低得分,中等失分,一般拉鋸型,攻勢受阻,壓制力強,8,中職2024年,293.0,2024-08-30 18:35,新北市立新莊棒球場,中信兄弟,True,1.0,3.0,-2.0,False,主場,敗,小敗,低得分,中等失分,0.0,1.0,0.0,False,False,False,被壓制型,31.0,7.0,2.0,3.0,1.0,0.0,0.0,1.0,1.0,0.142857142857143,2.5,低效進攻,27.0,9.0,7.0,1.0,0.0,6.0,0.888888888888889,6.0,2.0,穩定守成
756,CPBL-2024-xa-292,中職2024年,2024,292,2024-08-30 18:36:00,樂天桃園棒球場,v0.1.0-2024,G1-G360 regular season,https://github.com/rebas-tw/rebas.tw-open-data/releases/download/v0.1.0-2024/CPBL-2024-OpenData.zip,CPBL-2024-OpenData/CPBL-2024-OpenData.json,台鋼雄鷹,樂天桃猿,False,2,8,-6,0,1,0,1,0,0,0,32,6,3,5,3,0,0,3,3,0.3333333333333333,5.5,24,8.0,12,2,2,6,1.75,3.0,-6,客場,敗,大敗,低得分,高失分,一般拉鋸型,穩定攻擊,失分偏高,8,中職2024年,292.0,2024-08-30 18:36,樂天桃園棒球場,樂天桃猿,False,2.0,8.0,-6.0,False,客場,敗,大敗,低得分,高失分,1.0,0.0,1.0,False,False,False,被壓制型,32.0,6.0,3.0,5.0,3.0,0.0,0.0,3.0,3.0,0.333333333333333,5.5,低效進攻,24.0,8.0,12.0,2.0,2.0,6.0,1.75,3.0,-6.0,失分偏高
757,CPBL-2024-xa-292,中職2024年,2024,292,2024-08-30 18:36:00,樂天桃園棒球場,v0.1.0-2024,G1-G360 regular season,https://github.com/rebas-tw/rebas.tw-open-data/releases/download/v0.1.0-2024/CPBL-2024-OpenData.zip,CPBL-2024-OpenData/CPBL-2024-OpenData.json,樂天桃猿,台鋼雄鷹,True,8,2,6,1,1,3,4,1,0,1,36,12,2,6,1,1,2,4,9,0.6666666666666666,11.0,27,9.0,6,3,0,5,1.0,1.6666666666666667,0,主場,勝,大勝,高得分,低失分,領先守成型,火力強勢,穩定守成,8,中職2024年,292.0,2024-08-30 18:36,樂天桃園棒球場,台鋼雄鷹,True,8.0,2.0,6.0,True,主場,勝,大勝,高得分,低失分,1.0,3.0,4.0,True,False,True,後段追分型,36.0,12.0,2.0,6.0,1.0,1.0,2.0,4.0,9.0,0.666666666666667,11.0,火力強勢,27.0,9.0,6.0,3.0,0.0,5.0,1.0,1.66666666666667,0.0,壓制力強
758,CPBL-2024-xa-291,中職2024年,2024,291,2024-08-29 18:36:00,澄清湖棒球場,v0.1.0-2024,G1-G360 regular season,https://github.com/rebas-tw/rebas.tw-open-data/releases/download/v0.1.0-2024/CPBL-2024-OpenData.zip,CPBL-2024-OpenData/CPBL-2024-OpenData.json,統一7-ELEVEn獅,台鋼雄鷹,False,11,2,9,1,3,5,3,1,1,1,42,15,4,5,4,1,0,5,6,0.7333333333333333,17.5,27,9.0,9,1,0,8,1.1111111111111112,8.0,5,客場,勝,大勝,高得分,低失分,領先守成型,火力強勢,壓制力強,8,中職2024年,291.0,2024-08-29 18:36,澄清湖棒球場,台鋼雄鷹,False,11.0,2.0,9.0,True,客場,勝,大勝,高得分,低失分,3.0,5.0,3.0,True,True,True,全場壓制型,42.0,15.0,4.0,5.0,4.0,1.0,0.0,5.0,6.0,0.733333333333333,17.5,火力強勢,27.0,9.0,9.0,1.0,0.0,8.0,1.11111111111111,8.0,5.0,壓制力強
759,CPBL-2024-xa-291,中職2024年,2024,291,2024-08-29 18:36:00,澄清湖棒球場,v0.1.0-2024,G1-G360 regular season,https://github.com/rebas-tw/rebas.tw-open-data/releases/download/v0.1.0-2024/CPBL-2024-OpenData.zip,CPBL-2024-OpenData/CPBL-2024-OpenData.json,台鋼雄鷹,統一7-ELEVEn獅,True,2,11,-9,0,0,2,0,0,0,0,34,9,1,8,2,0,0,2,2,0.2222222222222222,1.0,27,9.0,15,4,0,5,2.111111111111111,1.25,-10,主場,敗,大敗,低得分,高失分,一般拉鋸型,攻勢受阻,失分偏高,8,中職2024年,291.0,2024-08-29 18:36,澄清湖棒球場,統一7-ELEVEn獅,True,2.0,11.0,-9.0,False,主場,敗,大敗,低得分,高失分,0.0,2.0,0.0,False,False,False,被壓制型,34.0,9.0,1.0,8.0,2.0,0.0,0.0,2.0,2.0,0.222222222222222,1.0,攻勢受阻,27.0,9.0,15.0,4.0,0.0,5.0,2.11111111111111,1.25,-10.0,投打被突破
760,CPBL-2024-xa-290,中職2024年,2024,290,2024-08-28 18:35:00,嘉義市立棒球場,v0.1.0-2024,G1-G360 regular season,https://github.com/rebas-tw/rebas.tw-open-data/releases/download/v0.1.0-2024/CPBL-2024-OpenData.zip,CPBL-2024-OpenData/CPBL-2024-OpenData.json,統一7-ELEVEn獅,台鋼雄鷹,False,2,9,-7,0,0,1,1,0,0,0,35,10,3,6,1,0,0,1,1,0.2,3.0,24,8.0,11,6,0,3,2.125,0.5,-12,客場,敗,大敗,低得分,高失分,一般拉鋸型,穩定攻擊,失分偏高,8,中職2024年,290.0,2024-08-28 18:35,嘉義市立棒球場,台鋼雄鷹,False,2.0,9.0,-7.0,False,客場,敗,大敗,低得分,高失分,0.0,1.0,1.0,False,False,False,被壓制型,35.0,10.0,3.0,6.0,1.0,0.0,0.0,1.0,1.0,0.2,3.0,低效進攻,24.0,8.0,11.0,6.0,0.0,3.0,2.125,0.5,-12.0,投打被突破
761,CPBL-2024-xa-290,中職2024年,2024,290,2024-08-28 18:35:00,嘉義市立棒球場,v0.1.0-2024,G1-G360 regular season,https://github.com/rebas-tw/rebas.tw-open-data/releases/download/v0.1.0-2024/CPBL-2024-OpenData.zip,CPBL-2024-OpenData/CPBL-2024-OpenData.json,台鋼雄鷹,統一7-ELEVEn獅,True,9,2,7,1,7,1,1,1,1,1,34,11,6,3,2,1,0,3,4,0.8181818181818182,16.5,27,9.0,10,3,0,6,1.4444444444444444,2.0,1,主場,勝,大勝,高得分,低失分,領先守成型,火力強勢,穩定守成,8,中職2024年,290.0,2024-08-28 18:35,嘉義市立棒球場,統一7-ELEVEn獅,True,9.0,2.0,7.0,True,主場,勝,大勝,高得分,低失分,7.0,1.0,1.0,True,True,True,全場壓制型,34.0,11.0,6.0,3.0,2.0,1.0,0.0,3.0,4.0,0.818181818181818,16.5,火力強勢,27.0,9.0,10.0,3.0,0.0,6.0,1.44444444444444,2.0,1.0,穩定守成
762,CPBL-2024-xa-289,中職2024年,2024,289,2024-08-28 18:36:00,臺中市洲際棒球場,v0.1.0-2024,G1-G360 regular season,https://github.com/rebas-tw/rebas.tw-open-data/releases/download/v0.1.0-2024/CPBL-2024-OpenData.zip,CPBL-2024-OpenData/CPBL-2024-OpenData.json,味全龍,中信兄弟,False,1,6,-5,0,1,0,0,0,0,0,32,6,4,8,2,0,0,2,2,0.16666666666666666,3.0,24,8.0,12,2,2,7,1.75,3.5,-3,客場,敗,大敗,低得分,高失分,一般拉鋸型,穩定攻擊,穩定守成,8,中職2024年,289.0,2024-08-28 18:36,臺中市洲際棒球場,中信兄弟,False,1.0,6.0,-5.0,False,客場,敗,大敗,低得分,高失分,1.0,0.0,0.0,False,False,False,被壓制型,32.0,6.0,4.0,8.0,2.0,0.0,0.0,2.0,2.0,0.166666666666667,3.0,攻勢受阻,24.0,8.0,12.0,2.0,2.0,7.0,1.75,3.5,-3.0,失分偏高
763,CPBL-2024-xa-289,中職2024年,2024,289,2024-08-28 18:36:00,臺中市洲際棒球場,v0.1.0-2024,G1-G360 regular season,https://github.com/rebas-tw/rebas.tw-open-data/releases/download/v0.1.0-2024/CPBL-2024-OpenData.zip,CPBL-2024-OpenData/CPBL-2024-OpenData.json,中信兄弟,味全龍,True,6,1,5,1,2,4,0,0,1,1,35,12,2,7,1,0,2,3,7,0.5,7.5,27,9.0,6,4,0,8,1.1111111111111112,2.0,3,主場,勝,大勝,高得分,低失分,領先守成型,穩定攻擊,壓制力強,8,中職2024年,289.0,2024-08-28 18:36,臺中市洲際棒球場,味全龍,True,6.0,1.0,5.0,True,主場,勝,大勝,高得分,低失分,2.0,4.0,0.0,False,True,True,全場壓制型,35.0,12.0,2.0,7.0,1.0,0.0,2.0,3.0,7.0,0.5,7.5,火力強勢,27.0,9.0,6.0,4.0,0.0,8.0,1.11111111111111,2.0,3.0,壓制力強
764,CPBL-2024-xa-288,中職2024年,2024,288,2024-08-28 18:36:00,樂天桃園棒球場,v0.1.0-2024,G1-G360 regular season,https://github.com/rebas-tw/rebas.tw-open-data/releases/download/v0.1.0-2024/CPBL-2024-OpenData.zip,CPBL-2024-OpenData/CPBL-2024-OpenData.json,富邦悍將,樂天桃猿,False,3,5,-2,0,1,1,1,1,0,0,36,10,2,8,0,0,0,0,0,0.3,1.0,24,8.0,12,2,1,2,1.75,1.0,-6,客場,敗,小敗,中等得分,中等失分,一般拉鋸型,攻勢受阻,失分偏高,8,中職2024年,288.0,2024-08-28 18:36,樂天桃園棒球場,樂天桃猿,False,3.0,5.0,-2.0,False,客場,敗,小敗,中等得分,中等失分,1.0,1.0,1.0,True,False,False,被壓制型,36.0,10.0,2.0,8.0,0.0,0.0,0.0,0.0,0.0,0.3,1.0,穩定攻擊,24.0,8.0,12.0,2.0,1.0,2.0,1.75,1.0,-6.0,失分偏高
765,CPBL-2024-xa-288,中職2024年,2024,288,2024-08-28 18:36:00,樂天桃園棒球場,v0.1.0-2024,G1-G360 regular season,https://github.com/rebas-tw/rebas.tw-open-data/releases/download/v0.1.0-2024/CPBL-2024-OpenData.zip,CPBL-2024-OpenData/CPBL-2024-OpenData.json,樂天桃猿,富邦悍將,True,5,3,2,1,1,1,3,0,0,0,34,12,2,2,1,0,1,2,4,0.4166666666666667,8.0,27,9.0,10,2,0,8,1.3333333333333333,4.0,3,主場,勝,中幅勝,中等得分,中等失分,後段逆轉型,火力強勢,壓制力強,8,中職2024年,288.0,2024-08-28 18:36,樂天桃園棒球場,富邦悍將,True,5.0,3.0,2.0,True,主場,勝,小勝,中等得分,中等失分,1.0,1.0,3.0,False,False,False,後段逆轉型,34.0,12.0,2.0,2.0,1.0,0.0,1.0,2.0,4.0,0.416666666666667,8.0,穩定攻擊,27.0,9.0,10.0,2.0,0.0,8.0,1.33333333333333,4.0,3.0,穩定守成
766,CPBL-2024-xa-287,中職2024年,2024,287,2024-08-27 18:35:00,臺中市洲際棒球場,v0.1.0-2024,G1-G360 regular season,https://github.com/rebas-tw/rebas.tw-open-data/releases/download/v0.1.0-2024/CPBL-2024-OpenData.zip,CPBL-2024-OpenData/CPBL-2024-OpenData.json,味全龍,中信兄弟,False,0,1,-1,0,0,0,0,0,0,0,31,4,1,12,0,0,0,0,0,0.0,-5.0,24,8.0,3,0,1,7,0.375,7.0,5,客場,敗,小敗,低得分,低失分,一般拉鋸型,攻勢受阻,壓制力強,8,中職2024年,287.0,2024-08-27 18:35,臺中市洲際棒球場,中信兄弟,False,0.0,1.0,-1.0,False,客場,敗,小敗,低得分,低失分,0.0,0.0,0.0,False,False,False,被壓制型,31.0,4.0,1.0,12.0,0.0,0.0,0.0,0.0,0.0,0.0,-5.0,攻勢受阻,24.0,8.0,3.0,0.0,1.0,7.0,0.375,7.0,5.0,壓制力強
767,CPBL-2024-xa-287,中職2024年,2024,287,2024-08-27 18:35:00,臺中市洲際棒球場,v0.1.0-2024,G1-G360 regular season,https://github.com/rebas-tw/rebas.tw-open-data/releases/download/v0.1.0-2024/CPBL-2024-OpenData.zip,CPBL-2024-OpenData/CPBL-2024-OpenData.json,中信兄弟,味全龍,True,1,0,1,1,1,0,0,1,1,1,28,3,0,7,1,0,1,2,4,0.3333333333333333,-0.5,27,9.0,4,1,0,12,0.5555555555555556,12.0,11,主場,勝,小勝,低得分,低失分,領先守成型,攻勢受阻,壓制力強,8,中職2024年,287.0,2024-08-27 18:35,臺中市洲際棒球場,味全龍,True,1.0,0.0,1.0,True,主場,勝,小勝,低得分,低失分,1.0,0.0,0.0,True,True,True,全場壓制型,28.0,3.0,0.0,7.0,1.0,0.0,1.0,2.0,4.0,0.333333333333333,-0.5,低效進攻,27.0,9.0,4.0,1.0,0.0,12.0,0.555555555555556,12.0,11.0,壓制力強
768,CPBL-2024-xa-286,中職2024年,2024,286,2024-08-27 18:35:00,樂天桃園棒球場,v0.1.0-2024,G1-G360 regular season,https://github.com/rebas-tw/rebas.tw-open-data/releases/download/v0.1.0-2024/CPBL-2024-OpenData.zip,CPBL-2024-OpenData/CPBL-2024-OpenData.json,富邦悍將,樂天桃猿,False,4,2,2,1,0,1,3,0,0,0,33,6,2,8,3,0,0,3,3,0.6666666666666666,5.0,27,9.0,7,1,1,9,0.8888888888888888,9.0,5,客場,勝,中幅勝,中等得分,低失分,後段逆轉型,穩定攻擊,壓制力強,8,中職2024年,286.0,2024-08-27 18:35,樂天桃園棒球場,樂天桃猿,False,4.0,2.0,2.0,True,客場,勝,小勝,中等得分,低失分,0.0,1.0,3.0,False,False,False,後段逆轉型,33.0,6.0,2.0,8.0,3.0,0.0,0.0,3.0,3.0,0.666666666666667,5.0,零星攻勢,27.0,9.0,7.0,1.0,1.0,9.0,0.888888888888889,9.0,5.0,壓制力強
769,CPBL-2024-xa-286,中職2024年,2024,286,2024-08-27 18:35:00,樂天桃園棒球場,v0.1.0-2024,G1-G360 regular season,https://github.com/rebas-tw/rebas.tw-open-data/releases/download/v0.1.0-2024/CPBL-2024-OpenData.zip,CPBL-2024-OpenData/CPBL-2024-OpenData.json,樂天桃猿,富邦悍將,True,2,4,-2,0,0,2,0,1,0,1,31,7,1,9,1,0,1,2,4,0.2857142857142857,0.5,27,9.0,6,2,0,8,0.8888888888888888,4.0,2,主場,敗,小敗,低得分,中等失分,後段失守型,攻勢受阻,壓制力強,8,中職2024年,286.0,2024-08-27 18:35,樂天桃園棒球場,富邦悍將,True,2.0,4.0,-2.0,False,主場,敗,小敗,低得分,中等失分,0.0,2.0,0.0,True,False,True,拉鋸型,31.0,7.0,1.0,9.0,1.0,0.0,1.0,2.0,4.0,0.285714285714286,0.5,攻勢受阻,27.0,9.0,6.0,2.0,0.0,8.0,0.888888888888889,4.0,2.0,穩定守成
770,CPBL-2024-xa-285,中職2024年,2024,285,2024-08-25 17:05:00,澄清湖棒球場,v0.1.0-2024,G1-G360 regular season,https://github.com/rebas-tw/rebas.tw-open-data/releases/download/v0.1.0-2024/CPBL-2024-OpenData.zip,CPBL-2024-OpenData/CPBL-2024-OpenData.json,味全龍,台鋼雄鷹,False,14,0,14,1,3,8,3,1,1,1,43,21,3,4,1,1,2,4,9,0.6666666666666666,19.0,27,9.0,6,5,0,7,1.2222222222222223,1.4,2,客場,勝,大勝,高得分,低失分,領先守成型,火力強勢,壓制力強,8,中職2024年,285.0,2024-08-25 17:05,澄清湖棒球場,台鋼雄鷹,False,14.0,0.0,14.0,True,客場,勝,大勝,高得分,低失分,3.0,8.0,3.0,True,True,True,全場壓制型,43.0,21.0,3.0,4.0,1.0,1.0,2.0,4.0,9.0,0.666666666666667,19.0,火力強勢,27.0,9.0,6.0,5.0,0.0,7.0,1.22222222222222,1.4,2.0,穩定守成
771,CPBL-2024-xa-285,中職2024年,2024,285,2024-08-25 17:05:00,澄清湖棒球場,v0.1.0-2024,G1-G360 regular season,https://github.com/rebas-tw/rebas.tw-open-data/releases/download/v0.1.0-2024/CPBL-2024-OpenData.zip,CPBL-2024-OpenData/CPBL-2024-OpenData.json,台鋼雄鷹,味全龍,True,0,14,-14,0,0,0,0,0,0,0,32,6,5,7,0,0,0,0,0,0.0,1.5,27,9.0,21,3,2,4,2.6666666666666665,1.3333333333333333,-15,主場,敗,大敗,低得分,高失分,一般拉鋸型,攻勢受阻,失分偏高,8,中職2024年,285.0,2024-08-25 17:05,澄清湖棒球場,味全龍,True,0.0,14.0,-14.0,False,主場,敗,大敗,低得分,高失分,0.0,0.0,0.0,False,False,False,被壓制型,32.0,6.0,5.0,7.0,0.0,0.0,0.0,0.0,0.0,0.0,1.5,低效進攻,27.0,9.0,21.0,3.0,2.0,4.0,2.66666666666667,1.33333333333333,-15.0,投打被突破
772,CPBL-2024-xa-284,中職2024年,2024,284,2024-08-25 17:06:00,臺中市洲際棒球場,v0.1.0-2024,G1-G360 regular season,https://github.com/rebas-tw/rebas.tw-open-data/releases/download/v0.1.0-2024/CPBL-2024-OpenData.zip,CPBL-2024-OpenData/CPBL-2024-OpenData.json,樂天桃猿,中信兄弟,False,3,2,1,1,2,1,0,1,1,1,36,11,2,7,1,0,0,1,1,0.2727272727272727,2.5,27,9.0,10,0,0,9,1.1111111111111112,9.0,7,客場,勝,小勝,中等得分,低失分,領先守成型,攻勢受阻,壓制力強,8,中職2024年,284.0,2024-08-25 17:06,臺中市洲際棒球場,中信兄弟,False,3.0,2.0,1.0,True,客場,勝,小勝,中等得分,低失分,2.0,1.0,0.0,True,True,True,全場壓制型,36.0,11.0,2.0,7.0,1.0,0.0,0.0,1.0,1.0,0.272727272727273,2.5,穩定攻擊,27.0,9.0,10.0,0.0,0.0,9.0,1.11111111111111,9.0,7.0,壓制力強
773,CPBL-2024-xa-284,中職2024年,2024,284,2024-08-25 17:06:00,臺中市洲際棒球場,v0.1.0-2024,G1-G360 regular season,https://github.com/rebas-tw/rebas.tw-open-data/releases/download/v0.1.0-2024/CPBL-2024-OpenData.zip,CPBL-2024-OpenData/CPBL-2024-OpenData.json,中信兄弟,樂天桃猿,True,2,3,-1,0,0,2,0,0,0,0,36,10,0,9,2,0,0,2,2,0.2,-0.5,27,9.0,11,2,0,7,1.4444444444444444,3.5,2,主場,敗,小敗,低得分,中等失分,一般拉鋸型,攻勢受阻,壓制力強,8,中職2024年,284.0,2024-08-25 17:06,臺中市洲際棒球場,樂天桃猿,True,2.0,3.0,-1.0,False,主場,敗,小敗,低得分,中等失分,0.0,2.0,0.0,False,False,False,被壓制型,36.0,10.0,0.0,9.0,2.0,0.0,0.0,2.0,2.0,0.2,-0.5,攻勢受阻,27.0,9.0,11.0,2.0,0.0,7.0,1.44444444444444,3.5,2.0,穩定守成
774,CPBL-2024-xa-283,中職2024年,2024,283,2024-08-25 17:05:00,臺南市立棒球場,v0.1.0-2024,G1-G360 regular season,https://github.com/rebas-tw/rebas.tw-open-data/releases/download/v0.1.0-2024/CPBL-2024-OpenData.zip,CPBL-2024-OpenData/CPBL-2024-OpenData.json,富邦悍將,統一7-ELEVEn獅,False,0,4,-4,0,0,0,0,0,0,0,33,5,1,10,0,0,0,0,0,0.0,-4.0,24,8.0,8,7,0,8,1.875,1.1428571428571428,-3,客場,敗,大敗,低得分,中等失分,一般拉鋸型,攻勢受阻,穩定守成,8,中職2024年,283.0,2024-08-25 17:05,臺南市立棒球場,統一7-ELEVEn獅,False,0.0,4.0,-4.0,False,客場,敗,小敗,低得分,中等失分,0.0,0.0,0.0,False,False,False,被壓制型,33.0,5.0,1.0,10.0,0.0,0.0,0.0,0.0,0.0,0.0,-4.0,攻勢受阻,24.0,8.0,8.0,7.0,0.0,8.0,1.875,1.14285714285714,-3.0,普通防守
775,CPBL-2024-xa-283,中職2024年,2024,283,2024-08-25 17:05:00,臺南市立棒球場,v0.1.0-2024,G1-G360 regular season,https://github.com/rebas-tw/rebas.tw-open-data/releases/download/v0.1.0-2024/CPBL-2024-OpenData.zip,CPBL-2024-OpenData/CPBL-2024-OpenData.json,統一7-ELEVEn獅,富邦悍將,True,4,0,4,1,1,0,3,1,1,1,30,8,7,8,1,0,0,1,1,0.5,8.0,27,9.0,5,1,0,10,0.6666666666666666,10.0,9,主場,勝,中幅勝,中等得分,低失分,領先守成型,火力強勢,壓制力強,8,中職2024年,283.0,2024-08-25 17:05,臺南市立棒球場,富邦悍將,True,4.0,0.0,4.0,True,主場,勝,小勝,中等得分,低失分,1.0,0.0,3.0,True,True,True,全場壓制型,30.0,8.0,7.0,8.0,1.0,0.0,0.0,1.0,1.0,0.5,8.0,穩定攻擊,27.0,9.0,5.0,1.0,0.0,10.0,0.666666666666667,10.0,9.0,壓制力強
776,CPBL-2024-xa-281,中職2024年,2024,281,2024-08-24 18:56:00,臺中市洲際棒球場,v0.1.0-2024,G1-G360 regular season,https://github.com/rebas-tw/rebas.tw-open-data/releases/download/v0.1.0-2024/CPBL-2024-OpenData.zip,CPBL-2024-OpenData/CPBL-2024-OpenData.json,樂天桃猿,中信兄弟,False,3,4,-1,0,0,3,0,0,0,0,36,5,3,8,3,0,0,3,3,0.6,5.0,27,9.0,10,6,0,8,1.7777777777777777,1.3333333333333333,-2,客場,敗,小敗,中等得分,中等失分,一般拉鋸型,穩定攻擊,穩定守成,8,中職2024年,281.0,2024-08-24 18:56,臺中市洲際棒球場,中信兄弟,False,3.0,4.0,-1.0,False,客場,敗,小敗,中等得分,中等失分,0.0,3.0,0.0,False,False,False,被壓制型,36.0,5.0,3.0,8.0,3.0,0.0,0.0,3.0,3.0,0.6,5.0,零星攻勢,27.0,9.0,10.0,6.0,0.0,8.0,1.77777777777778,1.33333333333333,-2.0,普通防守
777,CPBL-2024-xa-281,中職2024年,2024,281,2024-08-24 18:56:00,臺中市洲際棒球場,v0.1.0-2024,G1-G360 regular season,https://github.com/rebas-tw/rebas.tw-open-data/releases/download/v0.1.0-2024/CPBL-2024-OpenData.zip,CPBL-2024-OpenData/CPBL-2024-OpenData.json,中信兄弟,樂天桃猿,True,4,3,1,1,0,3,0,1,0,0,35,10,6,8,1,0,0,1,1,0.4,7.0,30,10.0,5,3,0,8,0.8,2.6666666666666665,2,主場,勝,小勝,中等得分,中等失分,先馳得點壓制型,穩定攻擊,壓制力強,8,中職2024年,281.0,2024-08-24 18:56,臺中市洲際棒球場,樂天桃猿,True,4.0,3.0,1.0,True,主場,勝,小勝,中等得分,中等失分,0.0,3.0,0.0,True,False,False,拉鋸型,35.0,10.0,6.0,8.0,1.0,0.0,0.0,1.0,1.0,0.4,7.0,穩定攻擊,30.0,10.0,5.0,3.0,0.0,8.0,0.8,2.66666666666667,2.0,穩定守成
778,CPBL-2024-xa-282,中職2024年,2024,282,2024-08-24 17:05:00,澄清湖棒球場,v0.1.0-2024,G1-G360 regular season,https://github.com/rebas-tw/rebas.tw-open-data/releases/download/v0.1.0-2024/CPBL-2024-OpenData.zip,CPBL-2024-OpenData/CPBL-2024-OpenData.json,味全龍,台鋼雄鷹,False,5,7,-2,0,1,1,3,1,0,0,38,10,2,9,2,0,1,3,5,0.5,5.5,24,8.0,7,4,1,6,1.375,1.5,-6,客場,敗,小敗,中等得分,高失分,一般拉鋸型,穩定攻擊,失分偏高,8,中職2024年,282.0,2024-08-24 17:05,澄清湖棒球場,台鋼雄鷹,False,5.0,7.0,-2.0,False,客場,敗,小敗,中等得分,高失分,1.0,1.0,3.0,True,False,False,被壓制型,38.0,10.0,2.0,9.0,2.0,0.0,1.0,3.0,5.0,0.5,5.5,穩定攻擊,24.0,8.0,7.0,4.0,1.0,6.0,1.375,1.5,-6.0,失分偏高
779,CPBL-2024-xa-282,中職2024年,2024,282,2024-08-24 17:05:00,澄清湖棒球場,v0.1.0-2024,G1-G360 regular season,https://github.com/rebas-tw/rebas.tw-open-data/releases/download/v0.1.0-2024/CPBL-2024-OpenData.zip,CPBL-2024-OpenData/CPBL-2024-OpenData.json,台鋼雄鷹,味全龍,True,7,5,2,1,3,2,2,0,1,1,32,7,4,6,2,0,1,3,5,1.0,11.0,27,9.0,10,2,1,9,1.3333333333333333,4.5,1,主場,勝,中幅勝,高得分,中等失分,領先守成型,火力強勢,穩定守成,8,中職2024年,282.0,2024-08-24 17:05,澄清湖棒球場,味全龍,True,7.0,5.0,2.0,True,主場,勝,小勝,高得分,中等失分,3.0,2.0,2.0,False,True,True,全場壓制型,32.0,7.0,4.0,6.0,2.0,0.0,1.0,3.0,5.0,1.0,11.0,火力強勢,27.0,9.0,10.0,2.0,1.0,9.0,1.33333333333333,4.5,1.0,失分偏高
780,CPBL-2024-xa-280,中職2024年,2024,280,2024-08-24 17:05:00,臺南市立棒球場,v0.1.0-2024,G1-G360 regular season,https://github.com/rebas-tw/rebas.tw-open-data/releases/download/v0.1.0-2024/CPBL-2024-OpenData.zip,CPBL-2024-OpenData/CPBL-2024-OpenData.json,富邦悍將,統一7-ELEVEn獅,False,5,7,-2,0,0,5,0,0,0,1,36,11,5,7,2,0,1,3,5,0.45454545454545453,9.5,24,8.0,12,3,1,4,1.875,1.3333333333333333,-7,客場,敗,小敗,中等得分,高失分,後段失守型,火力強勢,失分偏高,8,中職2024年,280.0,2024-08-24 17:05,臺南市立棒球場,統一7-ELEVEn獅,False,5.0,7.0,-2.0,False,客場,敗,小敗,中等得分,高失分,0.0,5.0,0.0,False,False,True,拉鋸型,36.0,11.0,5.0,7.0,2.0,0.0,1.0,3.0,5.0,0.454545454545455,9.5,穩定攻擊,24.0,8.0,12.0,3.0,1.0,4.0,1.875,1.33333333333333,-7.0,投打被突破
781,CPBL-2024-xa-280,中職2024年,2024,280,2024-08-24 17:05:00,臺南市立棒球場,v0.1.0-2024,G1-G360 regular season,https://github.com/rebas-tw/rebas.tw-open-data/releases/download/v0.1.0-2024/CPBL-2024-OpenData.zip,CPBL-2024-OpenData/CPBL-2024-OpenData.json,統一7-ELEVEn獅,富邦悍將,True,7,5,2,1,1,2,4,1,1,0,33,12,3,4,1,0,1,2,4,0.5833333333333334,10.0,27,9.0,11,5,1,7,1.7777777777777777,1.4,-4,主場,勝,中幅勝,高得分,中等失分,後段逆轉型,火力強勢,失分偏高,8,中職2024年,280.0,2024-08-24 17:05,臺南市立棒球場,富邦悍將,True,7.0,5.0,2.0,True,主場,勝,小勝,高得分,中等失分,1.0,2.0,4.0,True,True,False,後段逆轉型,33.0,12.0,3.0,4.0,1.0,0.0,1.0,2.0,4.0,0.583333333333333,10.0,穩定攻擊,27.0,9.0,11.0,5.0,1.0,7.0,1.77777777777778,1.4,-4.0,失分偏高
782,CPBL-2024-xa-279,中職2024年,2024,279,2024-08-23 18:35:00,嘉義市立棒球場,v0.1.0-2024,G1-G360 regular season,https://github.com/rebas-tw/rebas.tw-open-data/releases/download/v0.1.0-2024/CPBL-2024-OpenData.zip,CPBL-2024-OpenData/CPBL-2024-OpenData.json,味全龍,台鋼雄鷹,False,2,11,-9,0,0,1,1,0,0,0,33,7,3,6,1,0,0,1,1,0.2857142857142857,3.0,24,8.0,17,2,1,2,2.375,1.0,-12,客場,敗,大敗,低得分,高失分,一般拉鋸型,穩定攻擊,失分偏高,8,中職2024年,279.0,2024-08-23 18:35,嘉義市立棒球場,台鋼雄鷹,False,2.0,11.0,-9.0,False,客場,敗,大敗,低得分,高失分,0.0,1.0,1.0,False,False,False,被壓制型,33.0,7.0,3.0,6.0,1.0,0.0,0.0,1.0,1.0,0.285714285714286,3.0,低效進攻,24.0,8.0,17.0,2.0,1.0,2.0,2.375,1.0,-12.0,投打被突破
783,CPBL-2024-xa-279,中職2024年,2024,279,2024-08-23 18:35:00,嘉義市立棒球場,v0.1.0-2024,G1-G360 regular season,https://github.com/rebas-tw/rebas.tw-open-data/releases/download/v0.1.0-2024/CPBL-2024-OpenData.zip,CPBL-2024-OpenData/CPBL-2024-OpenData.json,台鋼雄鷹,味全龍,True,11,2,9,1,0,9,2,1,0,1,38,17,2,2,3,1,1,5,8,0.6470588235294118,17.0,27,9.0,7,3,0,6,1.1111111111111112,2.0,1,主場,勝,大勝,高得分,低失分,領先守成型,火力強勢,穩定守成,8,中職2024年,279.0,2024-08-23 18:35,嘉義市立棒球場,味全龍,True,11.0,2.0,9.0,True,主場,勝,大勝,高得分,低失分,0.0,9.0,2.0,True,False,True,後段追分型,38.0,17.0,2.0,2.0,3.0,1.0,1.0,5.0,8.0,0.647058823529412,17.0,火力強勢,27.0,9.0,7.0,3.0,0.0,6.0,1.11111111111111,2.0,1.0,壓制力強
784,CPBL-2024-xa-278,中職2024年,2024,278,2024-08-23 18:35:00,臺中市洲際棒球場,v0.1.0-2024,G1-G360 regular season,https://github.com/rebas-tw/rebas.tw-open-data/releases/download/v0.1.0-2024/CPBL-2024-OpenData.zip,CPBL-2024-OpenData/CPBL-2024-OpenData.json,樂天桃猿,中信兄弟,False,6,1,5,1,4,0,2,0,1,1,39,14,4,7,5,0,1,6,8,0.42857142857142855,12.5,27,9.0,7,0,0,4,0.7777777777777778,4.0,3,客場,勝,大勝,高得分,低失分,領先守成型,火力強勢,壓制力強,8,中職2024年,278.0,2024-08-23 18:35,臺中市洲際棒球場,中信兄弟,False,6.0,1.0,5.0,True,客場,勝,大勝,高得分,低失分,4.0,0.0,2.0,False,True,True,全場壓制型,39.0,14.0,4.0,7.0,5.0,0.0,1.0,6.0,8.0,0.428571428571429,12.5,火力強勢,27.0,9.0,7.0,0.0,0.0,4.0,0.777777777777778,4.0,3.0,壓制力強
785,CPBL-2024-xa-278,中職2024年,2024,278,2024-08-23 18:35:00,臺中市洲際棒球場,v0.1.0-2024,G1-G360 regular season,https://github.com/rebas-tw/rebas.tw-open-data/releases/download/v0.1.0-2024/CPBL-2024-OpenData.zip,CPBL-2024-OpenData/CPBL-2024-OpenData.json,中信兄弟,樂天桃猿,True,1,6,-5,0,1,0,0,0,0,0,33,7,0,4,3,0,0,3,3,0.14285714285714285,2.0,27,9.0,14,4,1,7,2.0,1.75,-4,主場,敗,大敗,低得分,高失分,一般拉鋸型,攻勢受阻,失分偏高,8,中職2024年,278.0,2024-08-23 18:35,臺中市洲際棒球場,樂天桃猿,True,1.0,6.0,-5.0,False,主場,敗,大敗,低得分,高失分,1.0,0.0,0.0,False,False,False,被壓制型,33.0,7.0,0.0,4.0,3.0,0.0,0.0,3.0,3.0,0.142857142857143,2.0,低效進攻,27.0,9.0,14.0,4.0,1.0,7.0,2.0,1.75,-4.0,投打被突破
786,CPBL-2024-xa-277,中職2024年,2024,277,2024-08-23 18:35:00,臺南市立棒球場,v0.1.0-2024,G1-G360 regular season,https://github.com/rebas-tw/rebas.tw-open-data/releases/download/v0.1.0-2024/CPBL-2024-OpenData.zip,CPBL-2024-OpenData/CPBL-2024-OpenData.json,富邦悍將,統一7-ELEVEn獅,False,3,4,-1,0,0,2,1,0,0,0,36,9,5,7,1,0,1,2,4,0.3333333333333333,6.5,28,9.333333333333334,11,6,0,9,1.8214285714285714,1.5,-1,客場,敗,小敗,中等得分,中等失分,一般拉鋸型,穩定攻擊,穩定守成,8,中職2024年,277.0,2024-08-23 18:35,臺南市立棒球場,統一7-ELEVEn獅,False,3.0,4.0,-1.0,False,客場,敗,小敗,中等得分,中等失分,0.0,2.0,1.0,False,False,False,被壓制型,36.0,9.0,5.0,7.0,1.0,0.0,1.0,2.0,4.0,0.333333333333333,6.5,穩定攻擊,28.0,9.33333333333333,11.0,6.0,0.0,9.0,1.82142857142857,1.5,-1.0,普通防守
787,CPBL-2024-xa-277,中職2024年,2024,277,2024-08-23 18:35:00,臺南市立棒球場,v0.1.0-2024,G1-G360 regular season,https://github.com/rebas-tw/rebas.tw-open-data/releases/download/v0.1.0-2024/CPBL-2024-OpenData.zip,CPBL-2024-OpenData/CPBL-2024-OpenData.json,統一7-ELEVEn獅,富邦悍將,True,4,3,1,1,1,1,1,1,1,0,37,11,6,9,1,0,0,1,1,0.36363636363636365,6.5,30,10.0,9,5,1,7,1.4,1.4,-2,主場,勝,小勝,中等得分,中等失分,後段逆轉型,穩定攻擊,穩定守成,8,中職2024年,277.0,2024-08-23 18:35,臺南市立棒球場,富邦悍將,True,4.0,3.0,1.0,True,主場,勝,小勝,中等得分,中等失分,1.0,1.0,1.0,True,True,False,後段逆轉型,37.0,11.0,6.0,9.0,1.0,0.0,0.0,1.0,1.0,0.363636363636364,6.5,穩定攻擊,30.0,10.0,9.0,5.0,1.0,7.0,1.4,1.4,-2.0,普通防守
788,CPBL-2024-xa-276,中職2024年,2024,276,2024-08-22 18:35:00,斗六棒球場,v0.1.0-2024,G1-G360 regular season,https://github.com/rebas-tw/rebas.tw-open-data/releases/download/v0.1.0-2024/CPBL-2024-OpenData.zip,CPBL-2024-OpenData/CPBL-2024-OpenData.json,樂天桃猿,味全龍,False,8,4,4,1,4,0,4,0,1,1,38,13,4,10,2,0,1,3,5,0.6153846153846154,10.0,27,9.0,11,1,0,6,1.3333333333333333,6.0,1,客場,勝,中幅勝,高得分,中等失分,領先守成型,火力強勢,穩定守成,8,中職2024年,276.0,2024-08-22 18:35,斗六棒球場,味全龍,False,8.0,4.0,4.0,True,客場,勝,小勝,高得分,中等失分,4.0,0.0,4.0,False,True,True,全場壓制型,38.0,13.0,4.0,10.0,2.0,0.0,1.0,3.0,5.0,0.615384615384615,10.0,火力強勢,27.0,9.0,11.0,1.0,0.0,6.0,1.33333333333333,6.0,1.0,穩定守成
789,CPBL-2024-xa-276,中職2024年,2024,276,2024-08-22 18:35:00,斗六棒球場,v0.1.0-2024,G1-G360 regular season,https://github.com/rebas-tw/rebas.tw-open-data/releases/download/v0.1.0-2024/CPBL-2024-OpenData.zip,CPBL-2024-OpenData/CPBL-2024-OpenData.json,味全龍,樂天桃猿,True,4,8,-4,0,2,1,1,0,0,0,37,11,1,6,2,0,0,2,2,0.36363636363636365,4.0,27,9.0,13,4,1,10,1.8888888888888888,2.5,-3,主場,敗,大敗,中等得分,高失分,一般拉鋸型,穩定攻擊,穩定守成,8,中職2024年,276.0,2024-08-22 18:35,斗六棒球場,樂天桃猿,True,4.0,8.0,-4.0,False,主場,敗,小敗,中等得分,高失分,2.0,1.0,1.0,False,False,False,被壓制型,37.0,11.0,1.0,6.0,2.0,0.0,0.0,2.0,2.0,0.363636363636364,4.0,穩定攻擊,27.0,9.0,13.0,4.0,1.0,10.0,1.88888888888889,2.5,-3.0,投打被突破
790,CPBL-2024-xa-272,中職2024年,2024,272,2024-08-22 18:35:00,新北市立新莊棒球場,v0.1.0-2024,G1-G360 regular season,https://github.com/rebas-tw/rebas.tw-open-data/releases/download/v0.1.0-2024/CPBL-2024-OpenData.zip,CPBL-2024-OpenData/CPBL-2024-OpenData.json,台鋼雄鷹,富邦悍將,False,2,1,1,1,0,2,0,1,0,1,32,7,1,5,1,0,0,1,1,0.2857142857142857,1.5,27,9.0,9,1,0,7,1.1111111111111112,7.0,5,客場,勝,小勝,低得分,低失分,領先守成型,攻勢受阻,壓制力強,8,中職2024年,272.0,2024-08-22 18:35,新北市立新莊棒球場,富邦悍將,False,2.0,1.0,1.0,True,客場,勝,小勝,低得分,低失分,0.0,2.0,0.0,True,False,True,拉鋸型,32.0,7.0,1.0,5.0,1.0,0.0,0.0,1.0,1.0,0.285714285714286,1.5,低效進攻,27.0,9.0,9.0,1.0,0.0,7.0,1.11111111111111,7.0,5.0,壓制力強
791,CPBL-2024-xa-272,中職2024年,2024,272,2024-08-22 18:35:00,新北市立新莊棒球場,v0.1.0-2024,G1-G360 regular season,https://github.com/rebas-tw/rebas.tw-open-data/releases/download/v0.1.0-2024/CPBL-2024-OpenData.zip,CPBL-2024-OpenData/CPBL-2024-OpenData.json,富邦悍將,台鋼雄鷹,True,1,2,-1,0,0,0,1,0,0,0,35,9,1,7,1,0,0,1,1,0.1111111111111111,-0.5,27,9.0,7,1,0,5,0.8888888888888888,5.0,2,主場,敗,小敗,低得分,低失分,一般拉鋸型,攻勢受阻,壓制力強,8,中職2024年,272.0,2024-08-22 18:35,新北市立新莊棒球場,台鋼雄鷹,True,1.0,2.0,-1.0,False,主場,敗,小敗,低得分,低失分,0.0,0.0,1.0,False,False,False,被壓制型,35.0,9.0,1.0,7.0,1.0,0.0,0.0,1.0,1.0,0.111111111111111,-0.5,低效進攻,27.0,9.0,7.0,1.0,0.0,5.0,0.888888888888889,5.0,2.0,壓制力強
792,CPBL-2024-xa-271,中職2024年,2024,271,2024-08-22 18:35:00,臺南市立棒球場,v0.1.0-2024,G1-G360 regular season,https://github.com/rebas-tw/rebas.tw-open-data/releases/download/v0.1.0-2024/CPBL-2024-OpenData.zip,CPBL-2024-OpenData/CPBL-2024-OpenData.json,中信兄弟,統一7-ELEVEn獅,False,1,6,-5,0,0,1,0,0,0,0,31,4,2,8,1,0,1,2,4,0.25,1.0,24,8.0,10,4,1,5,1.75,1.25,-6,客場,敗,大敗,低得分,高失分,一般拉鋸型,攻勢受阻,失分偏高,8,中職2024年,271.0,2024-08-22 18:35,臺南市立棒球場,統一7-ELEVEn獅,False,1.0,6.0,-5.0,False,客場,敗,大敗,低得分,高失分,0.0,1.0,0.0,False,False,False,被壓制型,31.0,4.0,2.0,8.0,1.0,0.0,1.0,2.0,4.0,0.25,1.0,攻勢受阻,24.0,8.0,10.0,4.0,1.0,5.0,1.75,1.25,-6.0,失分偏高
793,CPBL-2024-xa-271,中職2024年,2024,271,2024-08-22 18:35:00,臺南市立棒球場,v0.1.0-2024,G1-G360 regular season,https://github.com/rebas-tw/rebas.tw-open-data/releases/download/v0.1.0-2024/CPBL-2024-OpenData.zip,CPBL-2024-OpenData/CPBL-2024-OpenData.json,統一7-ELEVEn獅,中信兄弟,True,6,1,5,1,4,2,0,1,1,1,32,10,4,5,1,0,1,2,4,0.6,9.5,27,9.0,4,2,1,8,0.6666666666666666,4.0,4,主場,勝,大勝,高得分,低失分,領先守成型,火力強勢,壓制力強,8,中職2024年,271.0,2024-08-22 18:35,臺南市立棒球場,中信兄弟,True,6.0,1.0,5.0,True,主場,勝,大勝,高得分,低失分,4.0,2.0,0.0,True,True,True,全場壓制型,32.0,10.0,4.0,5.0,1.0,0.0,1.0,2.0,4.0,0.6,9.5,穩定攻擊,27.0,9.0,4.0,2.0,1.0,8.0,0.666666666666667,4.0,4.0,壓制力強
794,CPBL-2024-xa-275,中職2024年,2024,275,2024-08-21 18:35:00,斗六棒球場,v0.1.0-2024,G1-G360 regular season,https://github.com/rebas-tw/rebas.tw-open-data/releases/download/v0.1.0-2024/CPBL-2024-OpenData.zip,CPBL-2024-OpenData/CPBL-2024-OpenData.json,樂天桃猿,味全龍,False,6,0,6,1,1,0,5,1,1,1,39,14,4,9,1,0,0,1,1,0.42857142857142855,6.5,27,9.0,5,2,0,5,0.7777777777777778,2.5,3,客場,勝,大勝,高得分,低失分,領先守成型,穩定攻擊,壓制力強,8,中職2024年,275.0,2024-08-21 18:35,斗六棒球場,味全龍,False,6.0,0.0,6.0,True,客場,勝,大勝,高得分,低失分,1.0,0.0,5.0,True,True,True,全場壓制型,39.0,14.0,4.0,9.0,1.0,0.0,0.0,1.0,1.0,0.428571428571429,6.5,穩定攻擊,27.0,9.0,5.0,2.0,0.0,5.0,0.777777777777778,2.5,3.0,壓制力強
795,CPBL-2024-xa-275,中職2024年,2024,275,2024-08-21 18:35:00,斗六棒球場,v0.1.0-2024,G1-G360 regular season,https://github.com/rebas-tw/rebas.tw-open-data/releases/download/v0.1.0-2024/CPBL-2024-OpenData.zip,CPBL-2024-OpenData/CPBL-2024-OpenData.json,味全龍,樂天桃猿,True,0,6,-6,0,0,0,0,0,0,0,28,5,2,5,0,0,0,0,0,0.0,-0.5,27,9.0,14,4,0,9,2.0,2.25,-1,主場,敗,大敗,低得分,高失分,一般拉鋸型,攻勢受阻,穩定守成,8,中職2024年,275.0,2024-08-21 18:35,斗六棒球場,樂天桃猿,True,0.0,6.0,-6.0,False,主場,敗,大敗,低得分,高失分,0.0,0.0,0.0,False,False,False,被壓制型,28.0,5.0,2.0,5.0,0.0,0.0,0.0,0.0,0.0,0.0,-0.5,低效進攻,27.0,9.0,14.0,4.0,0.0,9.0,2.0,2.25,-1.0,投打被突破
796,CPBL-2024-xa-274,中職2024年,2024,274,2024-08-21 18:35:00,新北市立新莊棒球場,v0.1.0-2024,G1-G360 regular season,https://github.com/rebas-tw/rebas.tw-open-data/releases/download/v0.1.0-2024/CPBL-2024-OpenData.zip,CPBL-2024-OpenData/CPBL-2024-OpenData.json,台鋼雄鷹,富邦悍將,False,3,4,-1,0,0,0,3,1,0,0,37,10,2,5,3,0,0,3,3,0.3,5.5,26,8.666666666666666,6,4,1,5,1.153846153846154,1.25,-4,客場,敗,小敗,中等得分,中等失分,一般拉鋸型,穩定攻擊,失分偏高,8,中職2024年,274.0,2024-08-21 18:35,新北市立新莊棒球場,富邦悍將,False,3.0,4.0,-1.0,False,客場,敗,小敗,中等得分,中等失分,0.0,0.0,3.0,True,False,False,被壓制型,37.0,10.0,2.0,5.0,3.0,0.0,0.0,3.0,3.0,0.3,5.5,穩定攻擊,26.0,8.66666666666667,6.0,4.0,1.0,5.0,1.15384615384615,1.25,-4.0,普通防守
797,CPBL-2024-xa-274,中職2024年,2024,274,2024-08-21 18:35:00,新北市立新莊棒球場,v0.1.0-2024,G1-G360 regular season,https://github.com/rebas-tw/rebas.tw-open-data/releases/download/v0.1.0-2024/CPBL-2024-OpenData.zip,CPBL-2024-OpenData/CPBL-2024-OpenData.json,富邦悍將,台鋼雄鷹,True,4,3,1,1,0,0,4,0,0,0,32,6,4,5,0,0,1,1,3,0.6666666666666666,6.5,27,9.0,10,2,0,5,1.3333333333333333,2.5,0,主場,勝,小勝,中等得分,中等失分,後段逆轉型,穩定攻擊,穩定守成,8,中職2024年,274.0,2024-08-21 18:35,新北市立新莊棒球場,台鋼雄鷹,True,4.0,3.0,1.0,True,主場,勝,小勝,中等得分,中等失分,0.0,0.0,4.0,False,False,False,後段逆轉型,32.0,6.0,4.0,5.0,0.0,0.0,1.0,1.0,3.0,0.666666666666667,6.5,零星攻勢,27.0,9.0,10.0,2.0,0.0,5.0,1.33333333333333,2.5,0.0,穩定守成
798,CPBL-2024-xa-273,中職2024年,2024,273,2024-08-21 18:37:00,臺南市立棒球場,v0.1.0-2024,G1-G360 regular season,https://github.com/rebas-tw/rebas.tw-open-data/releases/download/v0.1.0-2024/CPBL-2024-OpenData.zip,CPBL-2024-OpenData/CPBL-2024-OpenData.json,中信兄弟,統一7-ELEVEn獅,False,11,4,7,1,1,3,7,1,1,1,44,17,3,7,2,1,1,4,7,0.6470588235294118,14.5,27,9.0,12,2,1,6,1.5555555555555556,3.0,-1,客場,勝,大勝,高得分,中等失分,領先守成型,火力強勢,穩定守成,8,中職2024年,273.0,2024-08-21 18:37,臺南市立棒球場,統一7-ELEVEn獅,False,11.0,4.0,7.0,True,客場,勝,大勝,高得分,中等失分,1.0,3.0,7.0,True,True,True,全場壓制型,44.0,17.0,3.0,7.0,2.0,1.0,1.0,4.0,7.0,0.647058823529412,14.5,火力強勢,27.0,9.0,12.0,2.0,1.0,6.0,1.55555555555556,3.0,-1.0,普通防守
799,CPBL-2024-xa-273,中職2024年,2024,273,2024-08-21 18:37:00,臺南市立棒球場,v0.1.0-2024,G1-G360 regular season,https://github.com/rebas-tw/rebas.tw-open-data/releases/download/v0.1.0-2024/CPBL-2024-OpenData.zip,CPBL-2024-OpenData/CPBL-2024-OpenData.json,統一7-ELEVEn獅,中信兄弟,True,4,11,-7,0,0,2,2,0,0,0,38,12,2,6,1,0,1,2,4,0.3333333333333333,5.0,28,9.333333333333334,17,3,1,8,2.142857142857143,2.6666666666666665,-7,主場,敗,大敗,中等得分,高失分,一般拉鋸型,穩定攻擊,失分偏高,8,中職2024年,273.0,2024-08-21 18:37,臺南市立棒球場,中信兄弟,True,4.0,11.0,-7.0,False,主場,敗,大敗,中等得分,高失分,0.0,2.0,2.0,False,False,False,被壓制型,38.0,12.0,2.0,6.0,1.0,0.0,1.0,2.0,4.0,0.333333333333333,5.0,穩定攻擊,28.0,9.33333333333333,17.0,3.0,1.0,8.0,2.14285714285714,2.66666666666667,-7.0,投打被突破
800,CPBL-2024-xa-261,中職2024年,2024,261,2024-08-19 18:35:00,嘉義市立棒球場,v0.1.0-2024,G1-G360 regular season,https://github.com/rebas-tw/rebas.tw-open-data/releases/download/v0.1.0-2024/CPBL-2024-OpenData.zip,CPBL-2024-OpenData/CPBL-2024-OpenData.json,味全龍,統一7-ELEVEn獅,False,3,0,3,1,1,1,1,1,1,1,39,11,4,9,2,0,0,2,2,0.2727272727272727,4.5,27,9.0,6,1,0,13,0.7777777777777778,13.0,12,客場,勝,中幅勝,中等得分,低失分,領先守成型,穩定攻擊,壓制力強,8,中職2024年,261.0,2024-08-19 18:35,嘉義市立棒球場,統一7-ELEVEn獅,False,3.0,0.0,3.0,True,客場,勝,小勝,中等得分,低失分,1.0,1.0,1.0,True,True,True,全場壓制型,39.0,11.0,4.0,9.0,2.0,0.0,0.0,2.0,2.0,0.272727272727273,4.5,穩定攻擊,27.0,9.0,6.0,1.0,0.0,13.0,0.777777777777778,13.0,12.0,壓制力強
801,CPBL-2024-xa-261,中職2024年,2024,261,2024-08-19 18:35:00,嘉義市立棒球場,v0.1.0-2024,G1-G360 regular season,https://github.com/rebas-tw/rebas.tw-open-data/releases/download/v0.1.0-2024/CPBL-2024-OpenData.zip,CPBL-2024-OpenData/CPBL-2024-OpenData.json,統一7-ELEVEn獅,味全龍,True,0,3,-3,0,0,0,0,0,0,0,32,6,1,13,0,0,0,0,0,0.0,-5.5,27,9.0,11,4,0,9,1.6666666666666667,2.25,2,主場,敗,小敗,低得分,中等失分,一般拉鋸型,攻勢受阻,壓制力強,8,中職2024年,261.0,2024-08-19 18:35,嘉義市立棒球場,味全龍,True,0.0,3.0,-3.0,False,主場,敗,小敗,低得分,中等失分,0.0,0.0,0.0,False,False,False,被壓制型,32.0,6.0,1.0,13.0,0.0,0.0,0.0,0.0,0.0,0.0,-5.5,攻勢受阻,27.0,9.0,11.0,4.0,0.0,9.0,1.66666666666667,2.25,2.0,穩定守成
802,CPBL-2024-xa-270,中職2024年,2024,270,2024-08-18 17:06:00,樂天桃園棒球場,v0.1.0-2024,G1-G360 regular season,https://github.com/rebas-tw/rebas.tw-open-data/releases/download/v0.1.0-2024/CPBL-2024-OpenData.zip,CPBL-2024-OpenData/CPBL-2024-OpenData.json,統一7-ELEVEn獅,樂天桃猿,False,3,4,-1,0,1,1,1,1,0,1,33,8,1,4,1,1,0,2,3,0.375,4.0,24,8.0,8,1,0,5,1.125,5.0,0,客場,敗,小敗,中等得分,中等失分,後段失守型,穩定攻擊,穩定守成,8,中職2024年,270.0,2024-08-18 17:06,樂天桃園棒球場,樂天桃猿,False,3.0,4.0,-1.0,False,客場,敗,小敗,中等得分,中等失分,1.0,1.0,1.0,True,False,True,拉鋸型,33.0,8.0,1.0,4.0,1.0,1.0,0.0,2.0,3.0,0.375,4.0,穩定攻擊,24.0,8.0,8.0,1.0,0.0,5.0,1.125,5.0,0.0,穩定守成
803,CPBL-2024-xa-270,中職2024年,2024,270,2024-08-18 17:06:00,樂天桃園棒球場,v0.1.0-2024,G1-G360 regular season,https://github.com/rebas-tw/rebas.tw-open-data/releases/download/v0.1.0-2024/CPBL-2024-OpenData.zip,CPBL-2024-OpenData/CPBL-2024-OpenData.json,樂天桃猿,統一7-ELEVEn獅,True,4,3,1,1,1,0,3,0,0,0,29,8,1,5,0,1,0,1,2,0.5,3.5,27,9.0,8,1,0,4,1.0,4.0,0,主場,勝,小勝,中等得分,中等失分,後段逆轉型,穩定攻擊,穩定守成,8,中職2024年,270.0,2024-08-18 17:06,樂天桃園棒球場,統一7-ELEVEn獅,True,4.0,3.0,1.0,True,主場,勝,小勝,中等得分,中等失分,1.0,0.0,3.0,False,False,False,後段逆轉型,29.0,8.0,1.0,5.0,0.0,1.0,0.0,1.0,2.0,0.5,3.5,穩定攻擊,27.0,9.0,8.0,1.0,0.0,4.0,1.0,4.0,0.0,穩定守成
804,CPBL-2024-xa-269,中職2024年,2024,269,2024-08-18 17:05:00,臺北市立天母棒球場,v0.1.0-2024,G1-G360 regular season,https://github.com/rebas-tw/rebas.tw-open-data/releases/download/v0.1.0-2024/CPBL-2024-OpenData.zip,CPBL-2024-OpenData/CPBL-2024-OpenData.json,富邦悍將,味全龍,False,6,7,-1,0,0,6,0,0,0,1,33,8,7,4,3,0,0,3,3,0.75,14.0,26,8.666666666666666,11,2,2,6,1.5,3.0,-5,客場,敗,小敗,高得分,高失分,後段失守型,火力強勢,失分偏高,8,中職2024年,269.0,2024-08-18 17:05,臺北市立天母棒球場,味全龍,False,6.0,7.0,-1.0,False,客場,敗,小敗,高得分,高失分,0.0,6.0,0.0,False,False,True,拉鋸型,33.0,8.0,7.0,4.0,3.0,0.0,0.0,3.0,3.0,0.75,14.0,火力強勢,26.0,8.66666666666667,11.0,2.0,2.0,6.0,1.5,3.0,-5.0,失分偏高
805,CPBL-2024-xa-269,中職2024年,2024,269,2024-08-18 17:05:00,臺北市立天母棒球場,v0.1.0-2024,G1-G360 regular season,https://github.com/rebas-tw/rebas.tw-open-data/releases/download/v0.1.0-2024/CPBL-2024-OpenData.zip,CPBL-2024-OpenData/CPBL-2024-OpenData.json,味全龍,富邦悍將,True,7,6,1,1,1,1,5,1,1,0,35,11,2,6,1,0,2,3,7,0.6363636363636364,9.0,27,9.0,8,7,0,4,1.6666666666666667,0.5714285714285714,-9,主場,勝,小勝,高得分,高失分,後段逆轉型,火力強勢,失分偏高,8,中職2024年,269.0,2024-08-18 17:05,臺北市立天母棒球場,富邦悍將,True,7.0,6.0,1.0,True,主場,勝,小勝,高得分,高失分,1.0,1.0,5.0,True,True,False,後段逆轉型,35.0,11.0,2.0,6.0,1.0,0.0,2.0,3.0,7.0,0.636363636363636,9.0,火力強勢,27.0,9.0,8.0,7.0,0.0,4.0,1.66666666666667,0.571428571428571,-9.0,失分偏高
806,CPBL-2024-xa-268,中職2024年,2024,268,2024-08-18 17:05:00,臺中市洲際棒球場,v0.1.0-2024,G1-G360 regular season,https://github.com/rebas-tw/rebas.tw-open-data/releases/download/v0.1.0-2024/CPBL-2024-OpenData.zip,CPBL-2024-OpenData/CPBL-2024-OpenData.json,台鋼雄鷹,中信兄弟,False,4,7,-3,0,0,4,0,0,0,0,36,9,2,7,0,0,1,1,3,0.4444444444444444,3.5,24,8.0,10,4,3,3,1.75,0.75,-11,客場,敗,小敗,中等得分,高失分,一般拉鋸型,穩定攻擊,失分偏高,8,中職2024年,268.0,2024-08-18 17:05,臺中市洲際棒球場,中信兄弟,False,4.0,7.0,-3.0,False,客場,敗,小敗,中等得分,高失分,0.0,4.0,0.0,False,False,False,被壓制型,36.0,9.0,2.0,7.0,0.0,0.0,1.0,1.0,3.0,0.444444444444444,3.5,穩定攻擊,24.0,8.0,10.0,4.0,3.0,3.0,1.75,0.75,-11.0,失分偏高
807,CPBL-2024-xa-268,中職2024年,2024,268,2024-08-18 17:05:00,臺中市洲際棒球場,v0.1.0-2024,G1-G360 regular season,https://github.com/rebas-tw/rebas.tw-open-data/releases/download/v0.1.0-2024/CPBL-2024-OpenData.zip,CPBL-2024-OpenData/CPBL-2024-OpenData.json,中信兄弟,台鋼雄鷹,True,7,4,3,1,3,2,2,1,1,1,33,10,4,3,1,0,3,4,10,0.7,13.5,27,9.0,9,2,1,7,1.2222222222222223,3.5,0,主場,勝,中幅勝,高得分,中等失分,領先守成型,火力強勢,穩定守成,8,中職2024年,268.0,2024-08-18 17:05,臺中市洲際棒球場,台鋼雄鷹,True,7.0,4.0,3.0,True,主場,勝,小勝,高得分,中等失分,3.0,2.0,2.0,True,True,True,全場壓制型,33.0,10.0,4.0,3.0,1.0,0.0,3.0,4.0,10.0,0.7,13.5,火力強勢,27.0,9.0,9.0,2.0,1.0,7.0,1.22222222222222,3.5,0.0,穩定守成
808,CPBL-2024-xa-267,中職2024年,2024,267,2024-08-17 17:06:00,樂天桃園棒球場,v0.1.0-2024,G1-G360 regular season,https://github.com/rebas-tw/rebas.tw-open-data/releases/download/v0.1.0-2024/CPBL-2024-OpenData.zip,CPBL-2024-OpenData/CPBL-2024-OpenData.json,統一7-ELEVEn獅,樂天桃猿,False,2,4,-2,0,0,2,0,0,0,0,34,10,2,6,2,0,0,2,2,0.2,3.0,24,8.0,10,3,0,4,1.625,1.3333333333333333,-3,客場,敗,小敗,低得分,中等失分,一般拉鋸型,穩定攻擊,穩定守成,8,中職2024年,267.0,2024-08-17 17:06,樂天桃園棒球場,樂天桃猿,False,2.0,4.0,-2.0,False,客場,敗,小敗,低得分,中等失分,0.0,2.0,0.0,False,False,False,被壓制型,34.0,10.0,2.0,6.0,2.0,0.0,0.0,2.0,2.0,0.2,3.0,低效進攻,24.0,8.0,10.0,3.0,0.0,4.0,1.625,1.33333333333333,-3.0,普通防守
809,CPBL-2024-xa-267,中職2024年,2024,267,2024-08-17 17:06:00,樂天桃園棒球場,v0.1.0-2024,G1-G360 regular season,https://github.com/rebas-tw/rebas.tw-open-data/releases/download/v0.1.0-2024/CPBL-2024-OpenData.zip,CPBL-2024-OpenData/CPBL-2024-OpenData.json,樂天桃猿,統一7-ELEVEn獅,True,4,2,2,1,2,1,1,1,1,1,34,10,3,4,4,0,0,4,4,0.4,9.0,27,9.0,10,2,0,6,1.3333333333333333,3.0,2,主場,勝,中幅勝,中等得分,低失分,領先守成型,火力強勢,壓制力強,8,中職2024年,267.0,2024-08-17 17:06,樂天桃園棒球場,統一7-ELEVEn獅,True,4.0,2.0,2.0,True,主場,勝,小勝,中等得分,低失分,2.0,1.0,1.0,True,True,True,全場壓制型,34.0,10.0,3.0,4.0,4.0,0.0,0.0,4.0,4.0,0.4,9.0,穩定攻擊,27.0,9.0,10.0,2.0,0.0,6.0,1.33333333333333,3.0,2.0,穩定守成
810,CPBL-2024-xa-265,中職2024年,2024,265,2024-08-17 17:05:00,臺中市洲際棒球場,v0.1.0-2024,G1-G360 regular season,https://github.com/rebas-tw/rebas.tw-open-data/releases/download/v0.1.0-2024/CPBL-2024-OpenData.zip,CPBL-2024-OpenData/CPBL-2024-OpenData.json,台鋼雄鷹,中信兄弟,False,3,5,-2,0,0,0,3,0,0,0,35,10,2,8,3,0,0,3,3,0.3,4.0,24,8.0,14,4,1,3,2.25,0.75,-7,客場,敗,小敗,中等得分,中等失分,一般拉鋸型,穩定攻擊,失分偏高,8,中職2024年,265.0,2024-08-17 17:05,臺中市洲際棒球場,中信兄弟,False,3.0,5.0,-2.0,False,客場,敗,小敗,中等得分,中等失分,0.0,0.0,3.0,False,False,False,被壓制型,35.0,10.0,2.0,8.0,3.0,0.0,0.0,3.0,3.0,0.3,4.0,穩定攻擊,24.0,8.0,14.0,4.0,1.0,3.0,2.25,0.75,-7.0,失分偏高
811,CPBL-2024-xa-265,中職2024年,2024,265,2024-08-17 17:05:00,臺中市洲際棒球場,v0.1.0-2024,G1-G360 regular season,https://github.com/rebas-tw/rebas.tw-open-data/releases/download/v0.1.0-2024/CPBL-2024-OpenData.zip,CPBL-2024-OpenData/CPBL-2024-OpenData.json,中信兄弟,台鋼雄鷹,True,5,3,2,1,2,3,0,1,1,1,37,14,4,3,1,0,1,2,4,0.35714285714285715,9.5,27,9.0,10,2,0,8,1.3333333333333333,4.0,3,主場,勝,中幅勝,中等得分,中等失分,領先守成型,火力強勢,壓制力強,8,中職2024年,265.0,2024-08-17 17:05,臺中市洲際棒球場,台鋼雄鷹,True,5.0,3.0,2.0,True,主場,勝,小勝,中等得分,中等失分,2.0,3.0,0.0,True,True,True,全場壓制型,37.0,14.0,4.0,3.0,1.0,0.0,1.0,2.0,4.0,0.357142857142857,9.5,穩定攻擊,27.0,9.0,10.0,2.0,0.0,8.0,1.33333333333333,4.0,3.0,穩定守成
812,CPBL-2024-xa-264,中職2024年,2024,264,2024-08-16 18:35:00,樂天桃園棒球場,v0.1.0-2024,G1-G360 regular season,https://github.com/rebas-tw/rebas.tw-open-data/releases/download/v0.1.0-2024/CPBL-2024-OpenData.zip,CPBL-2024-OpenData/CPBL-2024-OpenData.json,統一7-ELEVEn獅,樂天桃猿,False,2,5,-3,0,0,2,0,0,0,0,31,6,3,3,2,0,0,2,2,0.3333333333333333,5.5,24,8.0,7,0,2,9,0.875,9.0,2,客場,敗,小敗,低得分,中等失分,一般拉鋸型,穩定攻擊,壓制力強,8,中職2024年,264.0,2024-08-16 18:35,樂天桃園棒球場,樂天桃猿,False,2.0,5.0,-3.0,False,客場,敗,小敗,低得分,中等失分,0.0,2.0,0.0,False,False,False,被壓制型,31.0,6.0,3.0,3.0,2.0,0.0,0.0,2.0,2.0,0.333333333333333,5.5,低效進攻,24.0,8.0,7.0,0.0,2.0,9.0,0.875,9.0,2.0,失分偏高
813,CPBL-2024-xa-264,中職2024年,2024,264,2024-08-16 18:35:00,樂天桃園棒球場,v0.1.0-2024,G1-G360 regular season,https://github.com/rebas-tw/rebas.tw-open-data/releases/download/v0.1.0-2024/CPBL-2024-OpenData.zip,CPBL-2024-OpenData/CPBL-2024-OpenData.json,樂天桃猿,統一7-ELEVEn獅,True,5,2,3,1,4,1,0,1,1,1,30,7,0,9,0,0,2,2,6,0.7142857142857143,2.5,27,9.0,6,3,0,3,1.0,1.0,-2,主場,勝,中幅勝,中等得分,低失分,領先守成型,攻勢受阻,穩定守成,8,中職2024年,264.0,2024-08-16 18:35,樂天桃園棒球場,統一7-ELEVEn獅,True,5.0,2.0,3.0,True,主場,勝,小勝,中等得分,低失分,4.0,1.0,0.0,True,True,True,全場壓制型,30.0,7.0,0.0,9.0,0.0,0.0,2.0,2.0,6.0,0.714285714285714,2.5,零星攻勢,27.0,9.0,6.0,3.0,0.0,3.0,1.0,1.0,-2.0,壓制力強
814,CPBL-2024-xa-263,中職2024年,2024,263,2024-08-16 18:35:00,臺北市立天母棒球場,v0.1.0-2024,G1-G360 regular season,https://github.com/rebas-tw/rebas.tw-open-data/releases/download/v0.1.0-2024/CPBL-2024-OpenData.zip,CPBL-2024-OpenData/CPBL-2024-OpenData.json,富邦悍將,味全龍,False,1,6,-5,0,0,0,1,0,0,0,32,6,0,6,1,0,0,1,1,0.16666666666666666,-1.0,24,8.0,9,4,1,7,1.625,1.75,-4,客場,敗,大敗,低得分,高失分,一般拉鋸型,攻勢受阻,失分偏高,8,中職2024年,263.0,2024-08-16 18:35,臺北市立天母棒球場,味全龍,False,1.0,6.0,-5.0,False,客場,敗,大敗,低得分,高失分,0.0,0.0,1.0,False,False,False,被壓制型,32.0,6.0,0.0,6.0,1.0,0.0,0.0,1.0,1.0,0.166666666666667,-1.0,低效進攻,24.0,8.0,9.0,4.0,1.0,7.0,1.625,1.75,-4.0,失分偏高
815,CPBL-2024-xa-263,中職2024年,2024,263,2024-08-16 18:35:00,臺北市立天母棒球場,v0.1.0-2024,G1-G360 regular season,https://github.com/rebas-tw/rebas.tw-open-data/releases/download/v0.1.0-2024/CPBL-2024-OpenData.zip,CPBL-2024-OpenData/CPBL-2024-OpenData.json,味全龍,富邦悍將,True,6,1,5,1,0,5,1,1,0,1,31,9,4,7,2,0,1,3,5,0.6666666666666666,9.5,27,9.0,6,0,0,6,0.6666666666666666,6.0,5,主場,勝,大勝,高得分,低失分,領先守成型,火力強勢,壓制力強,8,中職2024年,263.0,2024-08-16 18:35,臺北市立天母棒球場,富邦悍將,True,6.0,1.0,5.0,True,主場,勝,大勝,高得分,低失分,0.0,5.0,1.0,True,False,True,後段追分型,31.0,9.0,4.0,7.0,2.0,0.0,1.0,3.0,5.0,0.666666666666667,9.5,火力強勢,27.0,9.0,6.0,0.0,0.0,6.0,0.666666666666667,6.0,5.0,壓制力強
816,CPBL-2024-xa-262,中職2024年,2024,262,2024-08-16 18:35:00,臺中市洲際棒球場,v0.1.0-2024,G1-G360 regular season,https://github.com/rebas-tw/rebas.tw-open-data/releases/download/v0.1.0-2024/CPBL-2024-OpenData.zip,CPBL-2024-OpenData/CPBL-2024-OpenData.json,台鋼雄鷹,中信兄弟,False,3,5,-2,0,0,0,3,0,0,0,34,9,1,5,1,0,1,2,4,0.3333333333333333,3.5,24,8.0,7,5,0,2,1.5,0.4,-8,客場,敗,小敗,中等得分,中等失分,一般拉鋸型,穩定攻擊,失分偏高,8,中職2024年,262.0,2024-08-16 18:35,臺中市洲際棒球場,中信兄弟,False,3.0,5.0,-2.0,False,客場,敗,小敗,中等得分,中等失分,0.0,0.0,3.0,False,False,False,被壓制型,34.0,9.0,1.0,5.0,1.0,0.0,1.0,2.0,4.0,0.333333333333333,3.5,穩定攻擊,24.0,8.0,7.0,5.0,0.0,2.0,1.5,0.4,-8.0,失分偏高
817,CPBL-2024-xa-262,中職2024年,2024,262,2024-08-16 18:35:00,臺中市洲際棒球場,v0.1.0-2024,G1-G360 regular season,https://github.com/rebas-tw/rebas.tw-open-data/releases/download/v0.1.0-2024/CPBL-2024-OpenData.zip,CPBL-2024-OpenData/CPBL-2024-OpenData.json,中信兄弟,台鋼雄鷹,True,5,3,2,1,0,4,1,1,0,1,26,7,5,2,3,0,0,3,3,0.7142857142857143,12.0,27,9.0,9,1,1,5,1.1111111111111112,5.0,0,主場,勝,中幅勝,中等得分,中等失分,領先守成型,火力強勢,穩定守成,8,中職2024年,262.0,2024-08-16 18:35,臺中市洲際棒球場,台鋼雄鷹,True,5.0,3.0,2.0,True,主場,勝,小勝,中等得分,中等失分,0.0,4.0,1.0,True,False,True,後段追分型,26.0,7.0,5.0,2.0,3.0,0.0,0.0,3.0,3.0,0.714285714285714,12.0,零星攻勢,27.0,9.0,9.0,1.0,1.0,5.0,1.11111111111111,5.0,0.0,穩定守成
818,CPBL-2024-xa-260,中職2024年,2024,260,2024-08-14 18:35:00,嘉義市立棒球場,v0.1.0-2024,G1-G360 regular season,https://github.com/rebas-tw/rebas.tw-open-data/releases/download/v0.1.0-2024/CPBL-2024-OpenData.zip,CPBL-2024-OpenData/CPBL-2024-OpenData.json,味全龍,統一7-ELEVEn獅,False,8,2,6,1,0,2,6,0,0,0,35,13,6,7,0,0,1,1,3,0.6153846153846154,11.5,27,9.0,8,0,0,4,0.8888888888888888,4.0,2,客場,勝,大勝,高得分,低失分,後段逆轉型,火力強勢,壓制力強,8,中職2024年,260.0,2024-08-14 18:35,嘉義市立棒球場,統一7-ELEVEn獅,False,8.0,2.0,6.0,True,客場,勝,大勝,高得分,低失分,0.0,2.0,6.0,False,False,False,後段逆轉型,35.0,13.0,6.0,7.0,0.0,0.0,1.0,1.0,3.0,0.615384615384615,11.5,穩定攻擊,27.0,9.0,8.0,0.0,0.0,4.0,0.888888888888889,4.0,2.0,壓制力強
819,CPBL-2024-xa-260,中職2024年,2024,260,2024-08-14 18:35:00,嘉義市立棒球場,v0.1.0-2024,G1-G360 regular season,https://github.com/rebas-tw/rebas.tw-open-data/releases/download/v0.1.0-2024/CPBL-2024-OpenData.zip,CPBL-2024-OpenData/CPBL-2024-OpenData.json,統一7-ELEVEn獅,味全龍,True,2,8,-6,0,2,0,0,1,1,0,34,8,0,4,1,0,0,1,1,0.25,1.0,27,9.0,13,6,1,7,2.111111111111111,1.1666666666666667,-8,主場,敗,大敗,低得分,高失分,一般拉鋸型,攻勢受阻,失分偏高,8,中職2024年,260.0,2024-08-14 18:35,嘉義市立棒球場,味全龍,True,2.0,8.0,-6.0,False,主場,敗,大敗,低得分,高失分,2.0,0.0,0.0,True,True,False,拉鋸型,34.0,8.0,0.0,4.0,1.0,0.0,0.0,1.0,1.0,0.25,1.0,低效進攻,27.0,9.0,13.0,6.0,1.0,7.0,2.11111111111111,1.16666666666667,-8.0,投打被突破
820,CPBL-2024-xa-259,中職2024年,2024,259,2024-08-14 18:36:00,澄清湖棒球場,v0.1.0-2024,G1-G360 regular season,https://github.com/rebas-tw/rebas.tw-open-data/releases/download/v0.1.0-2024/CPBL-2024-OpenData.zip,CPBL-2024-OpenData/CPBL-2024-OpenData.json,樂天桃猿,台鋼雄鷹,False,3,1,2,1,2,0,1,0,1,1,33,8,4,3,0,0,0,0,0,0.375,5.5,27,9.0,4,4,0,6,0.8888888888888888,1.5,1,客場,勝,中幅勝,中等得分,低失分,領先守成型,穩定攻擊,穩定守成,8,中職2024年,259.0,2024-08-14 18:36,澄清湖棒球場,台鋼雄鷹,False,3.0,1.0,2.0,True,客場,勝,小勝,中等得分,低失分,2.0,0.0,1.0,False,True,True,全場壓制型,33.0,8.0,4.0,3.0,0.0,0.0,0.0,0.0,0.0,0.375,5.5,穩定攻擊,27.0,9.0,4.0,4.0,0.0,6.0,0.888888888888889,1.5,1.0,壓制力強
821,CPBL-2024-xa-259,中職2024年,2024,259,2024-08-14 18:36:00,澄清湖棒球場,v0.1.0-2024,G1-G360 regular season,https://github.com/rebas-tw/rebas.tw-open-data/releases/download/v0.1.0-2024/CPBL-2024-OpenData.zip,CPBL-2024-OpenData/CPBL-2024-OpenData.json,台鋼雄鷹,樂天桃猿,True,1,3,-2,0,1,0,0,0,0,0,30,4,4,6,3,0,0,3,3,0.25,5.0,27,9.0,8,4,0,3,1.3333333333333333,0.75,-4,主場,敗,小敗,低得分,中等失分,一般拉鋸型,穩定攻擊,失分偏高,8,中職2024年,259.0,2024-08-14 18:36,澄清湖棒球場,樂天桃猿,True,1.0,3.0,-2.0,False,主場,敗,小敗,低得分,中等失分,1.0,0.0,0.0,False,False,False,被壓制型,30.0,4.0,4.0,6.0,3.0,0.0,0.0,3.0,3.0,0.25,5.0,低效進攻,27.0,9.0,8.0,4.0,0.0,3.0,1.33333333333333,0.75,-4.0,普通防守
822,CPBL-2024-xa-258,中職2024年,2024,258,2024-08-14 18:35:00,臺東棒球村第一棒球場,v0.1.0-2024,G1-G360 regular season,https://github.com/rebas-tw/rebas.tw-open-data/releases/download/v0.1.0-2024/CPBL-2024-OpenData.zip,CPBL-2024-OpenData/CPBL-2024-OpenData.json,富邦悍將,中信兄弟,False,3,5,-2,0,0,0,3,0,0,0,34,9,2,7,2,0,0,2,2,0.3333333333333333,3.5,24,8.0,7,4,1,9,1.375,2.25,-1,客場,敗,小敗,中等得分,中等失分,一般拉鋸型,穩定攻擊,穩定守成,8,中職2024年,258.0,2024-08-14 18:35,臺東棒球村第一棒球場,中信兄弟,False,3.0,5.0,-2.0,False,客場,敗,小敗,中等得分,中等失分,0.0,0.0,3.0,False,False,False,被壓制型,34.0,9.0,2.0,7.0,2.0,0.0,0.0,2.0,2.0,0.333333333333333,3.5,穩定攻擊,24.0,8.0,7.0,4.0,1.0,9.0,1.375,2.25,-1.0,失分偏高
823,CPBL-2024-xa-258,中職2024年,2024,258,2024-08-14 18:35:00,臺東棒球村第一棒球場,v0.1.0-2024,G1-G360 regular season,https://github.com/rebas-tw/rebas.tw-open-data/releases/download/v0.1.0-2024/CPBL-2024-OpenData.zip,CPBL-2024-OpenData/CPBL-2024-OpenData.json,中信兄弟,富邦悍將,True,5,3,2,1,3,0,2,1,1,1,30,7,4,9,1,0,1,2,4,0.7142857142857143,6.5,27,9.0,9,2,0,7,1.2222222222222223,3.5,2,主場,勝,中幅勝,中等得分,中等失分,領先守成型,穩定攻擊,壓制力強,8,中職2024年,258.0,2024-08-14 18:35,臺東棒球村第一棒球場,富邦悍將,True,5.0,3.0,2.0,True,主場,勝,小勝,中等得分,中等失分,3.0,0.0,2.0,True,True,True,全場壓制型,30.0,7.0,4.0,9.0,1.0,0.0,1.0,2.0,4.0,0.714285714285714,6.5,零星攻勢,27.0,9.0,9.0,2.0,0.0,7.0,1.22222222222222,3.5,2.0,穩定守成
824,CPBL-2024-xa-257,中職2024年,2024,257,2024-08-13 18:35:00,澄清湖棒球場,v0.1.0-2024,G1-G360 regular season,https://github.com/rebas-tw/rebas.tw-open-data/releases/download/v0.1.0-2024/CPBL-2024-OpenData.zip,CPBL-2024-OpenData/CPBL-2024-OpenData.json,樂天桃猿,台鋼雄鷹,False,1,4,-3,0,0,0,1,0,0,0,27,2,5,8,0,0,1,1,3,0.5,3.0,24,8.0,8,3,0,4,1.375,1.3333333333333333,-3,客場,敗,小敗,低得分,中等失分,一般拉鋸型,穩定攻擊,穩定守成,8,中職2024年,257.0,2024-08-13 18:35,澄清湖棒球場,台鋼雄鷹,False,1.0,4.0,-3.0,False,客場,敗,小敗,低得分,中等失分,0.0,0.0,1.0,False,False,False,被壓制型,27.0,2.0,5.0,8.0,0.0,0.0,1.0,1.0,3.0,0.5,3.0,攻勢受阻,24.0,8.0,8.0,3.0,0.0,4.0,1.375,1.33333333333333,-3.0,普通防守
825,CPBL-2024-xa-257,中職2024年,2024,257,2024-08-13 18:35:00,澄清湖棒球場,v0.1.0-2024,G1-G360 regular season,https://github.com/rebas-tw/rebas.tw-open-data/releases/download/v0.1.0-2024/CPBL-2024-OpenData.zip,CPBL-2024-OpenData/CPBL-2024-OpenData.json,台鋼雄鷹,樂天桃猿,True,4,1,3,1,4,0,0,1,1,1,32,8,3,4,1,1,0,2,3,0.5,7.0,27,9.0,2,5,1,8,0.7777777777777778,1.6,1,主場,勝,中幅勝,中等得分,低失分,領先守成型,穩定攻擊,穩定守成,8,中職2024年,257.0,2024-08-13 18:35,澄清湖棒球場,樂天桃猿,True,4.0,1.0,3.0,True,主場,勝,小勝,中等得分,低失分,4.0,0.0,0.0,True,True,True,全場壓制型,32.0,8.0,3.0,4.0,1.0,1.0,0.0,2.0,3.0,0.5,7.0,穩定攻擊,27.0,9.0,2.0,5.0,1.0,8.0,0.777777777777778,1.6,1.0,壓制力強
826,CPBL-2024-xa-256,中職2024年,2024,256,2024-08-13 18:35:00,臺東棒球村第一棒球場,v0.1.0-2024,G1-G360 regular season,https://github.com/rebas-tw/rebas.tw-open-data/releases/download/v0.1.0-2024/CPBL-2024-OpenData.zip,CPBL-2024-OpenData/CPBL-2024-OpenData.json,富邦悍將,中信兄弟,False,7,1,6,1,4,2,1,1,1,1,37,9,3,7,0,0,1,1,3,0.7777777777777778,7.5,27,9.0,10,1,0,12,1.2222222222222223,12.0,10,客場,勝,大勝,高得分,低失分,領先守成型,穩定攻擊,壓制力強,8,中職2024年,256.0,2024-08-13 18:35,臺東棒球村第一棒球場,中信兄弟,False,7.0,1.0,6.0,True,客場,勝,大勝,高得分,低失分,4.0,2.0,1.0,True,True,True,全場壓制型,37.0,9.0,3.0,7.0,0.0,0.0,1.0,1.0,3.0,0.777777777777778,7.5,穩定攻擊,27.0,9.0,10.0,1.0,0.0,12.0,1.22222222222222,12.0,10.0,穩定守成
827,CPBL-2024-xa-256,中職2024年,2024,256,2024-08-13 18:35:00,臺東棒球村第一棒球場,v0.1.0-2024,G1-G360 regular season,https://github.com/rebas-tw/rebas.tw-open-data/releases/download/v0.1.0-2024/CPBL-2024-OpenData.zip,CPBL-2024-OpenData/CPBL-2024-OpenData.json,中信兄弟,富邦悍將,True,1,7,-6,0,0,1,0,0,0,0,37,10,1,12,1,0,0,1,1,0.1,-3.0,27,9.0,9,3,1,7,1.3333333333333333,2.3333333333333335,-4,主場,敗,大敗,低得分,高失分,一般拉鋸型,攻勢受阻,失分偏高,8,中職2024年,256.0,2024-08-13 18:35,臺東棒球村第一棒球場,富邦悍將,True,1.0,7.0,-6.0,False,主場,敗,大敗,低得分,高失分,0.0,1.0,0.0,False,False,False,被壓制型,37.0,10.0,1.0,12.0,1.0,0.0,0.0,1.0,1.0,0.1,-3.0,攻勢受阻,27.0,9.0,9.0,3.0,1.0,7.0,1.33333333333333,2.33333333333333,-4.0,失分偏高
828,CPBL-2024-xa-255,中職2024年,2024,255,2024-08-11 17:05:00,新北市立新莊棒球場,v0.1.0-2024,G1-G360 regular season,https://github.com/rebas-tw/rebas.tw-open-data/releases/download/v0.1.0-2024/CPBL-2024-OpenData.zip,CPBL-2024-OpenData/CPBL-2024-OpenData.json,味全龍,富邦悍將,False,11,6,5,1,9,2,0,1,1,1,40,13,3,7,0,0,4,4,12,0.8461538461538461,14.5,27,9.0,10,7,1,5,1.8888888888888888,0.7142857142857143,-9,客場,勝,大勝,高得分,高失分,領先守成型,火力強勢,失分偏高,8,中職2024年,255.0,2024-08-11 17:05,新北市立新莊棒球場,富邦悍將,False,11.0,6.0,5.0,True,客場,勝,大勝,高得分,高失分,9.0,2.0,0.0,True,True,True,全場壓制型,40.0,13.0,3.0,7.0,0.0,0.0,4.0,4.0,12.0,0.846153846153846,14.5,火力強勢,27.0,9.0,10.0,7.0,1.0,5.0,1.88888888888889,0.714285714285714,-9.0,投打被突破
829,CPBL-2024-xa-255,中職2024年,2024,255,2024-08-11 17:05:00,新北市立新莊棒球場,v0.1.0-2024,G1-G360 regular season,https://github.com/rebas-tw/rebas.tw-open-data/releases/download/v0.1.0-2024/CPBL-2024-OpenData.zip,CPBL-2024-OpenData/CPBL-2024-OpenData.json,富邦悍將,味全龍,True,6,11,-5,0,1,5,0,0,0,0,36,10,7,5,0,0,1,1,3,0.6,11.5,27,9.0,13,3,4,7,1.7777777777777777,2.3333333333333335,-11,主場,敗,大敗,高得分,高失分,一般拉鋸型,火力強勢,失分偏高,8,中職2024年,255.0,2024-08-11 17:05,新北市立新莊棒球場,味全龍,True,6.0,11.0,-5.0,False,主場,敗,大敗,高得分,高失分,1.0,5.0,0.0,False,False,False,被壓制型,36.0,10.0,7.0,5.0,0.0,0.0,1.0,1.0,3.0,0.6,11.5,穩定攻擊,27.0,9.0,13.0,3.0,4.0,7.0,1.77777777777778,2.33333333333333,-11.0,失分偏高
830,CPBL-2024-xa-254,中職2024年,2024,254,2024-08-11 17:05:00,花蓮縣立德興棒球場,v0.1.0-2024,G1-G360 regular season,https://github.com/rebas-tw/rebas.tw-open-data/releases/download/v0.1.0-2024/CPBL-2024-OpenData.zip,CPBL-2024-OpenData/CPBL-2024-OpenData.json,樂天桃猿,統一7-ELEVEn獅,False,3,4,-1,0,0,3,0,0,0,0,29,6,2,8,2,0,1,3,5,0.5,4.0,26,8.666666666666666,11,3,0,5,1.6153846153846154,1.6666666666666667,-2,客場,敗,小敗,中等得分,中等失分,一般拉鋸型,穩定攻擊,穩定守成,8,中職2024年,254.0,2024-08-11 17:05,花蓮縣立德興棒球場,統一7-ELEVEn獅,False,3.0,4.0,-1.0,False,客場,敗,小敗,中等得分,中等失分,0.0,3.0,0.0,False,False,False,被壓制型,29.0,6.0,2.0,8.0,2.0,0.0,1.0,3.0,5.0,0.5,4.0,零星攻勢,26.0,8.66666666666667,11.0,3.0,0.0,5.0,1.61538461538462,1.66666666666667,-2.0,普通防守
831,CPBL-2024-xa-254,中職2024年,2024,254,2024-08-11 17:05:00,花蓮縣立德興棒球場,v0.1.0-2024,G1-G360 regular season,https://github.com/rebas-tw/rebas.tw-open-data/releases/download/v0.1.0-2024/CPBL-2024-OpenData.zip,CPBL-2024-OpenData/CPBL-2024-OpenData.json,統一7-ELEVEn獅,樂天桃猿,True,4,3,1,1,1,2,1,1,1,0,37,11,3,5,2,0,0,2,2,0.36363636363636365,6.5,27,9.0,6,2,1,8,0.8888888888888888,4.0,2,主場,勝,小勝,中等得分,中等失分,後段逆轉型,穩定攻擊,壓制力強,8,中職2024年,254.0,2024-08-11 17:05,花蓮縣立德興棒球場,樂天桃猿,True,4.0,3.0,1.0,True,主場,勝,小勝,中等得分,中等失分,1.0,2.0,1.0,True,True,False,後段逆轉型,37.0,11.0,3.0,5.0,2.0,0.0,0.0,2.0,2.0,0.363636363636364,6.5,穩定攻擊,27.0,9.0,6.0,2.0,1.0,8.0,0.888888888888889,4.0,2.0,穩定守成
832,CPBL-2024-xa-253,中職2024年,2024,253,2024-08-11 14:06:00,臺北大巨蛋,v0.1.0-2024,G1-G360 regular season,https://github.com/rebas-tw/rebas.tw-open-data/releases/download/v0.1.0-2024/CPBL-2024-OpenData.zip,CPBL-2024-OpenData/CPBL-2024-OpenData.json,中信兄弟,台鋼雄鷹,False,1,2,-1,0,0,0,1,0,0,0,30,4,2,5,0,0,0,0,0,0.25,0.5,24,8.0,5,1,2,5,0.75,5.0,0,客場,敗,小敗,低得分,低失分,一般拉鋸型,攻勢受阻,穩定守成,8,中職2024年,253.0,2024-08-11 14:06,臺北大巨蛋,台鋼雄鷹,False,1.0,2.0,-1.0,False,客場,敗,小敗,低得分,低失分,0.0,0.0,1.0,False,False,False,被壓制型,30.0,4.0,2.0,5.0,0.0,0.0,0.0,0.0,0.0,0.25,0.5,低效進攻,24.0,8.0,5.0,1.0,2.0,5.0,0.75,5.0,0.0,壓制力強
833,CPBL-2024-xa-253,中職2024年,2024,253,2024-08-11 14:06:00,臺北大巨蛋,v0.1.0-2024,G1-G360 regular season,https://github.com/rebas-tw/rebas.tw-open-data/releases/download/v0.1.0-2024/CPBL-2024-OpenData.zip,CPBL-2024-OpenData/CPBL-2024-OpenData.json,台鋼雄鷹,中信兄弟,True,2,1,1,1,1,1,0,1,1,1,29,5,1,5,2,0,2,4,8,0.4,4.5,27,9.0,4,2,0,5,0.6666666666666666,2.5,2,主場,勝,小勝,低得分,低失分,領先守成型,穩定攻擊,壓制力強,8,中職2024年,253.0,2024-08-11 14:06,臺北大巨蛋,中信兄弟,True,2.0,1.0,1.0,True,主場,勝,小勝,低得分,低失分,1.0,1.0,0.0,True,True,True,全場壓制型,29.0,5.0,1.0,5.0,2.0,0.0,2.0,4.0,8.0,0.4,4.5,低效進攻,27.0,9.0,4.0,2.0,0.0,5.0,0.666666666666667,2.5,2.0,壓制力強
834,CPBL-2024-xa-252,中職2024年,2024,252,2024-08-10 17:05:00,臺北大巨蛋,v0.1.0-2024,G1-G360 regular season,https://github.com/rebas-tw/rebas.tw-open-data/releases/download/v0.1.0-2024/CPBL-2024-OpenData.zip,CPBL-2024-OpenData/CPBL-2024-OpenData.json,中信兄弟,台鋼雄鷹,False,8,6,2,1,5,2,1,1,1,1,35,13,7,8,5,0,0,5,5,0.6153846153846154,16.0,27,9.0,7,3,0,4,1.1111111111111112,1.3333333333333333,-5,客場,勝,中幅勝,高得分,高失分,領先守成型,火力強勢,失分偏高,8,中職2024年,252.0,2024-08-10 17:05,臺北大巨蛋,台鋼雄鷹,False,8.0,6.0,2.0,True,客場,勝,小勝,高得分,高失分,5.0,2.0,1.0,True,True,True,全場壓制型,35.0,13.0,7.0,8.0,5.0,0.0,0.0,5.0,5.0,0.615384615384615,16.0,火力強勢,27.0,9.0,7.0,3.0,0.0,4.0,1.11111111111111,1.33333333333333,-5.0,失分偏高
835,CPBL-2024-xa-252,中職2024年,2024,252,2024-08-10 17:05:00,臺北大巨蛋,v0.1.0-2024,G1-G360 regular season,https://github.com/rebas-tw/rebas.tw-open-data/releases/download/v0.1.0-2024/CPBL-2024-OpenData.zip,CPBL-2024-OpenData/CPBL-2024-OpenData.json,台鋼雄鷹,中信兄弟,True,6,8,-2,0,0,2,4,0,0,0,29,7,3,4,1,1,0,2,3,0.8571428571428571,9.0,27,9.0,13,7,0,8,2.2222222222222223,1.1428571428571428,-7,主場,敗,小敗,高得分,高失分,一般拉鋸型,火力強勢,失分偏高,8,中職2024年,252.0,2024-08-10 17:05,臺北大巨蛋,中信兄弟,True,6.0,8.0,-2.0,False,主場,敗,小敗,高得分,高失分,0.0,2.0,4.0,False,False,False,被壓制型,29.0,7.0,3.0,4.0,1.0,1.0,0.0,2.0,3.0,0.857142857142857,9.0,零星攻勢,27.0,9.0,13.0,7.0,0.0,8.0,2.22222222222222,1.14285714285714,-7.0,投打被突破
836,CPBL-2024-xa-250,中職2024年,2024,250,2024-08-10 17:05:00,花蓮縣立德興棒球場,v0.1.0-2024,G1-G360 regular season,https://github.com/rebas-tw/rebas.tw-open-data/releases/download/v0.1.0-2024/CPBL-2024-OpenData.zip,CPBL-2024-OpenData/CPBL-2024-OpenData.json,樂天桃猿,統一7-ELEVEn獅,False,3,5,-2,0,1,0,2,1,1,0,37,11,2,6,1,0,1,2,4,0.2727272727272727,4.0,24,8.0,9,3,1,4,1.5,1.3333333333333333,-5,客場,敗,小敗,中等得分,中等失分,一般拉鋸型,穩定攻擊,失分偏高,8,中職2024年,250.0,2024-08-10 17:05,花蓮縣立德興棒球場,統一7-ELEVEn獅,False,3.0,5.0,-2.0,False,客場,敗,小敗,中等得分,中等失分,1.0,0.0,2.0,True,True,False,後段追分型,37.0,11.0,2.0,6.0,1.0,0.0,1.0,2.0,4.0,0.272727272727273,4.0,穩定攻擊,24.0,8.0,9.0,3.0,1.0,4.0,1.5,1.33333333333333,-5.0,失分偏高
837,CPBL-2024-xa-250,中職2024年,2024,250,2024-08-10 17:05:00,花蓮縣立德興棒球場,v0.1.0-2024,G1-G360 regular season,https://github.com/rebas-tw/rebas.tw-open-data/releases/download/v0.1.0-2024/CPBL-2024-OpenData.zip,CPBL-2024-OpenData/CPBL-2024-OpenData.json,統一7-ELEVEn獅,樂天桃猿,True,5,3,2,1,0,2,3,0,0,1,31,9,3,4,1,1,1,3,6,0.5555555555555556,9.0,27,9.0,11,2,1,6,1.4444444444444444,3.0,0,主場,勝,中幅勝,中等得分,中等失分,領先守成型,火力強勢,穩定守成,8,中職2024年,250.0,2024-08-10 17:05,花蓮縣立德興棒球場,樂天桃猿,True,5.0,3.0,2.0,True,主場,勝,小勝,中等得分,中等失分,0.0,2.0,3.0,False,False,True,後段追分型,31.0,9.0,3.0,4.0,1.0,1.0,1.0,3.0,6.0,0.555555555555556,9.0,穩定攻擊,27.0,9.0,11.0,2.0,1.0,6.0,1.44444444444444,3.0,0.0,穩定守成
838,CPBL-2024-xa-249,中職2024年,2024,249,2024-08-09 18:35:00,臺北大巨蛋,v0.1.0-2024,G1-G360 regular season,https://github.com/rebas-tw/rebas.tw-open-data/releases/download/v0.1.0-2024/CPBL-2024-OpenData.zip,CPBL-2024-OpenData/CPBL-2024-OpenData.json,中信兄弟,台鋼雄鷹,False,2,7,-5,0,0,0,2,0,0,0,32,7,2,5,1,0,1,2,4,0.2857142857142857,3.5,24,8.0,8,7,0,9,1.875,1.2857142857142858,-5,客場,敗,大敗,低得分,高失分,一般拉鋸型,穩定攻擊,失分偏高,8,中職2024年,249.0,2024-08-09 18:35,臺北大巨蛋,台鋼雄鷹,False,2.0,7.0,-5.0,False,客場,敗,大敗,低得分,高失分,0.0,0.0,2.0,False,False,False,被壓制型,32.0,7.0,2.0,5.0,1.0,0.0,1.0,2.0,4.0,0.285714285714286,3.5,低效進攻,24.0,8.0,8.0,7.0,0.0,9.0,1.875,1.28571428571429,-5.0,投打被突破
839,CPBL-2024-xa-249,中職2024年,2024,249,2024-08-09 18:35:00,臺北大巨蛋,v0.1.0-2024,G1-G360 regular season,https://github.com/rebas-tw/rebas.tw-open-data/releases/download/v0.1.0-2024/CPBL-2024-OpenData.zip,CPBL-2024-OpenData/CPBL-2024-OpenData.json,台鋼雄鷹,中信兄弟,True,7,2,5,1,2,0,5,1,1,1,30,8,7,9,1,0,0,1,1,0.875,10.5,27,9.0,7,2,1,5,1.0,2.5,0,主場,勝,大勝,高得分,低失分,領先守成型,火力強勢,穩定守成,8,中職2024年,249.0,2024-08-09 18:35,臺北大巨蛋,中信兄弟,True,7.0,2.0,5.0,True,主場,勝,大勝,高得分,低失分,2.0,0.0,5.0,True,True,True,全場壓制型,30.0,8.0,7.0,9.0,1.0,0.0,0.0,1.0,1.0,0.875,10.5,穩定攻擊,27.0,9.0,7.0,2.0,1.0,5.0,1.0,2.5,0.0,壓制力強
840,CPBL-2024-xa-248,中職2024年,2024,248,2024-08-09 18:35:00,新北市立新莊棒球場,v0.1.0-2024,G1-G360 regular season,https://github.com/rebas-tw/rebas.tw-open-data/releases/download/v0.1.0-2024/CPBL-2024-OpenData.zip,CPBL-2024-OpenData/CPBL-2024-OpenData.json,味全龍,富邦悍將,False,2,1,1,1,0,1,1,0,0,0,35,11,1,8,0,0,1,1,3,0.18181818181818182,0.0,27,9.0,3,3,0,7,0.6666666666666666,2.3333333333333335,3,客場,勝,小勝,低得分,低失分,後段逆轉型,攻勢受阻,壓制力強,8,中職2024年,248.0,2024-08-09 18:35,新北市立新莊棒球場,富邦悍將,False,2.0,1.0,1.0,True,客場,勝,小勝,低得分,低失分,0.0,1.0,1.0,False,False,False,後段逆轉型,35.0,11.0,1.0,8.0,0.0,0.0,1.0,1.0,3.0,0.181818181818182,0.0,攻勢受阻,27.0,9.0,3.0,3.0,0.0,7.0,0.666666666666667,2.33333333333333,3.0,壓制力強
841,CPBL-2024-xa-248,中職2024年,2024,248,2024-08-09 18:35:00,新北市立新莊棒球場,v0.1.0-2024,G1-G360 regular season,https://github.com/rebas-tw/rebas.tw-open-data/releases/download/v0.1.0-2024/CPBL-2024-OpenData.zip,CPBL-2024-OpenData/CPBL-2024-OpenData.json,富邦悍將,味全龍,True,1,2,-1,0,1,0,0,1,1,0,29,3,3,7,1,0,0,1,1,0.3333333333333333,1.5,27,9.0,11,1,1,8,1.3333333333333333,8.0,4,主場,敗,小敗,低得分,低失分,一般拉鋸型,攻勢受阻,壓制力強,8,中職2024年,248.0,2024-08-09 18:35,新北市立新莊棒球場,味全龍,True,1.0,2.0,-1.0,False,主場,敗,小敗,低得分,低失分,1.0,0.0,0.0,True,True,False,拉鋸型,29.0,3.0,3.0,7.0,1.0,0.0,0.0,1.0,1.0,0.333333333333333,1.5,低效進攻,27.0,9.0,11.0,1.0,1.0,8.0,1.33333333333333,8.0,4.0,穩定守成
842,CPBL-2024-xa-247,中職2024年,2024,247,2024-08-09 18:35:00,花蓮縣立德興棒球場,v0.1.0-2024,G1-G360 regular season,https://github.com/rebas-tw/rebas.tw-open-data/releases/download/v0.1.0-2024/CPBL-2024-OpenData.zip,CPBL-2024-OpenData/CPBL-2024-OpenData.json,樂天桃猿,統一7-ELEVEn獅,False,1,3,-2,0,1,0,0,0,0,0,30,6,2,11,1,0,0,1,1,0.16666666666666666,-1.5,24,8.0,10,1,0,5,1.375,5.0,1,客場,敗,小敗,低得分,中等失分,一般拉鋸型,攻勢受阻,穩定守成,8,中職2024年,247.0,2024-08-09 18:35,花蓮縣立德興棒球場,統一7-ELEVEn獅,False,1.0,3.0,-2.0,False,客場,敗,小敗,低得分,中等失分,1.0,0.0,0.0,False,False,False,被壓制型,30.0,6.0,2.0,11.0,1.0,0.0,0.0,1.0,1.0,0.166666666666667,-1.5,攻勢受阻,24.0,8.0,10.0,1.0,0.0,5.0,1.375,5.0,1.0,穩定守成
843,CPBL-2024-xa-247,中職2024年,2024,247,2024-08-09 18:35:00,花蓮縣立德興棒球場,v0.1.0-2024,G1-G360 regular season,https://github.com/rebas-tw/rebas.tw-open-data/releases/download/v0.1.0-2024/CPBL-2024-OpenData.zip,CPBL-2024-OpenData/CPBL-2024-OpenData.json,統一7-ELEVEn獅,樂天桃猿,True,3,1,2,1,1,0,2,0,0,0,30,10,1,5,0,0,0,0,0,0.3,1.5,27,9.0,6,2,0,11,0.8888888888888888,5.5,8,主場,勝,中幅勝,中等得分,低失分,後段逆轉型,攻勢受阻,壓制力強,8,中職2024年,247.0,2024-08-09 18:35,花蓮縣立德興棒球場,樂天桃猿,True,3.0,1.0,2.0,True,主場,勝,小勝,中等得分,低失分,1.0,0.0,2.0,False,False,False,後段逆轉型,30.0,10.0,1.0,5.0,0.0,0.0,0.0,0.0,0.0,0.3,1.5,穩定攻擊,27.0,9.0,6.0,2.0,0.0,11.0,0.888888888888889,5.5,8.0,壓制力強
844,CPBL-2024-xa-246,中職2024年,2024,246,2024-08-08 18:35:00,臺北市立天母棒球場,v0.1.0-2024,G1-G360 regular season,https://github.com/rebas-tw/rebas.tw-open-data/releases/download/v0.1.0-2024/CPBL-2024-OpenData.zip,CPBL-2024-OpenData/CPBL-2024-OpenData.json,中信兄弟,味全龍,False,9,5,4,1,6,3,0,1,1,1,38,12,4,4,3,0,1,4,6,0.75,15.0,27,9.0,12,3,2,6,1.6666666666666667,2.0,-4,客場,勝,中幅勝,高得分,中等失分,領先守成型,火力強勢,失分偏高,8,中職2024年,246.0,2024-08-08 18:35,臺北市立天母棒球場,味全龍,False,9.0,5.0,4.0,True,客場,勝,小勝,高得分,中等失分,6.0,3.0,0.0,True,True,True,全場壓制型,38.0,12.0,4.0,4.0,3.0,0.0,1.0,4.0,6.0,0.75,15.0,火力強勢,27.0,9.0,12.0,3.0,2.0,6.0,1.66666666666667,2.0,-4.0,失分偏高
845,CPBL-2024-xa-246,中職2024年,2024,246,2024-08-08 18:35:00,臺北市立天母棒球場,v0.1.0-2024,G1-G360 regular season,https://github.com/rebas-tw/rebas.tw-open-data/releases/download/v0.1.0-2024/CPBL-2024-OpenData.zip,CPBL-2024-OpenData/CPBL-2024-OpenData.json,味全龍,中信兄弟,True,5,9,-4,0,1,2,2,0,0,0,38,12,3,6,3,0,2,5,9,0.4166666666666667,10.0,27,9.0,12,4,1,4,1.7777777777777777,1.0,-10,主場,敗,大敗,中等得分,高失分,一般拉鋸型,火力強勢,失分偏高,8,中職2024年,246.0,2024-08-08 18:35,臺北市立天母棒球場,中信兄弟,True,5.0,9.0,-4.0,False,主場,敗,小敗,中等得分,高失分,1.0,2.0,2.0,False,False,False,被壓制型,38.0,12.0,3.0,6.0,3.0,0.0,2.0,5.0,9.0,0.416666666666667,10.0,穩定攻擊,27.0,9.0,12.0,4.0,1.0,4.0,1.77777777777778,1.0,-10.0,失分偏高
846,CPBL-2024-xa-245,中職2024年,2024,245,2024-08-07 18:35:00,臺北市立天母棒球場,v0.1.0-2024,G1-G360 regular season,https://github.com/rebas-tw/rebas.tw-open-data/releases/download/v0.1.0-2024/CPBL-2024-OpenData.zip,CPBL-2024-OpenData/CPBL-2024-OpenData.json,中信兄弟,味全龍,False,1,5,-4,0,0,1,0,0,0,0,30,5,0,15,1,0,0,1,1,0.2,-5.5,24,8.0,7,5,0,2,1.5,0.4,-8,客場,敗,大敗,低得分,中等失分,一般拉鋸型,攻勢受阻,失分偏高,8,中職2024年,245.0,2024-08-07 18:35,臺北市立天母棒球場,味全龍,False,1.0,5.0,-4.0,False,客場,敗,小敗,低得分,中等失分,0.0,1.0,0.0,False,False,False,被壓制型,30.0,5.0,0.0,15.0,1.0,0.0,0.0,1.0,1.0,0.2,-5.5,攻勢受阻,24.0,8.0,7.0,5.0,0.0,2.0,1.5,0.4,-8.0,失分偏高
847,CPBL-2024-xa-245,中職2024年,2024,245,2024-08-07 18:35:00,臺北市立天母棒球場,v0.1.0-2024,G1-G360 regular season,https://github.com/rebas-tw/rebas.tw-open-data/releases/download/v0.1.0-2024/CPBL-2024-OpenData.zip,CPBL-2024-OpenData/CPBL-2024-OpenData.json,味全龍,中信兄弟,True,5,1,4,1,1,4,0,1,1,1,29,7,5,2,2,0,0,2,2,0.7142857142857143,11.0,27,9.0,5,0,0,15,0.5555555555555556,15.0,14,主場,勝,中幅勝,中等得分,低失分,領先守成型,火力強勢,壓制力強,8,中職2024年,245.0,2024-08-07 18:35,臺北市立天母棒球場,中信兄弟,True,5.0,1.0,4.0,True,主場,勝,小勝,中等得分,低失分,1.0,4.0,0.0,True,True,True,全場壓制型,29.0,7.0,5.0,2.0,2.0,0.0,0.0,2.0,2.0,0.714285714285714,11.0,零星攻勢,27.0,9.0,5.0,0.0,0.0,15.0,0.555555555555556,15.0,14.0,壓制力強
848,CPBL-2024-xa-244,中職2024年,2024,244,2024-08-07 18:36:00,樂天桃園棒球場,v0.1.0-2024,G1-G360 regular season,https://github.com/rebas-tw/rebas.tw-open-data/releases/download/v0.1.0-2024/CPBL-2024-OpenData.zip,CPBL-2024-OpenData/CPBL-2024-OpenData.json,台鋼雄鷹,樂天桃猿,False,5,9,-4,0,0,5,0,0,0,0,34,7,2,8,1,0,1,2,4,0.7142857142857143,5.0,24,8.0,14,1,0,2,1.875,2.0,-8,客場,敗,大敗,中等得分,高失分,一般拉鋸型,穩定攻擊,失分偏高,8,中職2024年,244.0,2024-08-07 18:36,樂天桃園棒球場,樂天桃猿,False,5.0,9.0,-4.0,False,客場,敗,小敗,中等得分,高失分,0.0,5.0,0.0,False,False,False,被壓制型,34.0,7.0,2.0,8.0,1.0,0.0,1.0,2.0,4.0,0.714285714285714,5.0,零星攻勢,24.0,8.0,14.0,1.0,0.0,2.0,1.875,2.0,-8.0,投打被突破
849,CPBL-2024-xa-244,中職2024年,2024,244,2024-08-07 18:36:00,樂天桃園棒球場,v0.1.0-2024,G1-G360 regular season,https://github.com/rebas-tw/rebas.tw-open-data/releases/download/v0.1.0-2024/CPBL-2024-OpenData.zip,CPBL-2024-OpenData/CPBL-2024-OpenData.json,樂天桃猿,台鋼雄鷹,True,9,5,4,1,4,2,3,1,1,1,35,14,1,2,6,0,0,6,6,0.6428571428571429,15.0,27,9.0,7,2,1,8,1.0,4.0,0,主場,勝,中幅勝,高得分,中等失分,領先守成型,火力強勢,穩定守成,8,中職2024年,244.0,2024-08-07 18:36,樂天桃園棒球場,台鋼雄鷹,True,9.0,5.0,4.0,True,主場,勝,小勝,高得分,中等失分,4.0,2.0,3.0,True,True,True,全場壓制型,35.0,14.0,1.0,2.0,6.0,0.0,0.0,6.0,6.0,0.642857142857143,15.0,火力強勢,27.0,9.0,7.0,2.0,1.0,8.0,1.0,4.0,0.0,失分偏高
850,CPBL-2024-xa-243,中職2024年,2024,243,2024-08-07 18:35:00,花蓮縣立德興棒球場,v0.1.0-2024,G1-G360 regular season,https://github.com/rebas-tw/rebas.tw-open-data/releases/download/v0.1.0-2024/CPBL-2024-OpenData.zip,CPBL-2024-OpenData/CPBL-2024-OpenData.json,富邦悍將,統一7-ELEVEn獅,False,2,0,2,1,0,0,2,1,0,0,36,10,1,5,0,0,0,0,0,0.2,0.5,27,9.0,6,3,0,3,1.0,1.0,0,客場,勝,中幅勝,低得分,低失分,後段逆轉型,攻勢受阻,穩定守成,8,中職2024年,243.0,2024-08-07 18:35,花蓮縣立德興棒球場,統一7-ELEVEn獅,False,2.0,0.0,2.0,True,客場,勝,小勝,低得分,低失分,0.0,0.0,2.0,True,False,False,後段逆轉型,36.0,10.0,1.0,5.0,0.0,0.0,0.0,0.0,0.0,0.2,0.5,低效進攻,27.0,9.0,6.0,3.0,0.0,3.0,1.0,1.0,0.0,壓制力強
851,CPBL-2024-xa-243,中職2024年,2024,243,2024-08-07 18:35:00,花蓮縣立德興棒球場,v0.1.0-2024,G1-G360 regular season,https://github.com/rebas-tw/rebas.tw-open-data/releases/download/v0.1.0-2024/CPBL-2024-OpenData.zip,CPBL-2024-OpenData/CPBL-2024-OpenData.json,統一7-ELEVEn獅,富邦悍將,True,0,2,-2,0,0,0,0,0,0,0,31,6,3,3,0,0,0,0,0,0.0,1.5,27,9.0,10,1,0,5,1.2222222222222223,5.0,2,主場,敗,小敗,低得分,低失分,一般拉鋸型,攻勢受阻,壓制力強,8,中職2024年,243.0,2024-08-07 18:35,花蓮縣立德興棒球場,富邦悍將,True,0.0,2.0,-2.0,False,主場,敗,小敗,低得分,低失分,0.0,0.0,0.0,False,False,False,被壓制型,31.0,6.0,3.0,3.0,0.0,0.0,0.0,0.0,0.0,0.0,1.5,低效進攻,27.0,9.0,10.0,1.0,0.0,5.0,1.22222222222222,5.0,2.0,穩定守成
852,CPBL-2024-xa-242,中職2024年,2024,242,2024-08-06 18:35:00,樂天桃園棒球場,v0.1.0-2024,G1-G360 regular season,https://github.com/rebas-tw/rebas.tw-open-data/releases/download/v0.1.0-2024/CPBL-2024-OpenData.zip,CPBL-2024-OpenData/CPBL-2024-OpenData.json,台鋼雄鷹,樂天桃猿,False,7,6,1,1,0,6,1,0,0,1,38,15,4,4,1,1,1,3,6,0.4666666666666667,12.0,27,9.0,8,5,1,9,1.4444444444444444,1.8,-3,客場,勝,小勝,高得分,高失分,領先守成型,火力強勢,穩定守成,8,中職2024年,242.0,2024-08-06 18:35,樂天桃園棒球場,樂天桃猿,False,7.0,6.0,1.0,True,客場,勝,小勝,高得分,高失分,0.0,6.0,1.0,False,False,True,後段追分型,38.0,15.0,4.0,4.0,1.0,1.0,1.0,3.0,6.0,0.466666666666667,12.0,火力強勢,27.0,9.0,8.0,5.0,1.0,9.0,1.44444444444444,1.8,-3.0,失分偏高
853,CPBL-2024-xa-242,中職2024年,2024,242,2024-08-06 18:35:00,樂天桃園棒球場,v0.1.0-2024,G1-G360 regular season,https://github.com/rebas-tw/rebas.tw-open-data/releases/download/v0.1.0-2024/CPBL-2024-OpenData.zip,CPBL-2024-OpenData/CPBL-2024-OpenData.json,樂天桃猿,台鋼雄鷹,True,6,7,-1,0,1,0,5,1,1,0,35,8,5,9,3,0,1,4,6,0.75,10.5,27,9.0,15,4,1,4,2.111111111111111,1.0,-8,主場,敗,小敗,高得分,高失分,一般拉鋸型,火力強勢,失分偏高,8,中職2024年,242.0,2024-08-06 18:35,樂天桃園棒球場,台鋼雄鷹,True,6.0,7.0,-1.0,False,主場,敗,小敗,高得分,高失分,1.0,0.0,5.0,True,True,False,後段追分型,35.0,8.0,5.0,9.0,3.0,0.0,1.0,4.0,6.0,0.75,10.5,火力強勢,27.0,9.0,15.0,4.0,1.0,4.0,2.11111111111111,1.0,-8.0,投打被突破
854,CPBL-2024-xa-241,中職2024年,2024,241,2024-08-06 18:35:00,花蓮縣立德興棒球場,v0.1.0-2024,G1-G360 regular season,https://github.com/rebas-tw/rebas.tw-open-data/releases/download/v0.1.0-2024/CPBL-2024-OpenData.zip,CPBL-2024-OpenData/CPBL-2024-OpenData.json,富邦悍將,統一7-ELEVEn獅,False,2,5,-3,0,0,2,0,0,0,0,32,5,3,4,0,0,0,0,0,0.4,3.0,24,8.0,10,4,1,1,1.75,0.25,-9,客場,敗,小敗,低得分,中等失分,一般拉鋸型,穩定攻擊,失分偏高,8,中職2024年,241.0,2024-08-06 18:35,花蓮縣立德興棒球場,統一7-ELEVEn獅,False,2.0,5.0,-3.0,False,客場,敗,小敗,低得分,中等失分,0.0,2.0,0.0,False,False,False,被壓制型,32.0,5.0,3.0,4.0,0.0,0.0,0.0,0.0,0.0,0.4,3.0,低效進攻,24.0,8.0,10.0,4.0,1.0,1.0,1.75,0.25,-9.0,失分偏高
855,CPBL-2024-xa-241,中職2024年,2024,241,2024-08-06 18:35:00,花蓮縣立德興棒球場,v0.1.0-2024,G1-G360 regular season,https://github.com/rebas-tw/rebas.tw-open-data/releases/download/v0.1.0-2024/CPBL-2024-OpenData.zip,CPBL-2024-OpenData/CPBL-2024-OpenData.json,統一7-ELEVEn獅,富邦悍將,True,5,2,3,1,3,0,2,1,1,1,32,10,4,1,0,0,1,1,3,0.5,9.5,27,9.0,5,3,0,4,0.8888888888888888,1.3333333333333333,-1,主場,勝,中幅勝,中等得分,低失分,領先守成型,火力強勢,穩定守成,8,中職2024年,241.0,2024-08-06 18:35,花蓮縣立德興棒球場,富邦悍將,True,5.0,2.0,3.0,True,主場,勝,小勝,中等得分,低失分,3.0,0.0,2.0,True,True,True,全場壓制型,32.0,10.0,4.0,1.0,0.0,0.0,1.0,1.0,3.0,0.5,9.5,穩定攻擊,27.0,9.0,5.0,3.0,0.0,4.0,0.888888888888889,1.33333333333333,-1.0,壓制力強
856,CPBL-2024-xa-240,中職2024年,2024,240,2024-08-04 17:05:00,臺北大巨蛋,v0.1.0-2024,G1-G360 regular season,https://github.com/rebas-tw/rebas.tw-open-data/releases/download/v0.1.0-2024/CPBL-2024-OpenData.zip,CPBL-2024-OpenData/CPBL-2024-OpenData.json,富邦悍將,中信兄弟,False,5,6,-1,0,0,2,3,0,0,0,34,11,2,7,2,0,1,3,5,0.45454545454545453,6.5,24,8.0,8,1,1,8,1.125,8.0,0,客場,敗,小敗,中等得分,高失分,一般拉鋸型,穩定攻擊,穩定守成,8,中職2024年,240.0,2024-08-04 17:05,臺北大巨蛋,中信兄弟,False,5.0,6.0,-1.0,False,客場,敗,小敗,中等得分,高失分,0.0,2.0,3.0,False,False,False,被壓制型,34.0,11.0,2.0,7.0,2.0,0.0,1.0,3.0,5.0,0.454545454545455,6.5,穩定攻擊,24.0,8.0,8.0,1.0,1.0,8.0,1.125,8.0,0.0,失分偏高
857,CPBL-2024-xa-240,中職2024年,2024,240,2024-08-04 17:05:00,臺北大巨蛋,v0.1.0-2024,G1-G360 regular season,https://github.com/rebas-tw/rebas.tw-open-data/releases/download/v0.1.0-2024/CPBL-2024-OpenData.zip,CPBL-2024-OpenData/CPBL-2024-OpenData.json,中信兄弟,富邦悍將,True,6,5,1,1,3,0,3,1,1,1,31,8,1,8,1,1,1,3,6,0.75,6.0,27,9.0,11,2,1,7,1.4444444444444444,3.5,-1,主場,勝,小勝,高得分,中等失分,領先守成型,穩定攻擊,穩定守成,8,中職2024年,240.0,2024-08-04 17:05,臺北大巨蛋,富邦悍將,True,6.0,5.0,1.0,True,主場,勝,小勝,高得分,中等失分,3.0,0.0,3.0,True,True,True,全場壓制型,31.0,8.0,1.0,8.0,1.0,1.0,1.0,3.0,6.0,0.75,6.0,火力強勢,27.0,9.0,11.0,2.0,1.0,7.0,1.44444444444444,3.5,-1.0,失分偏高
858,CPBL-2024-xa-239,中職2024年,2024,239,2024-08-04 17:05:00,花蓮縣立德興棒球場,v0.1.0-2024,G1-G360 regular season,https://github.com/rebas-tw/rebas.tw-open-data/releases/download/v0.1.0-2024/CPBL-2024-OpenData.zip,CPBL-2024-OpenData/CPBL-2024-OpenData.json,樂天桃猿,味全龍,False,3,5,-2,0,3,0,0,1,1,0,32,6,1,6,1,0,1,2,4,0.5,3.0,24,8.0,6,2,1,4,1.0,2.0,-4,客場,敗,小敗,中等得分,中等失分,一般拉鋸型,穩定攻擊,失分偏高,8,中職2024年,239.0,2024-08-04 17:05,花蓮縣立德興棒球場,味全龍,False,3.0,5.0,-2.0,False,客場,敗,小敗,中等得分,中等失分,3.0,0.0,0.0,True,True,False,拉鋸型,32.0,6.0,1.0,6.0,1.0,0.0,1.0,2.0,4.0,0.5,3.0,零星攻勢,24.0,8.0,6.0,2.0,1.0,4.0,1.0,2.0,-4.0,失分偏高
859,CPBL-2024-xa-239,中職2024年,2024,239,2024-08-04 17:05:00,花蓮縣立德興棒球場,v0.1.0-2024,G1-G360 regular season,https://github.com/rebas-tw/rebas.tw-open-data/releases/download/v0.1.0-2024/CPBL-2024-OpenData.zip,CPBL-2024-OpenData/CPBL-2024-OpenData.json,味全龍,樂天桃猿,True,5,3,2,1,0,5,0,0,0,1,30,6,2,4,3,0,1,4,6,0.8333333333333334,9.0,27,9.0,6,1,1,6,0.7777777777777778,6.0,1,主場,勝,中幅勝,中等得分,中等失分,領先守成型,火力強勢,穩定守成,8,中職2024年,239.0,2024-08-04 17:05,花蓮縣立德興棒球場,樂天桃猿,True,5.0,3.0,2.0,True,主場,勝,小勝,中等得分,中等失分,0.0,5.0,0.0,False,False,True,拉鋸型,30.0,6.0,2.0,4.0,3.0,0.0,1.0,4.0,6.0,0.833333333333333,9.0,零星攻勢,27.0,9.0,6.0,1.0,1.0,6.0,0.777777777777778,6.0,1.0,穩定守成
860,CPBL-2024-xa-238,中職2024年,2024,238,2024-08-04 17:05:00,嘉義市立棒球場,v0.1.0-2024,G1-G360 regular season,https://github.com/rebas-tw/rebas.tw-open-data/releases/download/v0.1.0-2024/CPBL-2024-OpenData.zip,CPBL-2024-OpenData/CPBL-2024-OpenData.json,統一7-ELEVEn獅,台鋼雄鷹,False,1,4,-3,0,1,0,0,1,1,1,30,7,4,4,3,0,0,3,3,0.14285714285714285,6.0,24,8.0,9,2,1,4,1.375,2.0,-3,客場,敗,小敗,低得分,中等失分,後段失守型,穩定攻擊,穩定守成,8,中職2024年,238.0,2024-08-04 17:05,嘉義市立棒球場,台鋼雄鷹,False,1.0,4.0,-3.0,False,客場,敗,小敗,低得分,中等失分,1.0,0.0,0.0,True,True,True,拉鋸型,30.0,7.0,4.0,4.0,3.0,0.0,0.0,3.0,3.0,0.142857142857143,6.0,低效進攻,24.0,8.0,9.0,2.0,1.0,4.0,1.375,2.0,-3.0,普通防守
861,CPBL-2024-xa-238,中職2024年,2024,238,2024-08-04 17:05:00,嘉義市立棒球場,v0.1.0-2024,G1-G360 regular season,https://github.com/rebas-tw/rebas.tw-open-data/releases/download/v0.1.0-2024/CPBL-2024-OpenData.zip,CPBL-2024-OpenData/CPBL-2024-OpenData.json,台鋼雄鷹,統一7-ELEVEn獅,True,4,1,3,1,0,0,4,0,0,0,32,9,2,4,2,0,1,3,5,0.4444444444444444,7.0,27,9.0,7,4,0,4,1.2222222222222223,1.0,-1,主場,勝,中幅勝,中等得分,低失分,後段逆轉型,穩定攻擊,穩定守成,8,中職2024年,238.0,2024-08-04 17:05,嘉義市立棒球場,統一7-ELEVEn獅,True,4.0,1.0,3.0,True,主場,勝,小勝,中等得分,低失分,0.0,0.0,4.0,False,False,False,後段逆轉型,32.0,9.0,2.0,4.0,2.0,0.0,1.0,3.0,5.0,0.444444444444444,7.0,穩定攻擊,27.0,9.0,7.0,4.0,0.0,4.0,1.22222222222222,1.0,-1.0,普通防守
862,CPBL-2024-xa-237,中職2024年,2024,237,2024-08-03 17:05:00,臺北大巨蛋,v0.1.0-2024,G1-G360 regular season,https://github.com/rebas-tw/rebas.tw-open-data/releases/download/v0.1.0-2024/CPBL-2024-OpenData.zip,CPBL-2024-OpenData/CPBL-2024-OpenData.json,富邦悍將,中信兄弟,False,0,5,-5,0,0,0,0,0,0,0,29,4,1,7,0,0,0,0,0,0.0,-2.5,24,8.0,9,7,0,5,2.0,0.7142857142857143,-7,客場,敗,大敗,低得分,中等失分,一般拉鋸型,攻勢受阻,失分偏高,8,中職2024年,237.0,2024-08-03 17:05,臺北大巨蛋,中信兄弟,False,0.0,5.0,-5.0,False,客場,敗,大敗,低得分,中等失分,0.0,0.0,0.0,False,False,False,被壓制型,29.0,4.0,1.0,7.0,0.0,0.0,0.0,0.0,0.0,0.0,-2.5,低效進攻,24.0,8.0,9.0,7.0,0.0,5.0,2.0,0.714285714285714,-7.0,失分偏高
863,CPBL-2024-xa-237,中職2024年,2024,237,2024-08-03 17:05:00,臺北大巨蛋,v0.1.0-2024,G1-G360 regular season,https://github.com/rebas-tw/rebas.tw-open-data/releases/download/v0.1.0-2024/CPBL-2024-OpenData.zip,CPBL-2024-OpenData/CPBL-2024-OpenData.json,中信兄弟,富邦悍將,True,5,0,5,1,2,3,0,1,1,1,33,9,7,5,3,0,0,3,3,0.5555555555555556,12.5,27,9.0,4,1,0,7,0.5555555555555556,7.0,6,主場,勝,大勝,中等得分,低失分,領先守成型,火力強勢,壓制力強,8,中職2024年,237.0,2024-08-03 17:05,臺北大巨蛋,富邦悍將,True,5.0,0.0,5.0,True,主場,勝,大勝,中等得分,低失分,2.0,3.0,0.0,True,True,True,全場壓制型,33.0,9.0,7.0,5.0,3.0,0.0,0.0,3.0,3.0,0.555555555555556,12.5,穩定攻擊,27.0,9.0,4.0,1.0,0.0,7.0,0.555555555555556,7.0,6.0,壓制力強
864,CPBL-2024-xa-236,中職2024年,2024,236,2024-08-03 17:05:00,花蓮縣立德興棒球場,v0.1.0-2024,G1-G360 regular season,https://github.com/rebas-tw/rebas.tw-open-data/releases/download/v0.1.0-2024/CPBL-2024-OpenData.zip,CPBL-2024-OpenData/CPBL-2024-OpenData.json,樂天桃猿,味全龍,False,2,0,2,1,2,0,0,1,1,1,30,7,1,4,2,0,1,3,5,0.2857142857142857,4.0,27,9.0,5,1,0,9,0.6666666666666666,9.0,8,客場,勝,中幅勝,低得分,低失分,領先守成型,穩定攻擊,壓制力強,8,中職2024年,236.0,2024-08-03 17:05,花蓮縣立德興棒球場,味全龍,False,2.0,0.0,2.0,True,客場,勝,小勝,低得分,低失分,2.0,0.0,0.0,True,True,True,全場壓制型,30.0,7.0,1.0,4.0,2.0,0.0,1.0,3.0,5.0,0.285714285714286,4.0,低效進攻,27.0,9.0,5.0,1.0,0.0,9.0,0.666666666666667,9.0,8.0,壓制力強
865,CPBL-2024-xa-236,中職2024年,2024,236,2024-08-03 17:05:00,花蓮縣立德興棒球場,v0.1.0-2024,G1-G360 regular season,https://github.com/rebas-tw/rebas.tw-open-data/releases/download/v0.1.0-2024/CPBL-2024-OpenData.zip,CPBL-2024-OpenData/CPBL-2024-OpenData.json,味全龍,樂天桃猿,True,0,2,-2,0,0,0,0,0,0,0,31,5,1,9,1,0,0,1,1,0.0,-2.5,27,9.0,7,1,1,4,0.8888888888888888,4.0,0,主場,敗,小敗,低得分,低失分,一般拉鋸型,攻勢受阻,穩定守成,8,中職2024年,236.0,2024-08-03 17:05,花蓮縣立德興棒球場,樂天桃猿,True,0.0,2.0,-2.0,False,主場,敗,小敗,低得分,低失分,0.0,0.0,0.0,False,False,False,被壓制型,31.0,5.0,1.0,9.0,1.0,0.0,0.0,1.0,1.0,0.0,-2.5,攻勢受阻,27.0,9.0,7.0,1.0,1.0,4.0,0.888888888888889,4.0,0.0,壓制力強
866,CPBL-2024-xa-235,中職2024年,2024,235,2024-08-03 17:05:00,澄清湖棒球場,v0.1.0-2024,G1-G360 regular season,https://github.com/rebas-tw/rebas.tw-open-data/releases/download/v0.1.0-2024/CPBL-2024-OpenData.zip,CPBL-2024-OpenData/CPBL-2024-OpenData.json,統一7-ELEVEn獅,台鋼雄鷹,False,3,11,-8,0,1,2,0,0,0,0,29,3,2,8,0,0,1,1,3,1.0,2.0,24,8.0,13,3,2,5,2.0,1.6666666666666667,-11,客場,敗,大敗,中等得分,高失分,一般拉鋸型,攻勢受阻,失分偏高,8,中職2024年,235.0,2024-08-03 17:05,澄清湖棒球場,台鋼雄鷹,False,3.0,11.0,-8.0,False,客場,敗,大敗,中等得分,高失分,1.0,2.0,0.0,False,False,False,被壓制型,29.0,3.0,2.0,8.0,0.0,0.0,1.0,1.0,3.0,1.0,2.0,零星攻勢,24.0,8.0,13.0,3.0,2.0,5.0,2.0,1.66666666666667,-11.0,投打被突破
867,CPBL-2024-xa-235,中職2024年,2024,235,2024-08-03 17:05:00,澄清湖棒球場,v0.1.0-2024,G1-G360 regular season,https://github.com/rebas-tw/rebas.tw-open-data/releases/download/v0.1.0-2024/CPBL-2024-OpenData.zip,CPBL-2024-OpenData/CPBL-2024-OpenData.json,台鋼雄鷹,統一7-ELEVEn獅,True,11,3,8,1,6,3,2,1,1,1,36,13,3,5,3,0,2,5,9,0.8461538461538461,16.5,27,9.0,3,2,1,8,0.5555555555555556,4.0,2,主場,勝,大勝,高得分,中等失分,領先守成型,火力強勢,壓制力強,8,中職2024年,235.0,2024-08-03 17:05,澄清湖棒球場,統一7-ELEVEn獅,True,11.0,3.0,8.0,True,主場,勝,大勝,高得分,中等失分,6.0,3.0,2.0,True,True,True,全場壓制型,36.0,13.0,3.0,5.0,3.0,0.0,2.0,5.0,9.0,0.846153846153846,16.5,火力強勢,27.0,9.0,3.0,2.0,1.0,8.0,0.555555555555556,4.0,2.0,穩定守成
868,CPBL-2024-xa-234,中職2024年,2024,234,2024-08-02 18:36:00,臺北大巨蛋,v0.1.0-2024,G1-G360 regular season,https://github.com/rebas-tw/rebas.tw-open-data/releases/download/v0.1.0-2024/CPBL-2024-OpenData.zip,CPBL-2024-OpenData/CPBL-2024-OpenData.json,富邦悍將,中信兄弟,False,5,6,-1,0,0,3,2,0,0,0,35,9,6,2,1,0,0,1,1,0.5555555555555556,11.0,24,8.0,10,3,1,8,1.625,2.6666666666666665,-2,客場,敗,小敗,中等得分,高失分,一般拉鋸型,火力強勢,穩定守成,8,中職2024年,234.0,2024-08-02 18:36,臺北大巨蛋,中信兄弟,False,5.0,6.0,-1.0,False,客場,敗,小敗,中等得分,高失分,0.0,3.0,2.0,False,False,False,被壓制型,35.0,9.0,6.0,2.0,1.0,0.0,0.0,1.0,1.0,0.555555555555556,11.0,穩定攻擊,24.0,8.0,10.0,3.0,1.0,8.0,1.625,2.66666666666667,-2.0,失分偏高
869,CPBL-2024-xa-234,中職2024年,2024,234,2024-08-02 18:36:00,臺北大巨蛋,v0.1.0-2024,G1-G360 regular season,https://github.com/rebas-tw/rebas.tw-open-data/releases/download/v0.1.0-2024/CPBL-2024-OpenData.zip,CPBL-2024-OpenData/CPBL-2024-OpenData.json,中信兄弟,富邦悍將,True,6,5,1,1,1,3,2,1,1,1,32,10,3,8,1,0,1,2,4,0.6,7.0,27,9.0,9,6,0,2,1.6666666666666667,0.3333333333333333,-9,主場,勝,小勝,高得分,中等失分,領先守成型,穩定攻擊,失分偏高,8,中職2024年,234.0,2024-08-02 18:36,臺北大巨蛋,富邦悍將,True,6.0,5.0,1.0,True,主場,勝,小勝,高得分,中等失分,1.0,3.0,2.0,True,True,True,全場壓制型,32.0,10.0,3.0,8.0,1.0,0.0,1.0,2.0,4.0,0.6,7.0,穩定攻擊,27.0,9.0,9.0,6.0,0.0,2.0,1.66666666666667,0.333333333333333,-9.0,失分偏高
870,CPBL-2024-xa-233,中職2024年,2024,233,2024-08-02 18:35:00,花蓮縣立德興棒球場,v0.1.0-2024,G1-G360 regular season,https://github.com/rebas-tw/rebas.tw-open-data/releases/download/v0.1.0-2024/CPBL-2024-OpenData.zip,CPBL-2024-OpenData/CPBL-2024-OpenData.json,樂天桃猿,味全龍,False,3,7,-4,0,1,2,0,1,0,0,35,9,3,11,1,0,1,2,4,0.3333333333333333,2.5,24,8.0,8,4,3,5,1.5,1.25,-9,客場,敗,大敗,中等得分,高失分,一般拉鋸型,攻勢受阻,失分偏高,8,中職2024年,233.0,2024-08-02 18:35,花蓮縣立德興棒球場,味全龍,False,3.0,7.0,-4.0,False,客場,敗,小敗,中等得分,高失分,1.0,2.0,0.0,True,False,False,被壓制型,35.0,9.0,3.0,11.0,1.0,0.0,1.0,2.0,4.0,0.333333333333333,2.5,穩定攻擊,24.0,8.0,8.0,4.0,3.0,5.0,1.5,1.25,-9.0,失分偏高
871,CPBL-2024-xa-233,中職2024年,2024,233,2024-08-02 18:35:00,花蓮縣立德興棒球場,v0.1.0-2024,G1-G360 regular season,https://github.com/rebas-tw/rebas.tw-open-data/releases/download/v0.1.0-2024/CPBL-2024-OpenData.zip,CPBL-2024-OpenData/CPBL-2024-OpenData.json,味全龍,樂天桃猿,True,7,3,4,1,4,2,1,0,1,1,29,8,4,5,1,0,3,4,10,0.875,12.5,27,9.0,9,3,1,11,1.3333333333333333,3.6666666666666665,4,主場,勝,中幅勝,高得分,中等失分,領先守成型,火力強勢,壓制力強,8,中職2024年,233.0,2024-08-02 18:35,花蓮縣立德興棒球場,樂天桃猿,True,7.0,3.0,4.0,True,主場,勝,小勝,高得分,中等失分,4.0,2.0,1.0,False,True,True,全場壓制型,29.0,8.0,4.0,5.0,1.0,0.0,3.0,4.0,10.0,0.875,12.5,火力強勢,27.0,9.0,9.0,3.0,1.0,11.0,1.33333333333333,3.66666666666667,4.0,穩定守成
872,CPBL-2024-xa-232,中職2024年,2024,232,2024-08-02 18:36:00,澄清湖棒球場,v0.1.0-2024,G1-G360 regular season,https://github.com/rebas-tw/rebas.tw-open-data/releases/download/v0.1.0-2024/CPBL-2024-OpenData.zip,CPBL-2024-OpenData/CPBL-2024-OpenData.json,統一7-ELEVEn獅,台鋼雄鷹,False,5,0,5,1,1,0,4,1,1,1,39,13,2,7,1,0,1,2,4,0.38461538461538464,5.5,27,9.0,6,2,0,10,0.8888888888888888,5.0,8,客場,勝,大勝,中等得分,低失分,領先守成型,穩定攻擊,壓制力強,8,中職2024年,232.0,2024-08-02 18:36,澄清湖棒球場,台鋼雄鷹,False,5.0,0.0,5.0,True,客場,勝,大勝,中等得分,低失分,1.0,0.0,4.0,True,True,True,全場壓制型,39.0,13.0,2.0,7.0,1.0,0.0,1.0,2.0,4.0,0.384615384615385,5.5,穩定攻擊,27.0,9.0,6.0,2.0,0.0,10.0,0.888888888888889,5.0,8.0,壓制力強
873,CPBL-2024-xa-232,中職2024年,2024,232,2024-08-02 18:36:00,澄清湖棒球場,v0.1.0-2024,G1-G360 regular season,https://github.com/rebas-tw/rebas.tw-open-data/releases/download/v0.1.0-2024/CPBL-2024-OpenData.zip,CPBL-2024-OpenData/CPBL-2024-OpenData.json,台鋼雄鷹,統一7-ELEVEn獅,True,0,5,-5,0,0,0,0,0,0,0,33,6,2,10,1,0,0,1,1,0.0,-2.0,27,9.0,13,2,1,7,1.6666666666666667,3.5,-1,主場,敗,大敗,低得分,中等失分,一般拉鋸型,攻勢受阻,穩定守成,8,中職2024年,232.0,2024-08-02 18:36,澄清湖棒球場,統一7-ELEVEn獅,True,0.0,5.0,-5.0,False,主場,敗,大敗,低得分,中等失分,0.0,0.0,0.0,False,False,False,被壓制型,33.0,6.0,2.0,10.0,1.0,0.0,0.0,1.0,1.0,0.0,-2.0,攻勢受阻,27.0,9.0,13.0,2.0,1.0,7.0,1.66666666666667,3.5,-1.0,失分偏高
874,CPBL-2024-xa-231,中職2024年,2024,231,2024-08-01 12:34:00,新北市立新莊棒球場,v0.1.0-2024,G1-G360 regular season,https://github.com/rebas-tw/rebas.tw-open-data/releases/download/v0.1.0-2024/CPBL-2024-OpenData.zip,CPBL-2024-OpenData/CPBL-2024-OpenData.json,樂天桃猿,富邦悍將,False,3,2,1,1,2,1,0,1,0,1,32,7,1,7,1,0,2,3,7,0.42857142857142855,3.5,27,9.0,3,5,0,8,0.8888888888888888,1.6,1,客場,勝,小勝,中等得分,低失分,領先守成型,穩定攻擊,穩定守成,8,中職2024年,231.0,2024-08-01 12:34,新北市立新莊棒球場,富邦悍將,False,3.0,2.0,1.0,True,客場,勝,小勝,中等得分,低失分,2.0,1.0,0.0,True,False,True,拉鋸型,32.0,7.0,1.0,7.0,1.0,0.0,2.0,3.0,7.0,0.428571428571429,3.5,零星攻勢,27.0,9.0,3.0,5.0,0.0,8.0,0.888888888888889,1.6,1.0,壓制力強
875,CPBL-2024-xa-231,中職2024年,2024,231,2024-08-01 12:34:00,新北市立新莊棒球場,v0.1.0-2024,G1-G360 regular season,https://github.com/rebas-tw/rebas.tw-open-data/releases/download/v0.1.0-2024/CPBL-2024-OpenData.zip,CPBL-2024-OpenData/CPBL-2024-OpenData.json,富邦悍將,樂天桃猿,True,2,3,-1,0,2,0,0,0,0,0,28,3,5,8,1,0,0,1,1,0.6666666666666666,4.0,27,9.0,7,1,2,7,0.8888888888888888,7.0,1,主場,敗,小敗,低得分,中等失分,一般拉鋸型,穩定攻擊,穩定守成,8,中職2024年,231.0,2024-08-01 12:34,新北市立新莊棒球場,樂天桃猿,True,2.0,3.0,-1.0,False,主場,敗,小敗,低得分,中等失分,2.0,0.0,0.0,False,False,False,被壓制型,28.0,3.0,5.0,8.0,1.0,0.0,0.0,1.0,1.0,0.666666666666667,4.0,攻勢受阻,27.0,9.0,7.0,1.0,2.0,7.0,0.888888888888889,7.0,1.0,穩定守成
876,CPBL-2024-xa-229,中職2024年,2024,229,2024-07-31 18:35:00,臺中市洲際棒球場,v0.1.0-2024,G1-G360 regular season,https://github.com/rebas-tw/rebas.tw-open-data/releases/download/v0.1.0-2024/CPBL-2024-OpenData.zip,CPBL-2024-OpenData/CPBL-2024-OpenData.json,統一7-ELEVEn獅,中信兄弟,False,8,5,3,1,0,1,7,1,0,1,38,11,7,7,5,0,0,5,5,0.7272727272727273,16.5,27,9.0,13,2,1,11,1.6666666666666667,5.5,3,客場,勝,中幅勝,高得分,中等失分,領先守成型,火力強勢,壓制力強,7,中職2024年,229.0,2024-07-31 18:35,臺中市洲際棒球場,中信兄弟,False,8.0,5.0,3.0,True,客場,勝,小勝,高得分,中等失分,0.0,1.0,7.0,True,False,True,後段追分型,38.0,11.0,7.0,7.0,5.0,0.0,0.0,5.0,5.0,0.727272727272727,16.5,火力強勢,27.0,9.0,13.0,2.0,1.0,11.0,1.66666666666667,5.5,3.0,失分偏高
877,CPBL-2024-xa-229,中職2024年,2024,229,2024-07-31 18:35:00,臺中市洲際棒球場,v0.1.0-2024,G1-G360 regular season,https://github.com/rebas-tw/rebas.tw-open-data/releases/download/v0.1.0-2024/CPBL-2024-OpenData.zip,CPBL-2024-OpenData/CPBL-2024-OpenData.json,中信兄弟,統一7-ELEVEn獅,True,5,8,-3,0,0,0,5,0,0,0,39,13,2,11,4,0,1,5,7,0.38461538461538464,6.5,27,9.0,11,7,0,7,2.0,1.0,-8,主場,敗,小敗,中等得分,高失分,一般拉鋸型,穩定攻擊,失分偏高,7,中職2024年,229.0,2024-07-31 18:35,臺中市洲際棒球場,統一7-ELEVEn獅,True,5.0,8.0,-3.0,False,主場,敗,小敗,中等得分,高失分,0.0,0.0,5.0,False,False,False,被壓制型,39.0,13.0,2.0,11.0,4.0,0.0,1.0,5.0,7.0,0.384615384615385,6.5,穩定攻擊,27.0,9.0,11.0,7.0,0.0,7.0,2.0,1.0,-8.0,投打被突破
878,CPBL-2024-xa-228,中職2024年,2024,228,2024-07-31 18:35:00,花蓮縣立德興棒球場,v0.1.0-2024,G1-G360 regular season,https://github.com/rebas-tw/rebas.tw-open-data/releases/download/v0.1.0-2024/CPBL-2024-OpenData.zip,CPBL-2024-OpenData/CPBL-2024-OpenData.json,味全龍,台鋼雄鷹,False,9,8,1,1,4,4,1,1,1,1,37,14,4,8,3,1,1,5,8,0.6428571428571429,14.0,27,9.0,11,1,2,8,1.3333333333333333,8.0,-3,客場,勝,小勝,高得分,高失分,領先守成型,火力強勢,穩定守成,7,中職2024年,228.0,2024-07-31 18:35,花蓮縣立德興棒球場,台鋼雄鷹,False,9.0,8.0,1.0,True,客場,勝,小勝,高得分,高失分,4.0,4.0,1.0,True,True,True,全場壓制型,37.0,14.0,4.0,8.0,3.0,1.0,1.0,5.0,8.0,0.642857142857143,14.0,火力強勢,27.0,9.0,11.0,1.0,2.0,8.0,1.33333333333333,8.0,-3.0,失分偏高
879,CPBL-2024-xa-228,中職2024年,2024,228,2024-07-31 18:35:00,花蓮縣立德興棒球場,v0.1.0-2024,G1-G360 regular season,https://github.com/rebas-tw/rebas.tw-open-data/releases/download/v0.1.0-2024/CPBL-2024-OpenData.zip,CPBL-2024-OpenData/CPBL-2024-OpenData.json,台鋼雄鷹,味全龍,True,8,9,-1,0,0,7,1,0,0,0,36,11,1,8,1,0,2,3,7,0.7272727272727273,8.0,27,9.0,14,4,1,8,2.0,2.0,-6,主場,敗,小敗,高得分,高失分,一般拉鋸型,火力強勢,失分偏高,7,中職2024年,228.0,2024-07-31 18:35,花蓮縣立德興棒球場,味全龍,True,8.0,9.0,-1.0,False,主場,敗,小敗,高得分,高失分,0.0,7.0,1.0,False,False,False,被壓制型,36.0,11.0,1.0,8.0,1.0,0.0,2.0,3.0,7.0,0.727272727272727,8.0,火力強勢,27.0,9.0,14.0,4.0,1.0,8.0,2.0,2.0,-6.0,投打被突破
880,CPBL-2024-xa-226,中職2024年,2024,226,2024-07-30 18:36:00,花蓮縣立德興棒球場,v0.1.0-2024,G1-G360 regular season,https://github.com/rebas-tw/rebas.tw-open-data/releases/download/v0.1.0-2024/CPBL-2024-OpenData.zip,CPBL-2024-OpenData/CPBL-2024-OpenData.json,味全龍,台鋼雄鷹,False,1,2,-1,0,0,1,0,0,0,0,33,8,5,9,1,0,0,1,1,0.125,2.5,27,9.0,6,1,0,9,0.7777777777777778,9.0,6,客場,敗,小敗,低得分,低失分,一般拉鋸型,攻勢受阻,壓制力強,7,中職2024年,226.0,2024-07-30 18:36,花蓮縣立德興棒球場,台鋼雄鷹,False,1.0,2.0,-1.0,False,客場,敗,小敗,低得分,低失分,0.0,1.0,0.0,False,False,False,被壓制型,33.0,8.0,5.0,9.0,1.0,0.0,0.0,1.0,1.0,0.125,2.5,攻勢受阻,27.0,9.0,6.0,1.0,0.0,9.0,0.777777777777778,9.0,6.0,壓制力強
881,CPBL-2024-xa-226,中職2024年,2024,226,2024-07-30 18:36:00,花蓮縣立德興棒球場,v0.1.0-2024,G1-G360 regular season,https://github.com/rebas-tw/rebas.tw-open-data/releases/download/v0.1.0-2024/CPBL-2024-OpenData.zip,CPBL-2024-OpenData/CPBL-2024-OpenData.json,台鋼雄鷹,味全龍,True,2,1,1,1,1,0,0,1,1,0,31,6,1,9,0,0,0,0,0,0.3333333333333333,-1.5,30,10.0,8,5,0,9,1.3,1.8,3,主場,勝,小勝,低得分,低失分,先馳得點壓制型,攻勢受阻,壓制力強,7,中職2024年,226.0,2024-07-30 18:36,花蓮縣立德興棒球場,味全龍,True,2.0,1.0,1.0,True,主場,勝,小勝,低得分,低失分,1.0,0.0,0.0,True,True,False,前段領先型,31.0,6.0,1.0,9.0,0.0,0.0,0.0,0.0,0.0,0.333333333333333,-1.5,攻勢受阻,30.0,10.0,8.0,5.0,0.0,9.0,1.3,1.8,3.0,穩定守成
882,CPBL-2024-xa-225,中職2024年,2024,225,2024-07-28 17:05:00,臺北大巨蛋,v0.1.0-2024,G1-G360 regular season,https://github.com/rebas-tw/rebas.tw-open-data/releases/download/v0.1.0-2024/CPBL-2024-OpenData.zip,CPBL-2024-OpenData/CPBL-2024-OpenData.json,台鋼雄鷹,富邦悍將,False,0,8,-8,0,0,0,0,0,0,0,28,2,0,8,0,0,0,0,0,0.0,-4.0,24,8.0,12,2,1,5,1.75,2.5,-6,客場,敗,大敗,低得分,高失分,一般拉鋸型,攻勢受阻,失分偏高,7,中職2024年,225.0,2024-07-28 17:05,臺北大巨蛋,富邦悍將,False,0.0,8.0,-8.0,False,客場,敗,大敗,低得分,高失分,0.0,0.0,0.0,False,False,False,被壓制型,28.0,2.0,0.0,8.0,0.0,0.0,0.0,0.0,0.0,0.0,-4.0,攻勢受阻,24.0,8.0,12.0,2.0,1.0,5.0,1.75,2.5,-6.0,失分偏高
883,CPBL-2024-xa-225,中職2024年,2024,225,2024-07-28 17:05:00,臺北大巨蛋,v0.1.0-2024,G1-G360 regular season,https://github.com/rebas-tw/rebas.tw-open-data/releases/download/v0.1.0-2024/CPBL-2024-OpenData.zip,CPBL-2024-OpenData/CPBL-2024-OpenData.json,富邦悍將,台鋼雄鷹,True,8,0,8,1,0,6,2,1,0,1,37,12,2,5,1,0,1,2,4,0.6666666666666666,9.5,27,9.0,2,0,0,8,0.2222222222222222,8.0,8,主場,勝,大勝,高得分,低失分,領先守成型,火力強勢,壓制力強,7,中職2024年,225.0,2024-07-28 17:05,臺北大巨蛋,台鋼雄鷹,True,8.0,0.0,8.0,True,主場,勝,大勝,高得分,低失分,0.0,6.0,2.0,True,False,True,後段追分型,37.0,12.0,2.0,5.0,1.0,0.0,1.0,2.0,4.0,0.666666666666667,9.5,穩定攻擊,27.0,9.0,2.0,0.0,0.0,8.0,0.222222222222222,8.0,8.0,壓制力強
884,CPBL-2024-xa-224,中職2024年,2024,224,2024-07-28 17:05:00,臺南市立棒球場,v0.1.0-2024,G1-G360 regular season,https://github.com/rebas-tw/rebas.tw-open-data/releases/download/v0.1.0-2024/CPBL-2024-OpenData.zip,CPBL-2024-OpenData/CPBL-2024-OpenData.json,味全龍,統一7-ELEVEn獅,False,1,8,-7,0,0,1,0,0,0,0,32,9,2,7,2,0,0,2,2,0.1111111111111111,1.5,24,8.0,11,6,1,2,2.125,0.3333333333333333,-13,客場,敗,大敗,低得分,高失分,一般拉鋸型,攻勢受阻,失分偏高,7,中職2024年,224.0,2024-07-28 17:05,臺南市立棒球場,統一7-ELEVEn獅,False,1.0,8.0,-7.0,False,客場,敗,大敗,低得分,高失分,0.0,1.0,0.0,False,False,False,被壓制型,32.0,9.0,2.0,7.0,2.0,0.0,0.0,2.0,2.0,0.111111111111111,1.5,低效進攻,24.0,8.0,11.0,6.0,1.0,2.0,2.125,0.333333333333333,-13.0,投打被突破
885,CPBL-2024-xa-224,中職2024年,2024,224,2024-07-28 17:05:00,臺南市立棒球場,v0.1.0-2024,G1-G360 regular season,https://github.com/rebas-tw/rebas.tw-open-data/releases/download/v0.1.0-2024/CPBL-2024-OpenData.zip,CPBL-2024-OpenData/CPBL-2024-OpenData.json,統一7-ELEVEn獅,味全龍,True,8,1,7,1,1,2,5,1,1,1,34,11,6,2,2,0,1,3,5,0.7272727272727273,16.0,27,9.0,9,2,0,7,1.2222222222222223,3.5,4,主場,勝,大勝,高得分,低失分,領先守成型,火力強勢,壓制力強,7,中職2024年,224.0,2024-07-28 17:05,臺南市立棒球場,味全龍,True,8.0,1.0,7.0,True,主場,勝,大勝,高得分,低失分,1.0,2.0,5.0,True,True,True,全場壓制型,34.0,11.0,6.0,2.0,2.0,0.0,1.0,3.0,5.0,0.727272727272727,16.0,火力強勢,27.0,9.0,9.0,2.0,0.0,7.0,1.22222222222222,3.5,4.0,穩定守成
886,CPBL-2024-xa-223,中職2024年,2024,223,2024-07-28 17:05:00,樂天桃園棒球場,v0.1.0-2024,G1-G360 regular season,https://github.com/rebas-tw/rebas.tw-open-data/releases/download/v0.1.0-2024/CPBL-2024-OpenData.zip,CPBL-2024-OpenData/CPBL-2024-OpenData.json,中信兄弟,樂天桃猿,False,4,5,-1,0,1,1,2,1,1,0,38,11,2,6,3,0,0,3,3,0.36363636363636365,6.0,25,8.333333333333334,8,3,2,3,1.3199999999999998,1.0,-7,客場,敗,小敗,中等得分,中等失分,一般拉鋸型,穩定攻擊,失分偏高,7,中職2024年,223.0,2024-07-28 17:05,樂天桃園棒球場,樂天桃猿,False,4.0,5.0,-1.0,False,客場,敗,小敗,中等得分,中等失分,1.0,1.0,2.0,True,True,False,後段追分型,38.0,11.0,2.0,6.0,3.0,0.0,0.0,3.0,3.0,0.363636363636364,6.0,穩定攻擊,25.0,8.33333333333333,8.0,3.0,2.0,3.0,1.32,1.0,-7.0,失分偏高
887,CPBL-2024-xa-223,中職2024年,2024,223,2024-07-28 17:05:00,樂天桃園棒球場,v0.1.0-2024,G1-G360 regular season,https://github.com/rebas-tw/rebas.tw-open-data/releases/download/v0.1.0-2024/CPBL-2024-OpenData.zip,CPBL-2024-OpenData/CPBL-2024-OpenData.json,樂天桃猿,中信兄弟,True,5,4,1,1,0,2,3,0,0,0,30,8,3,3,1,1,2,4,9,0.625,10.5,27,9.0,11,2,0,6,1.4444444444444444,3.0,0,主場,勝,小勝,中等得分,中等失分,後段逆轉型,火力強勢,穩定守成,7,中職2024年,223.0,2024-07-28 17:05,樂天桃園棒球場,中信兄弟,True,5.0,4.0,1.0,True,主場,勝,小勝,中等得分,中等失分,0.0,2.0,3.0,False,False,False,後段逆轉型,30.0,8.0,3.0,3.0,1.0,1.0,2.0,4.0,9.0,0.625,10.5,穩定攻擊,27.0,9.0,11.0,2.0,0.0,6.0,1.44444444444444,3.0,0.0,穩定守成
888,CPBL-2024-xa-222,中職2024年,2024,222,2024-07-27 17:05:00,臺北大巨蛋,v0.1.0-2024,G1-G360 regular season,https://github.com/rebas-tw/rebas.tw-open-data/releases/download/v0.1.0-2024/CPBL-2024-OpenData.zip,CPBL-2024-OpenData/CPBL-2024-OpenData.json,台鋼雄鷹,富邦悍將,False,3,4,-1,0,0,0,3,0,0,0,36,10,2,11,5,0,0,5,5,0.3,4.5,24,8.0,9,2,0,1,1.375,0.5,-5,客場,敗,小敗,中等得分,中等失分,一般拉鋸型,穩定攻擊,失分偏高,7,中職2024年,222.0,2024-07-27 17:05,臺北大巨蛋,富邦悍將,False,3.0,4.0,-1.0,False,客場,敗,小敗,中等得分,中等失分,0.0,0.0,3.0,False,False,False,被壓制型,36.0,10.0,2.0,11.0,5.0,0.0,0.0,5.0,5.0,0.3,4.5,穩定攻擊,24.0,8.0,9.0,2.0,0.0,1.0,1.375,0.5,-5.0,普通防守
889,CPBL-2024-xa-222,中職2024年,2024,222,2024-07-27 17:05:00,臺北大巨蛋,v0.1.0-2024,G1-G360 regular season,https://github.com/rebas-tw/rebas.tw-open-data/releases/download/v0.1.0-2024/CPBL-2024-OpenData.zip,CPBL-2024-OpenData/CPBL-2024-OpenData.json,富邦悍將,台鋼雄鷹,True,4,3,1,1,1,1,2,1,1,1,31,9,2,1,1,0,0,1,1,0.4444444444444444,6.5,27,9.0,10,2,0,11,1.3333333333333333,5.5,6,主場,勝,小勝,中等得分,中等失分,領先守成型,穩定攻擊,壓制力強,7,中職2024年,222.0,2024-07-27 17:05,臺北大巨蛋,台鋼雄鷹,True,4.0,3.0,1.0,True,主場,勝,小勝,中等得分,中等失分,1.0,1.0,2.0,True,True,True,全場壓制型,31.0,9.0,2.0,1.0,1.0,0.0,0.0,1.0,1.0,0.444444444444444,6.5,穩定攻擊,27.0,9.0,10.0,2.0,0.0,11.0,1.33333333333333,5.5,6.0,穩定守成
890,CPBL-2024-xa-221,中職2024年,2024,221,2024-07-27 17:05:00,臺南市立棒球場,v0.1.0-2024,G1-G360 regular season,https://github.com/rebas-tw/rebas.tw-open-data/releases/download/v0.1.0-2024/CPBL-2024-OpenData.zip,CPBL-2024-OpenData/CPBL-2024-OpenData.json,味全龍,統一7-ELEVEn獅,False,0,2,-2,0,0,0,0,0,0,0,33,7,1,6,2,0,0,2,2,0.0,0.0,24,8.0,5,2,1,5,0.875,2.5,0,客場,敗,小敗,低得分,低失分,一般拉鋸型,攻勢受阻,穩定守成,7,中職2024年,221.0,2024-07-27 17:05,臺南市立棒球場,統一7-ELEVEn獅,False,0.0,2.0,-2.0,False,客場,敗,小敗,低得分,低失分,0.0,0.0,0.0,False,False,False,被壓制型,33.0,7.0,1.0,6.0,2.0,0.0,0.0,2.0,2.0,0.0,0.0,低效進攻,24.0,8.0,5.0,2.0,1.0,5.0,0.875,2.5,0.0,壓制力強
891,CPBL-2024-xa-221,中職2024年,2024,221,2024-07-27 17:05:00,臺南市立棒球場,v0.1.0-2024,G1-G360 regular season,https://github.com/rebas-tw/rebas.tw-open-data/releases/download/v0.1.0-2024/CPBL-2024-OpenData.zip,CPBL-2024-OpenData/CPBL-2024-OpenData.json,統一7-ELEVEn獅,味全龍,True,2,0,2,1,0,2,0,1,0,1,28,5,2,5,1,0,1,2,4,0.4,3.5,27,9.0,7,1,0,6,0.8888888888888888,6.0,5,主場,勝,中幅勝,低得分,低失分,領先守成型,穩定攻擊,壓制力強,7,中職2024年,221.0,2024-07-27 17:05,臺南市立棒球場,味全龍,True,2.0,0.0,2.0,True,主場,勝,小勝,低得分,低失分,0.0,2.0,0.0,True,False,True,拉鋸型,28.0,5.0,2.0,5.0,1.0,0.0,1.0,2.0,4.0,0.4,3.5,低效進攻,27.0,9.0,7.0,1.0,0.0,6.0,0.888888888888889,6.0,5.0,壓制力強
892,CPBL-2024-xa-220,中職2024年,2024,220,2024-07-27 17:06:00,樂天桃園棒球場,v0.1.0-2024,G1-G360 regular season,https://github.com/rebas-tw/rebas.tw-open-data/releases/download/v0.1.0-2024/CPBL-2024-OpenData.zip,CPBL-2024-OpenData/CPBL-2024-OpenData.json,中信兄弟,樂天桃猿,False,3,1,2,1,1,1,1,0,0,1,31,8,4,8,0,0,0,0,0,0.375,3.0,27,9.0,6,2,0,6,0.8888888888888888,3.0,3,客場,勝,中幅勝,中等得分,低失分,領先守成型,穩定攻擊,壓制力強,7,中職2024年,220.0,2024-07-27 17:06,樂天桃園棒球場,樂天桃猿,False,3.0,1.0,2.0,True,客場,勝,小勝,中等得分,低失分,1.0,1.0,1.0,False,False,True,拉鋸型,31.0,8.0,4.0,8.0,0.0,0.0,0.0,0.0,0.0,0.375,3.0,穩定攻擊,27.0,9.0,6.0,2.0,0.0,6.0,0.888888888888889,3.0,3.0,壓制力強
893,CPBL-2024-xa-220,中職2024年,2024,220,2024-07-27 17:06:00,樂天桃園棒球場,v0.1.0-2024,G1-G360 regular season,https://github.com/rebas-tw/rebas.tw-open-data/releases/download/v0.1.0-2024/CPBL-2024-OpenData.zip,CPBL-2024-OpenData/CPBL-2024-OpenData.json,樂天桃猿,中信兄弟,True,1,3,-2,0,1,0,0,1,0,0,32,6,2,6,1,1,0,2,3,0.16666666666666666,2.0,27,9.0,8,4,0,8,1.3333333333333333,2.0,1,主場,敗,小敗,低得分,中等失分,一般拉鋸型,攻勢受阻,穩定守成,7,中職2024年,220.0,2024-07-27 17:06,樂天桃園棒球場,中信兄弟,True,1.0,3.0,-2.0,False,主場,敗,小敗,低得分,中等失分,1.0,0.0,0.0,True,False,False,被壓制型,32.0,6.0,2.0,6.0,1.0,1.0,0.0,2.0,3.0,0.166666666666667,2.0,低效進攻,27.0,9.0,8.0,4.0,0.0,8.0,1.33333333333333,2.0,1.0,穩定守成
894,CPBL-2024-xa-219,中職2024年,2024,219,2024-07-26 18:35:00,臺北大巨蛋,v0.1.0-2024,G1-G360 regular season,https://github.com/rebas-tw/rebas.tw-open-data/releases/download/v0.1.0-2024/CPBL-2024-OpenData.zip,CPBL-2024-OpenData/CPBL-2024-OpenData.json,台鋼雄鷹,富邦悍將,False,1,2,-1,0,1,0,0,0,0,0,35,10,4,3,2,0,0,2,2,0.1,5.5,24,8.0,8,3,0,4,1.375,1.3333333333333333,-1,客場,敗,小敗,低得分,低失分,一般拉鋸型,穩定攻擊,穩定守成,7,中職2024年,219.0,2024-07-26 18:35,臺北大巨蛋,富邦悍將,False,1.0,2.0,-1.0,False,客場,敗,小敗,低得分,低失分,1.0,0.0,0.0,False,False,False,被壓制型,35.0,10.0,4.0,3.0,2.0,0.0,0.0,2.0,2.0,0.1,5.5,低效進攻,24.0,8.0,8.0,3.0,0.0,4.0,1.375,1.33333333333333,-1.0,普通防守
895,CPBL-2024-xa-219,中職2024年,2024,219,2024-07-26 18:35:00,臺北大巨蛋,v0.1.0-2024,G1-G360 regular season,https://github.com/rebas-tw/rebas.tw-open-data/releases/download/v0.1.0-2024/CPBL-2024-OpenData.zip,CPBL-2024-OpenData/CPBL-2024-OpenData.json,富邦悍將,台鋼雄鷹,True,2,1,1,1,1,1,0,0,0,1,27,8,3,4,0,0,0,0,0,0.25,3.0,27,9.0,10,4,0,3,1.5555555555555556,0.75,-2,主場,勝,小勝,低得分,低失分,領先守成型,穩定攻擊,穩定守成,7,中職2024年,219.0,2024-07-26 18:35,臺北大巨蛋,台鋼雄鷹,True,2.0,1.0,1.0,True,主場,勝,小勝,低得分,低失分,1.0,1.0,0.0,False,False,True,拉鋸型,27.0,8.0,3.0,4.0,0.0,0.0,0.0,0.0,0.0,0.25,3.0,低效進攻,27.0,9.0,10.0,4.0,0.0,3.0,1.55555555555556,0.75,-2.0,普通防守
896,CPBL-2024-xa-212,中職2024年,2024,212,2024-07-23 18:35:00,臺北市立天母棒球場,v0.1.0-2024,G1-G360 regular season,https://github.com/rebas-tw/rebas.tw-open-data/releases/download/v0.1.0-2024/CPBL-2024-OpenData.zip,CPBL-2024-OpenData/CPBL-2024-OpenData.json,富邦悍將,味全龍,False,4,0,4,1,0,4,0,1,0,1,34,8,1,6,2,0,1,3,5,0.5,5.0,27,9.0,6,5,0,2,1.2222222222222223,0.4,-3,客場,勝,中幅勝,中等得分,低失分,領先守成型,穩定攻擊,穩定守成,7,中職2024年,212.0,2024-07-23 18:35,臺北市立天母棒球場,味全龍,False,4.0,0.0,4.0,True,客場,勝,小勝,中等得分,低失分,0.0,4.0,0.0,True,False,True,拉鋸型,34.0,8.0,1.0,6.0,2.0,0.0,1.0,3.0,5.0,0.5,5.0,穩定攻擊,27.0,9.0,6.0,5.0,0.0,2.0,1.22222222222222,0.4,-3.0,普通防守
897,CPBL-2024-xa-212,中職2024年,2024,212,2024-07-23 18:35:00,臺北市立天母棒球場,v0.1.0-2024,G1-G360 regular season,https://github.com/rebas-tw/rebas.tw-open-data/releases/download/v0.1.0-2024/CPBL-2024-OpenData.zip,CPBL-2024-OpenData/CPBL-2024-OpenData.json,味全龍,富邦悍將,True,0,4,-4,0,0,0,0,0,0,0,30,6,5,2,0,0,0,0,0,0.0,4.0,27,9.0,8,1,1,6,1.0,6.0,0,主場,敗,大敗,低得分,中等失分,一般拉鋸型,穩定攻擊,穩定守成,7,中職2024年,212.0,2024-07-23 18:35,臺北市立天母棒球場,富邦悍將,True,0.0,4.0,-4.0,False,主場,敗,小敗,低得分,中等失分,0.0,0.0,0.0,False,False,False,被壓制型,30.0,6.0,5.0,2.0,0.0,0.0,0.0,0.0,0.0,0.0,4.0,低效進攻,27.0,9.0,8.0,1.0,1.0,6.0,1.0,6.0,0.0,穩定守成
898,CPBL-2024-xa-211,中職2024年,2024,211,2024-07-23 18:36:00,樂天桃園棒球場,v0.1.0-2024,G1-G360 regular season,https://github.com/rebas-tw/rebas.tw-open-data/releases/download/v0.1.0-2024/CPBL-2024-OpenData.zip,CPBL-2024-OpenData/CPBL-2024-OpenData.json,統一7-ELEVEn獅,樂天桃猿,False,5,6,-1,0,0,3,2,0,0,1,37,13,3,5,0,0,0,0,0,0.38461538461538464,5.5,26,8.666666666666666,10,1,1,9,1.2692307692307694,9.0,1,客場,敗,小敗,中等得分,高失分,後段失守型,穩定攻擊,穩定守成,7,中職2024年,211.0,2024-07-23 18:36,樂天桃園棒球場,樂天桃猿,False,5.0,6.0,-1.0,False,客場,敗,小敗,中等得分,高失分,0.0,3.0,2.0,False,False,True,後段追分型,37.0,13.0,3.0,5.0,0.0,0.0,0.0,0.0,0.0,0.384615384615385,5.5,穩定攻擊,26.0,8.66666666666667,10.0,1.0,1.0,9.0,1.26923076923077,9.0,1.0,失分偏高
899,CPBL-2024-xa-211,中職2024年,2024,211,2024-07-23 18:36:00,樂天桃園棒球場,v0.1.0-2024,G1-G360 regular season,https://github.com/rebas-tw/rebas.tw-open-data/releases/download/v0.1.0-2024/CPBL-2024-OpenData.zip,CPBL-2024-OpenData/CPBL-2024-OpenData.json,樂天桃猿,統一7-ELEVEn獅,True,6,5,1,1,1,0,5,1,1,0,36,10,1,9,2,1,1,4,7,0.6,6.5,27,9.0,13,3,0,5,1.7777777777777777,1.6666666666666667,-3,主場,勝,小勝,高得分,中等失分,後段逆轉型,穩定攻擊,穩定守成,7,中職2024年,211.0,2024-07-23 18:36,樂天桃園棒球場,統一7-ELEVEn獅,True,6.0,5.0,1.0,True,主場,勝,小勝,高得分,中等失分,1.0,0.0,5.0,True,True,False,後段逆轉型,36.0,10.0,1.0,9.0,2.0,1.0,1.0,4.0,7.0,0.6,6.5,火力強勢,27.0,9.0,13.0,3.0,0.0,5.0,1.77777777777778,1.66666666666667,-3.0,失分偏高
900,CPBL-2024-xa-210,中職2024年,2024,210,2024-07-18 18:35:00,樂天桃園棒球場,v0.1.0-2024,G1-G360 regular season,https://github.com/rebas-tw/rebas.tw-open-data/releases/download/v0.1.0-2024/CPBL-2024-OpenData.zip,CPBL-2024-OpenData/CPBL-2024-OpenData.json,味全龍,樂天桃猿,False,4,1,3,1,3,1,0,1,1,1,35,10,2,3,3,0,0,3,3,0.4,7.5,27,9.0,9,0,0,6,1.0,6.0,5,客場,勝,中幅勝,中等得分,低失分,領先守成型,穩定攻擊,壓制力強,7,中職2024年,210.0,2024-07-18 18:35,樂天桃園棒球場,樂天桃猿,False,4.0,1.0,3.0,True,客場,勝,小勝,中等得分,低失分,3.0,1.0,0.0,True,True,True,全場壓制型,35.0,10.0,2.0,3.0,3.0,0.0,0.0,3.0,3.0,0.4,7.5,穩定攻擊,27.0,9.0,9.0,0.0,0.0,6.0,1.0,6.0,5.0,壓制力強
901,CPBL-2024-xa-210,中職2024年,2024,210,2024-07-18 18:35:00,樂天桃園棒球場,v0.1.0-2024,G1-G360 regular season,https://github.com/rebas-tw/rebas.tw-open-data/releases/download/v0.1.0-2024/CPBL-2024-OpenData.zip,CPBL-2024-OpenData/CPBL-2024-OpenData.json,樂天桃猿,味全龍,True,1,4,-3,0,0,1,0,0,0,0,35,9,0,6,2,0,0,2,2,0.1111111111111111,0.0,27,9.0,10,2,0,3,1.3333333333333333,1.5,-3,主場,敗,小敗,低得分,中等失分,一般拉鋸型,攻勢受阻,穩定守成,7,中職2024年,210.0,2024-07-18 18:35,樂天桃園棒球場,味全龍,True,1.0,4.0,-3.0,False,主場,敗,小敗,低得分,中等失分,0.0,1.0,0.0,False,False,False,被壓制型,35.0,9.0,0.0,6.0,2.0,0.0,0.0,2.0,2.0,0.111111111111111,0.0,低效進攻,27.0,9.0,10.0,2.0,0.0,3.0,1.33333333333333,1.5,-3.0,普通防守
902,CPBL-2024-xa-209,中職2024年,2024,209,2024-07-17 18:36:00,樂天桃園棒球場,v0.1.0-2024,G1-G360 regular season,https://github.com/rebas-tw/rebas.tw-open-data/releases/download/v0.1.0-2024/CPBL-2024-OpenData.zip,CPBL-2024-OpenData/CPBL-2024-OpenData.json,味全龍,樂天桃猿,False,6,13,-7,0,3,2,1,0,0,0,36,12,3,6,4,0,0,4,4,0.5,10.0,24,8.0,20,3,1,4,2.875,1.3333333333333333,-13,客場,敗,大敗,高得分,高失分,一般拉鋸型,火力強勢,失分偏高,7,中職2024年,209.0,2024-07-17 18:36,樂天桃園棒球場,樂天桃猿,False,6.0,13.0,-7.0,False,客場,敗,大敗,高得分,高失分,3.0,2.0,1.0,False,False,False,被壓制型,36.0,12.0,3.0,6.0,4.0,0.0,0.0,4.0,4.0,0.5,10.0,火力強勢,24.0,8.0,20.0,3.0,1.0,4.0,2.875,1.33333333333333,-13.0,投打被突破
903,CPBL-2024-xa-209,中職2024年,2024,209,2024-07-17 18:36:00,樂天桃園棒球場,v0.1.0-2024,G1-G360 regular season,https://github.com/rebas-tw/rebas.tw-open-data/releases/download/v0.1.0-2024/CPBL-2024-OpenData.zip,CPBL-2024-OpenData/CPBL-2024-OpenData.json,樂天桃猿,味全龍,True,13,6,7,1,3,6,4,1,0,1,41,20,3,4,2,1,1,4,7,0.65,18.0,27,9.0,12,3,0,6,1.6666666666666667,2.0,-3,主場,勝,大勝,高得分,高失分,領先守成型,火力強勢,穩定守成,7,中職2024年,209.0,2024-07-17 18:36,樂天桃園棒球場,味全龍,True,13.0,6.0,7.0,True,主場,勝,大勝,高得分,高失分,3.0,6.0,4.0,True,False,True,後段追分型,41.0,20.0,3.0,4.0,2.0,1.0,1.0,4.0,7.0,0.65,18.0,火力強勢,27.0,9.0,12.0,3.0,0.0,6.0,1.66666666666667,2.0,-3.0,失分偏高
904,CPBL-2024-xa-208,中職2024年,2024,208,2024-07-17 18:36:00,臺南市立棒球場,v0.1.0-2024,G1-G360 regular season,https://github.com/rebas-tw/rebas.tw-open-data/releases/download/v0.1.0-2024/CPBL-2024-OpenData.zip,CPBL-2024-OpenData/CPBL-2024-OpenData.json,台鋼雄鷹,統一7-ELEVEn獅,False,11,10,1,1,4,5,2,0,1,1,46,20,4,10,4,0,2,6,10,0.55,16.0,27,9.0,15,4,0,7,2.111111111111111,1.75,-7,客場,勝,小勝,高得分,高失分,領先守成型,火力強勢,失分偏高,7,中職2024年,208.0,2024-07-17 18:36,臺南市立棒球場,統一7-ELEVEn獅,False,11.0,10.0,1.0,True,客場,勝,小勝,高得分,高失分,4.0,5.0,2.0,False,True,True,全場壓制型,46.0,20.0,4.0,10.0,4.0,0.0,2.0,6.0,10.0,0.55,16.0,火力強勢,27.0,9.0,15.0,4.0,0.0,7.0,2.11111111111111,1.75,-7.0,投打被突破
905,CPBL-2024-xa-208,中職2024年,2024,208,2024-07-17 18:36:00,臺南市立棒球場,v0.1.0-2024,G1-G360 regular season,https://github.com/rebas-tw/rebas.tw-open-data/releases/download/v0.1.0-2024/CPBL-2024-OpenData.zip,CPBL-2024-OpenData/CPBL-2024-OpenData.json,統一7-ELEVEn獅,台鋼雄鷹,True,10,11,-1,0,1,4,5,1,0,0,40,15,4,7,2,1,0,3,4,0.6666666666666666,13.5,27,9.0,20,4,2,10,2.6666666666666665,2.5,-7,主場,敗,小敗,高得分,高失分,一般拉鋸型,火力強勢,失分偏高,7,中職2024年,208.0,2024-07-17 18:36,臺南市立棒球場,台鋼雄鷹,True,10.0,11.0,-1.0,False,主場,敗,小敗,高得分,高失分,1.0,4.0,5.0,True,False,False,被壓制型,40.0,15.0,4.0,7.0,2.0,1.0,0.0,3.0,4.0,0.666666666666667,13.5,火力強勢,27.0,9.0,20.0,4.0,2.0,10.0,2.66666666666667,2.5,-7.0,投打被突破
906,CPBL-2024-xa-207,中職2024年,2024,207,2024-07-17 18:35:00,新北市立新莊棒球場,v0.1.0-2024,G1-G360 regular season,https://github.com/rebas-tw/rebas.tw-open-data/releases/download/v0.1.0-2024/CPBL-2024-OpenData.zip,CPBL-2024-OpenData/CPBL-2024-OpenData.json,中信兄弟,富邦悍將,False,9,4,5,1,5,1,3,1,1,1,38,15,6,7,2,0,0,2,2,0.6,13.5,27,9.0,12,3,0,5,1.6666666666666667,1.6666666666666667,-2,客場,勝,大勝,高得分,中等失分,領先守成型,火力強勢,穩定守成,7,中職2024年,207.0,2024-07-17 18:35,新北市立新莊棒球場,富邦悍將,False,9.0,4.0,5.0,True,客場,勝,大勝,高得分,中等失分,5.0,1.0,3.0,True,True,True,全場壓制型,38.0,15.0,6.0,7.0,2.0,0.0,0.0,2.0,2.0,0.6,13.5,穩定攻擊,27.0,9.0,12.0,3.0,0.0,5.0,1.66666666666667,1.66666666666667,-2.0,普通防守
907,CPBL-2024-xa-207,中職2024年,2024,207,2024-07-17 18:35:00,新北市立新莊棒球場,v0.1.0-2024,G1-G360 regular season,https://github.com/rebas-tw/rebas.tw-open-data/releases/download/v0.1.0-2024/CPBL-2024-OpenData.zip,CPBL-2024-OpenData/CPBL-2024-OpenData.json,富邦悍將,中信兄弟,True,4,9,-5,0,4,0,0,0,0,0,38,12,3,5,1,0,0,1,1,0.3333333333333333,5.5,27,9.0,15,6,0,7,2.3333333333333335,1.1666666666666667,-8,主場,敗,大敗,中等得分,高失分,一般拉鋸型,穩定攻擊,失分偏高,7,中職2024年,207.0,2024-07-17 18:35,新北市立新莊棒球場,中信兄弟,True,4.0,9.0,-5.0,False,主場,敗,大敗,中等得分,高失分,4.0,0.0,0.0,False,False,False,被壓制型,38.0,12.0,3.0,5.0,1.0,0.0,0.0,1.0,1.0,0.333333333333333,5.5,穩定攻擊,27.0,9.0,15.0,6.0,0.0,7.0,2.33333333333333,1.16666666666667,-8.0,投打被突破
908,CPBL-2024-xa-206,中職2024年,2024,206,2024-07-16 18:35:00,臺南市立棒球場,v0.1.0-2024,G1-G360 regular season,https://github.com/rebas-tw/rebas.tw-open-data/releases/download/v0.1.0-2024/CPBL-2024-OpenData.zip,CPBL-2024-OpenData/CPBL-2024-OpenData.json,台鋼雄鷹,統一7-ELEVEn獅,False,3,5,-2,0,0,3,0,0,0,1,36,9,1,6,0,0,0,0,0,0.3333333333333333,1.0,24,8.0,12,6,0,3,2.25,0.5,-8,客場,敗,小敗,中等得分,中等失分,後段失守型,攻勢受阻,失分偏高,7,中職2024年,206.0,2024-07-16 18:35,臺南市立棒球場,統一7-ELEVEn獅,False,3.0,5.0,-2.0,False,客場,敗,小敗,中等得分,中等失分,0.0,3.0,0.0,False,False,True,拉鋸型,36.0,9.0,1.0,6.0,0.0,0.0,0.0,0.0,0.0,0.333333333333333,1.0,穩定攻擊,24.0,8.0,12.0,6.0,0.0,3.0,2.25,0.5,-8.0,失分偏高
909,CPBL-2024-xa-206,中職2024年,2024,206,2024-07-16 18:35:00,臺南市立棒球場,v0.1.0-2024,G1-G360 regular season,https://github.com/rebas-tw/rebas.tw-open-data/releases/download/v0.1.0-2024/CPBL-2024-OpenData.zip,CPBL-2024-OpenData/CPBL-2024-OpenData.json,統一7-ELEVEn獅,台鋼雄鷹,True,5,3,2,1,0,1,4,1,0,0,34,12,6,3,0,1,0,1,2,0.4166666666666667,10.5,27,9.0,9,1,0,6,1.1111111111111112,6.0,2,主場,勝,中幅勝,中等得分,中等失分,後段逆轉型,火力強勢,壓制力強,7,中職2024年,206.0,2024-07-16 18:35,臺南市立棒球場,台鋼雄鷹,True,5.0,3.0,2.0,True,主場,勝,小勝,中等得分,中等失分,0.0,1.0,4.0,True,False,False,後段逆轉型,34.0,12.0,6.0,3.0,0.0,1.0,0.0,1.0,2.0,0.416666666666667,10.5,穩定攻擊,27.0,9.0,9.0,1.0,0.0,6.0,1.11111111111111,6.0,2.0,穩定守成
910,CPBL-2024-xa-205,中職2024年,2024,205,2024-07-16 18:35:00,新北市立新莊棒球場,v0.1.0-2024,G1-G360 regular season,https://github.com/rebas-tw/rebas.tw-open-data/releases/download/v0.1.0-2024/CPBL-2024-OpenData.zip,CPBL-2024-OpenData/CPBL-2024-OpenData.json,中信兄弟,富邦悍將,False,3,9,-6,0,0,2,1,0,0,0,32,6,7,8,0,0,1,1,3,0.5,7.0,24,8.0,14,3,1,6,2.125,2.0,-7,客場,敗,大敗,中等得分,高失分,一般拉鋸型,穩定攻擊,失分偏高,7,中職2024年,205.0,2024-07-16 18:35,新北市立新莊棒球場,富邦悍將,False,3.0,9.0,-6.0,False,客場,敗,大敗,中等得分,高失分,0.0,2.0,1.0,False,False,False,被壓制型,32.0,6.0,7.0,8.0,0.0,0.0,1.0,1.0,3.0,0.5,7.0,零星攻勢,24.0,8.0,14.0,3.0,1.0,6.0,2.125,2.0,-7.0,投打被突破
911,CPBL-2024-xa-205,中職2024年,2024,205,2024-07-16 18:35:00,新北市立新莊棒球場,v0.1.0-2024,G1-G360 regular season,https://github.com/rebas-tw/rebas.tw-open-data/releases/download/v0.1.0-2024/CPBL-2024-OpenData.zip,CPBL-2024-OpenData/CPBL-2024-OpenData.json,富邦悍將,中信兄弟,True,9,3,6,1,3,6,0,1,1,1,34,14,3,6,1,2,1,4,8,0.6428571428571429,13.0,27,9.0,6,7,1,8,1.4444444444444444,1.1428571428571428,-3,主場,勝,大勝,高得分,中等失分,領先守成型,火力強勢,穩定守成,7,中職2024年,205.0,2024-07-16 18:35,新北市立新莊棒球場,中信兄弟,True,9.0,3.0,6.0,True,主場,勝,大勝,高得分,中等失分,3.0,6.0,0.0,True,True,True,全場壓制型,34.0,14.0,3.0,6.0,1.0,2.0,1.0,4.0,8.0,0.642857142857143,13.0,火力強勢,27.0,9.0,6.0,7.0,1.0,8.0,1.44444444444444,1.14285714285714,-3.0,普通防守
912,CPBL-2024-xa-204,中職2024年,2024,204,2024-07-14 17:05:00,澄清湖棒球場,v0.1.0-2024,G1-G360 regular season,https://github.com/rebas-tw/rebas.tw-open-data/releases/download/v0.1.0-2024/CPBL-2024-OpenData.zip,CPBL-2024-OpenData/CPBL-2024-OpenData.json,樂天桃猿,台鋼雄鷹,False,4,5,-1,0,0,3,1,0,0,0,31,4,4,2,1,0,0,1,1,1.0,8.0,24,8.0,11,3,1,7,1.75,2.3333333333333335,-2,客場,敗,小敗,中等得分,中等失分,一般拉鋸型,火力強勢,穩定守成,7,中職2024年,204.0,2024-07-14 17:05,澄清湖棒球場,台鋼雄鷹,False,4.0,5.0,-1.0,False,客場,敗,小敗,中等得分,中等失分,0.0,3.0,1.0,False,False,False,被壓制型,31.0,4.0,4.0,2.0,1.0,0.0,0.0,1.0,1.0,1.0,8.0,零星攻勢,24.0,8.0,11.0,3.0,1.0,7.0,1.75,2.33333333333333,-2.0,失分偏高
913,CPBL-2024-xa-204,中職2024年,2024,204,2024-07-14 17:05:00,澄清湖棒球場,v0.1.0-2024,G1-G360 regular season,https://github.com/rebas-tw/rebas.tw-open-data/releases/download/v0.1.0-2024/CPBL-2024-OpenData.zip,CPBL-2024-OpenData/CPBL-2024-OpenData.json,台鋼雄鷹,樂天桃猿,True,5,4,1,1,3,1,1,1,1,1,35,11,3,7,4,0,1,5,7,0.45454545454545453,9.5,27,9.0,4,4,0,2,0.8888888888888888,0.5,-6,主場,勝,小勝,中等得分,中等失分,領先守成型,火力強勢,失分偏高,7,中職2024年,204.0,2024-07-14 17:05,澄清湖棒球場,樂天桃猿,True,5.0,4.0,1.0,True,主場,勝,小勝,中等得分,中等失分,3.0,1.0,1.0,True,True,True,全場壓制型,35.0,11.0,3.0,7.0,4.0,0.0,1.0,5.0,7.0,0.454545454545455,9.5,穩定攻擊,27.0,9.0,4.0,4.0,0.0,2.0,0.888888888888889,0.5,-6.0,普通防守
914,CPBL-2024-xa-203,中職2024年,2024,203,2024-07-14 17:05:00,新北市立新莊棒球場,v0.1.0-2024,G1-G360 regular season,https://github.com/rebas-tw/rebas.tw-open-data/releases/download/v0.1.0-2024/CPBL-2024-OpenData.zip,CPBL-2024-OpenData/CPBL-2024-OpenData.json,統一7-ELEVEn獅,富邦悍將,False,1,3,-2,0,0,0,1,0,0,0,37,11,1,8,2,0,0,2,2,0.09090909090909091,0.0,24,8.0,8,3,0,7,1.375,2.3333333333333335,1,客場,敗,小敗,低得分,中等失分,一般拉鋸型,攻勢受阻,穩定守成,7,中職2024年,203.0,2024-07-14 17:05,新北市立新莊棒球場,富邦悍將,False,1.0,3.0,-2.0,False,客場,敗,小敗,低得分,中等失分,0.0,0.0,1.0,False,False,False,被壓制型,37.0,11.0,1.0,8.0,2.0,0.0,0.0,2.0,2.0,0.0909090909090909,0.0,攻勢受阻,24.0,8.0,8.0,3.0,0.0,7.0,1.375,2.33333333333333,1.0,穩定守成
915,CPBL-2024-xa-203,中職2024年,2024,203,2024-07-14 17:05:00,新北市立新莊棒球場,v0.1.0-2024,G1-G360 regular season,https://github.com/rebas-tw/rebas.tw-open-data/releases/download/v0.1.0-2024/CPBL-2024-OpenData.zip,CPBL-2024-OpenData/CPBL-2024-OpenData.json,富邦悍將,統一7-ELEVEn獅,True,3,1,2,1,0,1,2,1,0,1,30,8,3,7,1,0,0,1,1,0.375,3.5,27,9.0,11,1,0,8,1.3333333333333333,8.0,6,主場,勝,中幅勝,中等得分,低失分,領先守成型,穩定攻擊,壓制力強,7,中職2024年,203.0,2024-07-14 17:05,新北市立新莊棒球場,統一7-ELEVEn獅,True,3.0,1.0,2.0,True,主場,勝,小勝,中等得分,低失分,0.0,1.0,2.0,True,False,True,後段追分型,30.0,8.0,3.0,7.0,1.0,0.0,0.0,1.0,1.0,0.375,3.5,穩定攻擊,27.0,9.0,11.0,1.0,0.0,8.0,1.33333333333333,8.0,6.0,穩定守成
916,CPBL-2024-xa-202,中職2024年,2024,202,2024-07-14 17:05:00,臺中市洲際棒球場,v0.1.0-2024,G1-G360 regular season,https://github.com/rebas-tw/rebas.tw-open-data/releases/download/v0.1.0-2024/CPBL-2024-OpenData.zip,CPBL-2024-OpenData/CPBL-2024-OpenData.json,味全龍,中信兄弟,False,1,0,1,1,0,1,0,1,0,1,29,4,1,8,1,0,0,1,1,0.25,-1.0,27,9.0,6,1,0,14,0.7777777777777778,14.0,13,客場,勝,小勝,低得分,低失分,領先守成型,攻勢受阻,壓制力強,7,中職2024年,202.0,2024-07-14 17:05,臺中市洲際棒球場,中信兄弟,False,1.0,0.0,1.0,True,客場,勝,小勝,低得分,低失分,0.0,1.0,0.0,True,False,True,拉鋸型,29.0,4.0,1.0,8.0,1.0,0.0,0.0,1.0,1.0,0.25,-1.0,攻勢受阻,27.0,9.0,6.0,1.0,0.0,14.0,0.777777777777778,14.0,13.0,壓制力強
917,CPBL-2024-xa-202,中職2024年,2024,202,2024-07-14 17:05:00,臺中市洲際棒球場,v0.1.0-2024,G1-G360 regular season,https://github.com/rebas-tw/rebas.tw-open-data/releases/download/v0.1.0-2024/CPBL-2024-OpenData.zip,CPBL-2024-OpenData/CPBL-2024-OpenData.json,中信兄弟,味全龍,True,0,1,-1,0,0,0,0,0,0,0,32,6,1,14,1,0,0,1,1,0.0,-5.0,27,9.0,4,1,0,8,0.5555555555555556,8.0,6,主場,敗,小敗,低得分,低失分,一般拉鋸型,攻勢受阻,壓制力強,7,中職2024年,202.0,2024-07-14 17:05,臺中市洲際棒球場,味全龍,True,0.0,1.0,-1.0,False,主場,敗,小敗,低得分,低失分,0.0,0.0,0.0,False,False,False,被壓制型,32.0,6.0,1.0,14.0,1.0,0.0,0.0,1.0,1.0,0.0,-5.0,攻勢受阻,27.0,9.0,4.0,1.0,0.0,8.0,0.555555555555556,8.0,6.0,壓制力強
918,CPBL-2024-xa-200,中職2024年,2024,200,2024-07-13 18:49:00,新北市立新莊棒球場,v0.1.0-2024,G1-G360 regular season,https://github.com/rebas-tw/rebas.tw-open-data/releases/download/v0.1.0-2024/CPBL-2024-OpenData.zip,CPBL-2024-OpenData/CPBL-2024-OpenData.json,統一7-ELEVEn獅,富邦悍將,False,8,0,8,1,4,2,2,1,1,1,39,16,4,4,5,0,1,6,8,0.5,16.0,27,9.0,6,1,0,8,0.7777777777777778,8.0,7,客場,勝,大勝,高得分,低失分,領先守成型,火力強勢,壓制力強,7,中職2024年,200.0,2024-07-13 18:49,新北市立新莊棒球場,富邦悍將,False,8.0,0.0,8.0,True,客場,勝,大勝,高得分,低失分,4.0,2.0,2.0,True,True,True,全場壓制型,39.0,16.0,4.0,4.0,5.0,0.0,1.0,6.0,8.0,0.5,16.0,火力強勢,27.0,9.0,6.0,1.0,0.0,8.0,0.777777777777778,8.0,7.0,壓制力強
919,CPBL-2024-xa-200,中職2024年,2024,200,2024-07-13 18:49:00,新北市立新莊棒球場,v0.1.0-2024,G1-G360 regular season,https://github.com/rebas-tw/rebas.tw-open-data/releases/download/v0.1.0-2024/CPBL-2024-OpenData.zip,CPBL-2024-OpenData/CPBL-2024-OpenData.json,富邦悍將,統一7-ELEVEn獅,True,0,8,-8,0,0,0,0,0,0,0,32,6,1,8,0,0,0,0,0,0.0,-3.0,27,9.0,16,4,1,4,2.2222222222222223,1.0,-9,主場,敗,大敗,低得分,高失分,一般拉鋸型,攻勢受阻,失分偏高,7,中職2024年,200.0,2024-07-13 18:49,新北市立新莊棒球場,統一7-ELEVEn獅,True,0.0,8.0,-8.0,False,主場,敗,大敗,低得分,高失分,0.0,0.0,0.0,False,False,False,被壓制型,32.0,6.0,1.0,8.0,0.0,0.0,0.0,0.0,0.0,0.0,-3.0,攻勢受阻,27.0,9.0,16.0,4.0,1.0,4.0,2.22222222222222,1.0,-9.0,投打被突破
920,CPBL-2024-xa-201,中職2024年,2024,201,2024-07-13 17:05:00,澄清湖棒球場,v0.1.0-2024,G1-G360 regular season,https://github.com/rebas-tw/rebas.tw-open-data/releases/download/v0.1.0-2024/CPBL-2024-OpenData.zip,CPBL-2024-OpenData/CPBL-2024-OpenData.json,樂天桃猿,台鋼雄鷹,False,5,0,5,1,1,0,4,1,1,1,38,12,2,8,0,1,0,1,2,0.4166666666666667,4.0,27,9.0,5,7,0,4,1.3333333333333333,0.5714285714285714,-3,客場,勝,大勝,中等得分,低失分,領先守成型,穩定攻擊,穩定守成,7,中職2024年,201.0,2024-07-13 17:05,澄清湖棒球場,台鋼雄鷹,False,5.0,0.0,5.0,True,客場,勝,大勝,中等得分,低失分,1.0,0.0,4.0,True,True,True,全場壓制型,38.0,12.0,2.0,8.0,0.0,1.0,0.0,1.0,2.0,0.416666666666667,4.0,穩定攻擊,27.0,9.0,5.0,7.0,0.0,4.0,1.33333333333333,0.571428571428571,-3.0,普通防守
921,CPBL-2024-xa-201,中職2024年,2024,201,2024-07-13 17:05:00,澄清湖棒球場,v0.1.0-2024,G1-G360 regular season,https://github.com/rebas-tw/rebas.tw-open-data/releases/download/v0.1.0-2024/CPBL-2024-OpenData.zip,CPBL-2024-OpenData/CPBL-2024-OpenData.json,台鋼雄鷹,樂天桃猿,True,0,5,-5,0,0,0,0,0,0,0,31,5,7,4,2,0,0,2,2,0.0,7.0,27,9.0,12,2,0,8,1.5555555555555556,4.0,1,主場,敗,大敗,低得分,中等失分,一般拉鋸型,穩定攻擊,穩定守成,7,中職2024年,201.0,2024-07-13 17:05,澄清湖棒球場,樂天桃猿,True,0.0,5.0,-5.0,False,主場,敗,大敗,低得分,中等失分,0.0,0.0,0.0,False,False,False,被壓制型,31.0,5.0,7.0,4.0,2.0,0.0,0.0,2.0,2.0,0.0,7.0,低效進攻,27.0,9.0,12.0,2.0,0.0,8.0,1.55555555555556,4.0,1.0,失分偏高
922,CPBL-2024-xa-199,中職2024年,2024,199,2024-07-13 17:05:00,臺中市洲際棒球場,v0.1.0-2024,G1-G360 regular season,https://github.com/rebas-tw/rebas.tw-open-data/releases/download/v0.1.0-2024/CPBL-2024-OpenData.zip,CPBL-2024-OpenData/CPBL-2024-OpenData.json,味全龍,中信兄弟,False,0,11,-11,0,0,0,0,0,0,0,33,9,0,6,2,0,0,2,2,0.0,-1.0,24,8.0,19,2,1,1,2.625,0.5,-13,客場,敗,大敗,低得分,高失分,一般拉鋸型,攻勢受阻,失分偏高,7,中職2024年,199.0,2024-07-13 17:05,臺中市洲際棒球場,中信兄弟,False,0.0,11.0,-11.0,False,客場,敗,大敗,低得分,高失分,0.0,0.0,0.0,False,False,False,被壓制型,33.0,9.0,0.0,6.0,2.0,0.0,0.0,2.0,2.0,0.0,-1.0,低效進攻,24.0,8.0,19.0,2.0,1.0,1.0,2.625,0.5,-13.0,投打被突破
923,CPBL-2024-xa-199,中職2024年,2024,199,2024-07-13 17:05:00,臺中市洲際棒球場,v0.1.0-2024,G1-G360 regular season,https://github.com/rebas-tw/rebas.tw-open-data/releases/download/v0.1.0-2024/CPBL-2024-OpenData.zip,CPBL-2024-OpenData/CPBL-2024-OpenData.json,中信兄弟,味全龍,True,11,0,11,1,1,5,5,1,1,1,39,19,2,1,5,0,1,6,8,0.5789473684210527,18.5,27,9.0,9,0,0,6,1.0,6.0,6,主場,勝,大勝,高得分,低失分,領先守成型,火力強勢,壓制力強,7,中職2024年,199.0,2024-07-13 17:05,臺中市洲際棒球場,味全龍,True,11.0,0.0,11.0,True,主場,勝,大勝,高得分,低失分,1.0,5.0,5.0,True,True,True,全場壓制型,39.0,19.0,2.0,1.0,5.0,0.0,1.0,6.0,8.0,0.578947368421053,18.5,火力強勢,27.0,9.0,9.0,0.0,0.0,6.0,1.0,6.0,6.0,壓制力強
924,CPBL-2024-xa-198,中職2024年,2024,198,2024-07-12 18:36:00,澄清湖棒球場,v0.1.0-2024,G1-G360 regular season,https://github.com/rebas-tw/rebas.tw-open-data/releases/download/v0.1.0-2024/CPBL-2024-OpenData.zip,CPBL-2024-OpenData/CPBL-2024-OpenData.json,樂天桃猿,台鋼雄鷹,False,7,2,5,1,3,0,4,1,1,1,38,16,3,8,2,1,0,3,4,0.4375,9.0,27,9.0,7,1,1,10,0.8888888888888888,10.0,6,客場,勝,大勝,高得分,低失分,領先守成型,火力強勢,壓制力強,7,中職2024年,198.0,2024-07-12 18:36,澄清湖棒球場,台鋼雄鷹,False,7.0,2.0,5.0,True,客場,勝,大勝,高得分,低失分,3.0,0.0,4.0,True,True,True,全場壓制型,38.0,16.0,3.0,8.0,2.0,1.0,0.0,3.0,4.0,0.4375,9.0,火力強勢,27.0,9.0,7.0,1.0,1.0,10.0,0.888888888888889,10.0,6.0,壓制力強
925,CPBL-2024-xa-198,中職2024年,2024,198,2024-07-12 18:36:00,澄清湖棒球場,v0.1.0-2024,G1-G360 regular season,https://github.com/rebas-tw/rebas.tw-open-data/releases/download/v0.1.0-2024/CPBL-2024-OpenData.zip,CPBL-2024-OpenData/CPBL-2024-OpenData.json,台鋼雄鷹,樂天桃猿,True,2,7,-5,0,1,0,1,0,0,0,33,7,1,10,0,0,1,1,3,0.2857142857142857,-1.0,27,9.0,16,3,0,8,2.111111111111111,2.6666666666666665,-2,主場,敗,大敗,低得分,高失分,一般拉鋸型,攻勢受阻,穩定守成,7,中職2024年,198.0,2024-07-12 18:36,澄清湖棒球場,樂天桃猿,True,2.0,7.0,-5.0,False,主場,敗,大敗,低得分,高失分,1.0,0.0,1.0,False,False,False,被壓制型,33.0,7.0,1.0,10.0,0.0,0.0,1.0,1.0,3.0,0.285714285714286,-1.0,攻勢受阻,27.0,9.0,16.0,3.0,0.0,8.0,2.11111111111111,2.66666666666667,-2.0,投打被突破
926,CPBL-2024-xa-197,中職2024年,2024,197,2024-07-12 18:35:00,新北市立新莊棒球場,v0.1.0-2024,G1-G360 regular season,https://github.com/rebas-tw/rebas.tw-open-data/releases/download/v0.1.0-2024/CPBL-2024-OpenData.zip,CPBL-2024-OpenData/CPBL-2024-OpenData.json,統一7-ELEVEn獅,富邦悍將,False,13,1,12,1,3,7,3,1,1,1,41,15,8,6,2,1,1,4,7,0.8666666666666667,22.0,27,9.0,5,2,1,7,0.7777777777777778,3.5,3,客場,勝,大勝,高得分,低失分,領先守成型,火力強勢,壓制力強,7,中職2024年,197.0,2024-07-12 18:35,新北市立新莊棒球場,富邦悍將,False,13.0,1.0,12.0,True,客場,勝,大勝,高得分,低失分,3.0,7.0,3.0,True,True,True,全場壓制型,41.0,15.0,8.0,6.0,2.0,1.0,1.0,4.0,7.0,0.866666666666667,22.0,火力強勢,27.0,9.0,5.0,2.0,1.0,7.0,0.777777777777778,3.5,3.0,壓制力強
927,CPBL-2024-xa-197,中職2024年,2024,197,2024-07-12 18:35:00,新北市立新莊棒球場,v0.1.0-2024,G1-G360 regular season,https://github.com/rebas-tw/rebas.tw-open-data/releases/download/v0.1.0-2024/CPBL-2024-OpenData.zip,CPBL-2024-OpenData/CPBL-2024-OpenData.json,富邦悍將,統一7-ELEVEn獅,True,1,13,-12,0,0,0,1,0,0,0,32,5,2,7,1,0,1,2,4,0.2,1.5,27,9.0,15,8,1,6,2.5555555555555554,0.75,-16,主場,敗,大敗,低得分,高失分,一般拉鋸型,攻勢受阻,失分偏高,7,中職2024年,197.0,2024-07-12 18:35,新北市立新莊棒球場,統一7-ELEVEn獅,True,1.0,13.0,-12.0,False,主場,敗,大敗,低得分,高失分,0.0,0.0,1.0,False,False,False,被壓制型,32.0,5.0,2.0,7.0,1.0,0.0,1.0,2.0,4.0,0.2,1.5,低效進攻,27.0,9.0,15.0,8.0,1.0,6.0,2.55555555555556,0.75,-16.0,投打被突破
928,CPBL-2024-xa-196,中職2024年,2024,196,2024-07-12 18:37:00,臺中市洲際棒球場,v0.1.0-2024,G1-G360 regular season,https://github.com/rebas-tw/rebas.tw-open-data/releases/download/v0.1.0-2024/CPBL-2024-OpenData.zip,CPBL-2024-OpenData/CPBL-2024-OpenData.json,味全龍,中信兄弟,False,7,4,3,1,1,6,0,1,0,1,40,15,1,8,0,0,0,0,0,0.4666666666666667,4.0,27,9.0,11,4,0,10,1.6666666666666667,2.5,2,客場,勝,中幅勝,高得分,中等失分,領先守成型,穩定攻擊,壓制力強,7,中職2024年,196.0,2024-07-12 18:37,臺中市洲際棒球場,中信兄弟,False,7.0,4.0,3.0,True,客場,勝,小勝,高得分,中等失分,1.0,6.0,0.0,True,False,True,拉鋸型,40.0,15.0,1.0,8.0,0.0,0.0,0.0,0.0,0.0,0.466666666666667,4.0,穩定攻擊,27.0,9.0,11.0,4.0,0.0,10.0,1.66666666666667,2.5,2.0,穩定守成
929,CPBL-2024-xa-196,中職2024年,2024,196,2024-07-12 18:37:00,臺中市洲際棒球場,v0.1.0-2024,G1-G360 regular season,https://github.com/rebas-tw/rebas.tw-open-data/releases/download/v0.1.0-2024/CPBL-2024-OpenData.zip,CPBL-2024-OpenData/CPBL-2024-OpenData.json,中信兄弟,味全龍,True,4,7,-3,0,1,3,0,0,0,0,34,11,4,10,0,1,0,1,2,0.36363636363636365,4.0,27,9.0,15,1,0,8,1.7777777777777777,8.0,0,主場,敗,小敗,中等得分,高失分,一般拉鋸型,穩定攻擊,穩定守成,7,中職2024年,196.0,2024-07-12 18:37,臺中市洲際棒球場,味全龍,True,4.0,7.0,-3.0,False,主場,敗,小敗,中等得分,高失分,1.0,3.0,0.0,False,False,False,被壓制型,34.0,11.0,4.0,10.0,0.0,1.0,0.0,1.0,2.0,0.363636363636364,4.0,穩定攻擊,27.0,9.0,15.0,1.0,0.0,8.0,1.77777777777778,8.0,0.0,失分偏高
930,CPBL-2024-xa-195,中職2024年,2024,195,2024-07-10 18:35:00,臺東棒球村第一棒球場,v0.1.0-2024,G1-G360 regular season,https://github.com/rebas-tw/rebas.tw-open-data/releases/download/v0.1.0-2024/CPBL-2024-OpenData.zip,CPBL-2024-OpenData/CPBL-2024-OpenData.json,富邦悍將,台鋼雄鷹,False,5,6,-1,0,2,1,2,0,0,0,39,12,3,5,5,0,0,5,5,0.4166666666666667,10.5,29,9.666666666666666,11,6,1,8,1.7586206896551726,1.3333333333333333,-5,客場,敗,小敗,中等得分,高失分,一般拉鋸型,火力強勢,失分偏高,7,中職2024年,195.0,2024-07-10 18:35,臺東棒球村第一棒球場,台鋼雄鷹,False,5.0,6.0,-1.0,False,客場,敗,小敗,中等得分,高失分,2.0,1.0,2.0,False,False,False,被壓制型,39.0,12.0,3.0,5.0,5.0,0.0,0.0,5.0,5.0,0.416666666666667,10.5,穩定攻擊,29.0,9.66666666666667,11.0,6.0,1.0,8.0,1.75862068965517,1.33333333333333,-5.0,失分偏高
931,CPBL-2024-xa-195,中職2024年,2024,195,2024-07-10 18:35:00,臺東棒球村第一棒球場,v0.1.0-2024,G1-G360 regular season,https://github.com/rebas-tw/rebas.tw-open-data/releases/download/v0.1.0-2024/CPBL-2024-OpenData.zip,CPBL-2024-OpenData/CPBL-2024-OpenData.json,台鋼雄鷹,富邦悍將,True,6,5,1,1,3,1,1,1,1,1,37,11,6,8,3,0,1,4,6,0.5454545454545454,12.0,30,10.0,12,3,0,5,1.5,1.6666666666666667,-3,主場,勝,小勝,高得分,中等失分,領先守成型,火力強勢,穩定守成,7,中職2024年,195.0,2024-07-10 18:35,臺東棒球村第一棒球場,富邦悍將,True,6.0,5.0,1.0,True,主場,勝,小勝,高得分,中等失分,3.0,1.0,1.0,True,True,True,全場壓制型,37.0,11.0,6.0,8.0,3.0,0.0,1.0,4.0,6.0,0.545454545454545,12.0,火力強勢,30.0,10.0,12.0,3.0,0.0,5.0,1.5,1.66666666666667,-3.0,失分偏高
932,CPBL-2024-xa-194,中職2024年,2024,194,2024-07-10 18:35:00,臺北市立天母棒球場,v0.1.0-2024,G1-G360 regular season,https://github.com/rebas-tw/rebas.tw-open-data/releases/download/v0.1.0-2024/CPBL-2024-OpenData.zip,CPBL-2024-OpenData/CPBL-2024-OpenData.json,統一7-ELEVEn獅,味全龍,False,9,0,9,1,5,0,4,1,1,1,41,17,3,1,4,0,0,4,4,0.5294117647058824,15.5,27,9.0,7,1,0,5,0.8888888888888888,5.0,4,客場,勝,大勝,高得分,低失分,領先守成型,火力強勢,壓制力強,7,中職2024年,194.0,2024-07-10 18:35,臺北市立天母棒球場,味全龍,False,9.0,0.0,9.0,True,客場,勝,大勝,高得分,低失分,5.0,0.0,4.0,True,True,True,全場壓制型,41.0,17.0,3.0,1.0,4.0,0.0,0.0,4.0,4.0,0.529411764705882,15.5,火力強勢,27.0,9.0,7.0,1.0,0.0,5.0,0.888888888888889,5.0,4.0,壓制力強
933,CPBL-2024-xa-194,中職2024年,2024,194,2024-07-10 18:35:00,臺北市立天母棒球場,v0.1.0-2024,G1-G360 regular season,https://github.com/rebas-tw/rebas.tw-open-data/releases/download/v0.1.0-2024/CPBL-2024-OpenData.zip,CPBL-2024-OpenData/CPBL-2024-OpenData.json,味全龍,統一7-ELEVEn獅,True,0,9,-9,0,0,0,0,0,0,0,32,7,1,5,0,0,0,0,0,0.0,-1.5,27,9.0,17,3,0,1,2.2222222222222223,0.3333333333333333,-11,主場,敗,大敗,低得分,高失分,一般拉鋸型,攻勢受阻,失分偏高,7,中職2024年,194.0,2024-07-10 18:35,臺北市立天母棒球場,統一7-ELEVEn獅,True,0.0,9.0,-9.0,False,主場,敗,大敗,低得分,高失分,0.0,0.0,0.0,False,False,False,被壓制型,32.0,7.0,1.0,5.0,0.0,0.0,0.0,0.0,0.0,0.0,-1.5,低效進攻,27.0,9.0,17.0,3.0,0.0,1.0,2.22222222222222,0.333333333333333,-11.0,投打被突破
934,CPBL-2024-xa-193,中職2024年,2024,193,2024-07-10 19:01:00,臺中市洲際棒球場,v0.1.0-2024,G1-G360 regular season,https://github.com/rebas-tw/rebas.tw-open-data/releases/download/v0.1.0-2024/CPBL-2024-OpenData.zip,CPBL-2024-OpenData/CPBL-2024-OpenData.json,樂天桃猿,中信兄弟,False,1,11,-10,0,0,1,0,0,0,0,28,3,1,4,0,0,0,0,0,0.3333333333333333,0.0,24,8.0,12,3,1,3,1.875,1.0,-12,客場,敗,大敗,低得分,高失分,一般拉鋸型,攻勢受阻,失分偏高,7,中職2024年,193.0,2024-07-10 19:01,臺中市洲際棒球場,中信兄弟,False,1.0,11.0,-10.0,False,客場,敗,大敗,低得分,高失分,0.0,1.0,0.0,False,False,False,被壓制型,28.0,3.0,1.0,4.0,0.0,0.0,0.0,0.0,0.0,0.333333333333333,0.0,低效進攻,24.0,8.0,12.0,3.0,1.0,3.0,1.875,1.0,-12.0,投打被突破
935,CPBL-2024-xa-193,中職2024年,2024,193,2024-07-10 19:01:00,臺中市洲際棒球場,v0.1.0-2024,G1-G360 regular season,https://github.com/rebas-tw/rebas.tw-open-data/releases/download/v0.1.0-2024/CPBL-2024-OpenData.zip,CPBL-2024-OpenData/CPBL-2024-OpenData.json,中信兄弟,樂天桃猿,True,11,1,10,1,0,5,6,0,0,1,36,12,3,3,5,0,1,6,8,0.9166666666666666,18.5,27,9.0,3,1,0,4,0.4444444444444444,4.0,2,主場,勝,大勝,高得分,低失分,領先守成型,火力強勢,壓制力強,7,中職2024年,193.0,2024-07-10 19:01,臺中市洲際棒球場,樂天桃猿,True,11.0,1.0,10.0,True,主場,勝,大勝,高得分,低失分,0.0,5.0,6.0,False,False,True,後段追分型,36.0,12.0,3.0,3.0,5.0,0.0,1.0,6.0,8.0,0.916666666666667,18.5,火力強勢,27.0,9.0,3.0,1.0,0.0,4.0,0.444444444444444,4.0,2.0,壓制力強
936,CPBL-2024-xa-192,中職2024年,2024,192,2024-07-09 18:35:00,臺東棒球村第一棒球場,v0.1.0-2024,G1-G360 regular season,https://github.com/rebas-tw/rebas.tw-open-data/releases/download/v0.1.0-2024/CPBL-2024-OpenData.zip,CPBL-2024-OpenData/CPBL-2024-OpenData.json,富邦悍將,台鋼雄鷹,False,5,4,1,1,2,3,0,0,1,1,37,14,4,5,3,1,0,4,5,0.35714285714285715,10.5,27,9.0,10,4,0,6,1.5555555555555556,1.5,-2,客場,勝,小勝,中等得分,中等失分,領先守成型,火力強勢,穩定守成,7,中職2024年,192.0,2024-07-09 18:35,臺東棒球村第一棒球場,台鋼雄鷹,False,5.0,4.0,1.0,True,客場,勝,小勝,中等得分,中等失分,2.0,3.0,0.0,False,True,True,全場壓制型,37.0,14.0,4.0,5.0,3.0,1.0,0.0,4.0,5.0,0.357142857142857,10.5,穩定攻擊,27.0,9.0,10.0,4.0,0.0,6.0,1.55555555555556,1.5,-2.0,普通防守
937,CPBL-2024-xa-192,中職2024年,2024,192,2024-07-09 18:35:00,臺東棒球村第一棒球場,v0.1.0-2024,G1-G360 regular season,https://github.com/rebas-tw/rebas.tw-open-data/releases/download/v0.1.0-2024/CPBL-2024-OpenData.zip,CPBL-2024-OpenData/CPBL-2024-OpenData.json,台鋼雄鷹,富邦悍將,True,4,5,-1,0,1,2,1,1,0,0,38,10,4,6,0,0,0,0,0,0.4,5.0,27,9.0,14,4,0,5,2.0,1.25,-4,主場,敗,小敗,中等得分,中等失分,一般拉鋸型,穩定攻擊,失分偏高,7,中職2024年,192.0,2024-07-09 18:35,臺東棒球村第一棒球場,富邦悍將,True,4.0,5.0,-1.0,False,主場,敗,小敗,中等得分,中等失分,1.0,2.0,1.0,True,False,False,被壓制型,38.0,10.0,4.0,6.0,0.0,0.0,0.0,0.0,0.0,0.4,5.0,穩定攻擊,27.0,9.0,14.0,4.0,0.0,5.0,2.0,1.25,-4.0,失分偏高
938,CPBL-2024-xa-191,中職2024年,2024,191,2024-07-09 18:35:00,臺北市立天母棒球場,v0.1.0-2024,G1-G360 regular season,https://github.com/rebas-tw/rebas.tw-open-data/releases/download/v0.1.0-2024/CPBL-2024-OpenData.zip,CPBL-2024-OpenData/CPBL-2024-OpenData.json,統一7-ELEVEn獅,味全龍,False,6,2,4,1,0,3,3,1,0,1,36,11,1,6,2,1,0,3,4,0.5454545454545454,7.0,27,9.0,11,3,0,4,1.5555555555555556,1.3333333333333333,-1,客場,勝,中幅勝,高得分,低失分,領先守成型,穩定攻擊,穩定守成,7,中職2024年,191.0,2024-07-09 18:35,臺北市立天母棒球場,味全龍,False,6.0,2.0,4.0,True,客場,勝,小勝,高得分,低失分,0.0,3.0,3.0,True,False,True,後段追分型,36.0,11.0,1.0,6.0,2.0,1.0,0.0,3.0,4.0,0.545454545454545,7.0,火力強勢,27.0,9.0,11.0,3.0,0.0,4.0,1.55555555555556,1.33333333333333,-1.0,普通防守
939,CPBL-2024-xa-191,中職2024年,2024,191,2024-07-09 18:35:00,臺北市立天母棒球場,v0.1.0-2024,G1-G360 regular season,https://github.com/rebas-tw/rebas.tw-open-data/releases/download/v0.1.0-2024/CPBL-2024-OpenData.zip,CPBL-2024-OpenData/CPBL-2024-OpenData.json,味全龍,統一7-ELEVEn獅,True,2,6,-4,0,0,0,2,0,0,0,36,11,3,4,3,0,0,3,3,0.18181818181818182,6.0,27,9.0,11,1,0,6,1.3333333333333333,6.0,-1,主場,敗,大敗,低得分,高失分,一般拉鋸型,穩定攻擊,穩定守成,7,中職2024年,191.0,2024-07-09 18:35,臺北市立天母棒球場,統一7-ELEVEn獅,True,2.0,6.0,-4.0,False,主場,敗,小敗,低得分,高失分,0.0,0.0,2.0,False,False,False,被壓制型,36.0,11.0,3.0,4.0,3.0,0.0,0.0,3.0,3.0,0.181818181818182,6.0,低效進攻,27.0,9.0,11.0,1.0,0.0,6.0,1.33333333333333,6.0,-1.0,失分偏高
940,CPBL-2024-xa-190,中職2024年,2024,190,2024-07-09 18:35:00,臺中市洲際棒球場,v0.1.0-2024,G1-G360 regular season,https://github.com/rebas-tw/rebas.tw-open-data/releases/download/v0.1.0-2024/CPBL-2024-OpenData.zip,CPBL-2024-OpenData/CPBL-2024-OpenData.json,樂天桃猿,中信兄弟,False,5,2,3,1,1,1,3,1,0,1,37,13,6,7,1,0,0,1,1,0.38461538461538464,8.5,27,9.0,5,5,1,6,1.1111111111111112,1.2,-2,客場,勝,中幅勝,中等得分,低失分,領先守成型,火力強勢,穩定守成,7,中職2024年,190.0,2024-07-09 18:35,臺中市洲際棒球場,中信兄弟,False,5.0,2.0,3.0,True,客場,勝,小勝,中等得分,低失分,1.0,1.0,3.0,True,False,True,後段追分型,37.0,13.0,6.0,7.0,1.0,0.0,0.0,1.0,1.0,0.384615384615385,8.5,穩定攻擊,27.0,9.0,5.0,5.0,1.0,6.0,1.11111111111111,1.2,-2.0,壓制力強
941,CPBL-2024-xa-190,中職2024年,2024,190,2024-07-09 18:35:00,臺中市洲際棒球場,v0.1.0-2024,G1-G360 regular season,https://github.com/rebas-tw/rebas.tw-open-data/releases/download/v0.1.0-2024/CPBL-2024-OpenData.zip,CPBL-2024-OpenData/CPBL-2024-OpenData.json,中信兄弟,樂天桃猿,True,2,5,-3,0,1,0,1,0,0,0,32,5,5,6,0,0,1,1,3,0.4,5.0,27,9.0,13,6,0,7,2.111111111111111,1.1666666666666667,-4,主場,敗,小敗,低得分,中等失分,一般拉鋸型,穩定攻擊,失分偏高,7,中職2024年,190.0,2024-07-09 18:35,臺中市洲際棒球場,樂天桃猿,True,2.0,5.0,-3.0,False,主場,敗,小敗,低得分,中等失分,1.0,0.0,1.0,False,False,False,被壓制型,32.0,5.0,5.0,6.0,0.0,0.0,1.0,1.0,3.0,0.4,5.0,低效進攻,27.0,9.0,13.0,6.0,0.0,7.0,2.11111111111111,1.16666666666667,-4.0,失分偏高
942,CPBL-2024-xa-189,中職2024年,2024,189,2024-07-07 17:05:00,樂天桃園棒球場,v0.1.0-2024,G1-G360 regular season,https://github.com/rebas-tw/rebas.tw-open-data/releases/download/v0.1.0-2024/CPBL-2024-OpenData.zip,CPBL-2024-OpenData/CPBL-2024-OpenData.json,富邦悍將,樂天桃猿,False,6,5,1,1,1,4,1,0,0,1,37,12,1,5,3,0,1,4,6,0.5,8.5,27,9.0,13,4,1,8,1.8888888888888888,2.0,-2,客場,勝,小勝,高得分,中等失分,領先守成型,火力強勢,穩定守成,7,中職2024年,189.0,2024-07-07 17:05,樂天桃園棒球場,樂天桃猿,False,6.0,5.0,1.0,True,客場,勝,小勝,高得分,中等失分,1.0,4.0,1.0,False,False,True,拉鋸型,37.0,12.0,1.0,5.0,3.0,0.0,1.0,4.0,6.0,0.5,8.5,火力強勢,27.0,9.0,13.0,4.0,1.0,8.0,1.88888888888889,2.0,-2.0,失分偏高
943,CPBL-2024-xa-189,中職2024年,2024,189,2024-07-07 17:05:00,樂天桃園棒球場,v0.1.0-2024,G1-G360 regular season,https://github.com/rebas-tw/rebas.tw-open-data/releases/download/v0.1.0-2024/CPBL-2024-OpenData.zip,CPBL-2024-OpenData/CPBL-2024-OpenData.json,樂天桃猿,富邦悍將,True,5,6,-1,0,2,2,1,0,1,0,36,13,4,8,1,1,1,3,6,0.38461538461538464,8.0,27,9.0,12,1,1,5,1.4444444444444444,5.0,-3,主場,敗,小敗,中等得分,高失分,一般拉鋸型,火力強勢,穩定守成,7,中職2024年,189.0,2024-07-07 17:05,樂天桃園棒球場,富邦悍將,True,5.0,6.0,-1.0,False,主場,敗,小敗,中等得分,高失分,2.0,2.0,1.0,False,True,False,拉鋸型,36.0,13.0,4.0,8.0,1.0,1.0,1.0,3.0,6.0,0.384615384615385,8.0,穩定攻擊,27.0,9.0,12.0,1.0,1.0,5.0,1.44444444444444,5.0,-3.0,失分偏高
944,CPBL-2024-xa-188,中職2024年,2024,188,2024-07-07 17:05:00,臺北市立天母棒球場,v0.1.0-2024,G1-G360 regular season,https://github.com/rebas-tw/rebas.tw-open-data/releases/download/v0.1.0-2024/CPBL-2024-OpenData.zip,CPBL-2024-OpenData/CPBL-2024-OpenData.json,台鋼雄鷹,味全龍,False,0,3,-3,0,0,0,0,0,0,0,33,7,1,5,0,0,0,0,0,0.0,-1.5,24,8.0,9,3,0,2,1.5,0.6666666666666666,-4,客場,敗,小敗,低得分,中等失分,一般拉鋸型,攻勢受阻,失分偏高,7,中職2024年,188.0,2024-07-07 17:05,臺北市立天母棒球場,味全龍,False,0.0,3.0,-3.0,False,客場,敗,小敗,低得分,中等失分,0.0,0.0,0.0,False,False,False,被壓制型,33.0,7.0,1.0,5.0,0.0,0.0,0.0,0.0,0.0,0.0,-1.5,低效進攻,24.0,8.0,9.0,3.0,0.0,2.0,1.5,0.666666666666667,-4.0,普通防守
945,CPBL-2024-xa-188,中職2024年,2024,188,2024-07-07 17:05:00,臺北市立天母棒球場,v0.1.0-2024,G1-G360 regular season,https://github.com/rebas-tw/rebas.tw-open-data/releases/download/v0.1.0-2024/CPBL-2024-OpenData.zip,CPBL-2024-OpenData/CPBL-2024-OpenData.json,味全龍,台鋼雄鷹,True,3,0,3,1,1,0,2,1,1,1,31,9,3,2,1,0,0,1,1,0.3333333333333333,6.0,27,9.0,7,1,0,5,0.8888888888888888,5.0,4,主場,勝,中幅勝,中等得分,低失分,領先守成型,穩定攻擊,壓制力強,7,中職2024年,188.0,2024-07-07 17:05,臺北市立天母棒球場,台鋼雄鷹,True,3.0,0.0,3.0,True,主場,勝,小勝,中等得分,低失分,1.0,0.0,2.0,True,True,True,全場壓制型,31.0,9.0,3.0,2.0,1.0,0.0,0.0,1.0,1.0,0.333333333333333,6.0,穩定攻擊,27.0,9.0,7.0,1.0,0.0,5.0,0.888888888888889,5.0,4.0,壓制力強
946,CPBL-2024-xa-187,中職2024年,2024,187,2024-07-07 17:06:00,臺北大巨蛋,v0.1.0-2024,G1-G360 regular season,https://github.com/rebas-tw/rebas.tw-open-data/releases/download/v0.1.0-2024/CPBL-2024-OpenData.zip,CPBL-2024-OpenData/CPBL-2024-OpenData.json,中信兄弟,統一7-ELEVEn獅,False,2,1,1,1,2,0,0,0,1,1,29,4,1,9,0,0,1,1,3,0.5,-0.5,27,9.0,3,1,0,10,0.4444444444444444,10.0,8,客場,勝,小勝,低得分,低失分,領先守成型,攻勢受阻,壓制力強,7,中職2024年,187.0,2024-07-07 17:06,臺北大巨蛋,統一7-ELEVEn獅,False,2.0,1.0,1.0,True,客場,勝,小勝,低得分,低失分,2.0,0.0,0.0,False,True,True,全場壓制型,29.0,4.0,1.0,9.0,0.0,0.0,1.0,1.0,3.0,0.5,-0.5,攻勢受阻,27.0,9.0,3.0,1.0,0.0,10.0,0.444444444444444,10.0,8.0,壓制力強
947,CPBL-2024-xa-187,中職2024年,2024,187,2024-07-07 17:06:00,臺北大巨蛋,v0.1.0-2024,G1-G360 regular season,https://github.com/rebas-tw/rebas.tw-open-data/releases/download/v0.1.0-2024/CPBL-2024-OpenData.zip,CPBL-2024-OpenData/CPBL-2024-OpenData.json,統一7-ELEVEn獅,中信兄弟,True,1,2,-1,0,1,0,0,0,0,0,30,3,1,10,0,0,0,0,0,0.3333333333333333,-3.0,27,9.0,4,1,1,9,0.5555555555555556,9.0,5,主場,敗,小敗,低得分,低失分,一般拉鋸型,攻勢受阻,壓制力強,7,中職2024年,187.0,2024-07-07 17:06,臺北大巨蛋,中信兄弟,True,1.0,2.0,-1.0,False,主場,敗,小敗,低得分,低失分,1.0,0.0,0.0,False,False,False,被壓制型,30.0,3.0,1.0,10.0,0.0,0.0,0.0,0.0,0.0,0.333333333333333,-3.0,攻勢受阻,27.0,9.0,4.0,1.0,1.0,9.0,0.555555555555556,9.0,5.0,壓制力強
948,CPBL-2024-xa-186,中職2024年,2024,186,2024-07-06 17:06:00,樂天桃園棒球場,v0.1.0-2024,G1-G360 regular season,https://github.com/rebas-tw/rebas.tw-open-data/releases/download/v0.1.0-2024/CPBL-2024-OpenData.zip,CPBL-2024-OpenData/CPBL-2024-OpenData.json,富邦悍將,樂天桃猿,False,3,10,-7,0,0,1,2,0,0,0,35,11,1,4,2,0,0,2,2,0.2727272727272727,4.0,24,8.0,19,1,1,6,2.5,6.0,-6,客場,敗,大敗,中等得分,高失分,一般拉鋸型,穩定攻擊,失分偏高,7,中職2024年,186.0,2024-07-06 17:06,樂天桃園棒球場,樂天桃猿,False,3.0,10.0,-7.0,False,客場,敗,大敗,中等得分,高失分,0.0,1.0,2.0,False,False,False,被壓制型,35.0,11.0,1.0,4.0,2.0,0.0,0.0,2.0,2.0,0.272727272727273,4.0,穩定攻擊,24.0,8.0,19.0,1.0,1.0,6.0,2.5,6.0,-6.0,投打被突破
949,CPBL-2024-xa-186,中職2024年,2024,186,2024-07-06 17:06:00,樂天桃園棒球場,v0.1.0-2024,G1-G360 regular season,https://github.com/rebas-tw/rebas.tw-open-data/releases/download/v0.1.0-2024/CPBL-2024-OpenData.zip,CPBL-2024-OpenData/CPBL-2024-OpenData.json,樂天桃猿,富邦悍將,True,10,3,7,1,5,2,3,1,1,1,41,19,1,6,4,0,1,5,7,0.5263157894736842,13.0,27,9.0,11,1,0,4,1.3333333333333333,4.0,0,主場,勝,大勝,高得分,中等失分,領先守成型,火力強勢,穩定守成,7,中職2024年,186.0,2024-07-06 17:06,樂天桃園棒球場,富邦悍將,True,10.0,3.0,7.0,True,主場,勝,大勝,高得分,中等失分,5.0,2.0,3.0,True,True,True,全場壓制型,41.0,19.0,1.0,6.0,4.0,0.0,1.0,5.0,7.0,0.526315789473684,13.0,火力強勢,27.0,9.0,11.0,1.0,0.0,4.0,1.33333333333333,4.0,0.0,穩定守成
950,CPBL-2024-xa-185,中職2024年,2024,185,2024-07-06 17:05:00,臺北市立天母棒球場,v0.1.0-2024,G1-G360 regular season,https://github.com/rebas-tw/rebas.tw-open-data/releases/download/v0.1.0-2024/CPBL-2024-OpenData.zip,CPBL-2024-OpenData/CPBL-2024-OpenData.json,台鋼雄鷹,味全龍,False,4,11,-7,0,0,0,4,0,0,0,35,11,4,3,1,0,0,1,1,0.36363636363636365,7.5,24,8.0,17,2,3,3,2.375,1.5,-13,客場,敗,大敗,中等得分,高失分,一般拉鋸型,穩定攻擊,失分偏高,7,中職2024年,185.0,2024-07-06 17:05,臺北市立天母棒球場,味全龍,False,4.0,11.0,-7.0,False,客場,敗,大敗,中等得分,高失分,0.0,0.0,4.0,False,False,False,被壓制型,35.0,11.0,4.0,3.0,1.0,0.0,0.0,1.0,1.0,0.363636363636364,7.5,穩定攻擊,24.0,8.0,17.0,2.0,3.0,3.0,2.375,1.5,-13.0,投打被突破
951,CPBL-2024-xa-185,中職2024年,2024,185,2024-07-06 17:05:00,臺北市立天母棒球場,v0.1.0-2024,G1-G360 regular season,https://github.com/rebas-tw/rebas.tw-open-data/releases/download/v0.1.0-2024/CPBL-2024-OpenData.zip,CPBL-2024-OpenData/CPBL-2024-OpenData.json,味全龍,台鋼雄鷹,True,11,4,7,1,2,4,5,1,1,1,39,17,2,3,0,0,3,3,9,0.6470588235294118,14.5,27,9.0,11,4,0,3,1.6666666666666667,0.75,-5,主場,勝,大勝,高得分,中等失分,領先守成型,火力強勢,失分偏高,7,中職2024年,185.0,2024-07-06 17:05,臺北市立天母棒球場,台鋼雄鷹,True,11.0,4.0,7.0,True,主場,勝,大勝,高得分,中等失分,2.0,4.0,5.0,True,True,True,全場壓制型,39.0,17.0,2.0,3.0,0.0,0.0,3.0,3.0,9.0,0.647058823529412,14.5,火力強勢,27.0,9.0,11.0,4.0,0.0,3.0,1.66666666666667,0.75,-5.0,普通防守
952,CPBL-2024-xa-184,中職2024年,2024,184,2024-07-06 17:06:00,臺北大巨蛋,v0.1.0-2024,G1-G360 regular season,https://github.com/rebas-tw/rebas.tw-open-data/releases/download/v0.1.0-2024/CPBL-2024-OpenData.zip,CPBL-2024-OpenData/CPBL-2024-OpenData.json,中信兄弟,統一7-ELEVEn獅,False,3,2,1,1,0,1,2,0,0,0,31,5,1,11,2,0,2,4,8,0.6,2.5,27,9.0,5,2,0,5,0.7777777777777778,2.5,1,客場,勝,小勝,中等得分,低失分,後段逆轉型,攻勢受阻,穩定守成,7,中職2024年,184.0,2024-07-06 17:06,臺北大巨蛋,統一7-ELEVEn獅,False,3.0,2.0,1.0,True,客場,勝,小勝,中等得分,低失分,0.0,1.0,2.0,False,False,False,後段逆轉型,31.0,5.0,1.0,11.0,2.0,0.0,2.0,4.0,8.0,0.6,2.5,零星攻勢,27.0,9.0,5.0,2.0,0.0,5.0,0.777777777777778,2.5,1.0,壓制力強
953,CPBL-2024-xa-184,中職2024年,2024,184,2024-07-06 17:06:00,臺北大巨蛋,v0.1.0-2024,G1-G360 regular season,https://github.com/rebas-tw/rebas.tw-open-data/releases/download/v0.1.0-2024/CPBL-2024-OpenData.zip,CPBL-2024-OpenData/CPBL-2024-OpenData.json,統一7-ELEVEn獅,中信兄弟,True,2,3,-1,0,1,0,1,1,1,0,29,5,2,5,0,0,0,0,0,0.4,1.5,27,9.0,5,1,2,11,0.6666666666666666,11.0,5,主場,敗,小敗,低得分,中等失分,一般拉鋸型,攻勢受阻,壓制力強,7,中職2024年,184.0,2024-07-06 17:06,臺北大巨蛋,中信兄弟,True,2.0,3.0,-1.0,False,主場,敗,小敗,低得分,中等失分,1.0,0.0,1.0,True,True,False,拉鋸型,29.0,5.0,2.0,5.0,0.0,0.0,0.0,0.0,0.0,0.4,1.5,低效進攻,27.0,9.0,5.0,1.0,2.0,11.0,0.666666666666667,11.0,5.0,穩定守成
954,CPBL-2024-xa-183,中職2024年,2024,183,2024-07-05 18:35:00,樂天桃園棒球場,v0.1.0-2024,G1-G360 regular season,https://github.com/rebas-tw/rebas.tw-open-data/releases/download/v0.1.0-2024/CPBL-2024-OpenData.zip,CPBL-2024-OpenData/CPBL-2024-OpenData.json,富邦悍將,樂天桃猿,False,7,6,1,1,1,3,3,0,0,0,32,9,1,4,1,0,1,2,4,0.7777777777777778,8.0,27,9.0,11,4,0,4,1.6666666666666667,1.0,-6,客場,勝,小勝,高得分,高失分,後段逆轉型,火力強勢,失分偏高,7,中職2024年,183.0,2024-07-05 18:35,樂天桃園棒球場,樂天桃猿,False,7.0,6.0,1.0,True,客場,勝,小勝,高得分,高失分,1.0,3.0,3.0,False,False,False,後段逆轉型,32.0,9.0,1.0,4.0,1.0,0.0,1.0,2.0,4.0,0.777777777777778,8.0,穩定攻擊,27.0,9.0,11.0,4.0,0.0,4.0,1.66666666666667,1.0,-6.0,失分偏高
955,CPBL-2024-xa-183,中職2024年,2024,183,2024-07-05 18:35:00,樂天桃園棒球場,v0.1.0-2024,G1-G360 regular season,https://github.com/rebas-tw/rebas.tw-open-data/releases/download/v0.1.0-2024/CPBL-2024-OpenData.zip,CPBL-2024-OpenData/CPBL-2024-OpenData.json,樂天桃猿,富邦悍將,True,6,7,-1,0,3,1,2,1,1,0,35,11,4,4,3,1,0,4,5,0.5454545454545454,12.0,27,9.0,9,1,1,4,1.1111111111111112,4.0,-5,主場,敗,小敗,高得分,高失分,一般拉鋸型,火力強勢,失分偏高,7,中職2024年,183.0,2024-07-05 18:35,樂天桃園棒球場,富邦悍將,True,6.0,7.0,-1.0,False,主場,敗,小敗,高得分,高失分,3.0,1.0,2.0,True,True,False,拉鋸型,35.0,11.0,4.0,4.0,3.0,1.0,0.0,4.0,5.0,0.545454545454545,12.0,火力強勢,27.0,9.0,9.0,1.0,1.0,4.0,1.11111111111111,4.0,-5.0,失分偏高
956,CPBL-2024-xa-182,中職2024年,2024,182,2024-07-05 18:35:00,臺北市立天母棒球場,v0.1.0-2024,G1-G360 regular season,https://github.com/rebas-tw/rebas.tw-open-data/releases/download/v0.1.0-2024/CPBL-2024-OpenData.zip,CPBL-2024-OpenData/CPBL-2024-OpenData.json,台鋼雄鷹,味全龍,False,6,1,5,1,3,0,3,1,1,1,35,10,4,6,2,1,0,3,4,0.6,10.0,27,9.0,6,1,1,7,0.7777777777777778,7.0,4,客場,勝,大勝,高得分,低失分,領先守成型,火力強勢,壓制力強,7,中職2024年,182.0,2024-07-05 18:35,臺北市立天母棒球場,味全龍,False,6.0,1.0,5.0,True,客場,勝,大勝,高得分,低失分,3.0,0.0,3.0,True,True,True,全場壓制型,35.0,10.0,4.0,6.0,2.0,1.0,0.0,3.0,4.0,0.6,10.0,火力強勢,27.0,9.0,6.0,1.0,1.0,7.0,0.777777777777778,7.0,4.0,壓制力強
957,CPBL-2024-xa-182,中職2024年,2024,182,2024-07-05 18:35:00,臺北市立天母棒球場,v0.1.0-2024,G1-G360 regular season,https://github.com/rebas-tw/rebas.tw-open-data/releases/download/v0.1.0-2024/CPBL-2024-OpenData.zip,CPBL-2024-OpenData/CPBL-2024-OpenData.json,味全龍,台鋼雄鷹,True,1,6,-5,0,1,0,0,0,0,0,30,6,1,7,0,0,1,1,3,0.16666666666666666,-0.5,27,9.0,10,4,0,6,1.5555555555555556,1.5,-4,主場,敗,大敗,低得分,高失分,一般拉鋸型,攻勢受阻,失分偏高,7,中職2024年,182.0,2024-07-05 18:35,臺北市立天母棒球場,台鋼雄鷹,True,1.0,6.0,-5.0,False,主場,敗,大敗,低得分,高失分,1.0,0.0,0.0,False,False,False,被壓制型,30.0,6.0,1.0,7.0,0.0,0.0,1.0,1.0,3.0,0.166666666666667,-0.5,低效進攻,27.0,9.0,10.0,4.0,0.0,6.0,1.55555555555556,1.5,-4.0,失分偏高
958,CPBL-2024-xa-181,中職2024年,2024,181,2024-07-05 18:35:00,臺北大巨蛋,v0.1.0-2024,G1-G360 regular season,https://github.com/rebas-tw/rebas.tw-open-data/releases/download/v0.1.0-2024/CPBL-2024-OpenData.zip,CPBL-2024-OpenData/CPBL-2024-OpenData.json,中信兄弟,統一7-ELEVEn獅,False,11,5,6,1,0,9,2,0,0,1,39,14,6,6,0,0,2,2,6,0.7857142857142857,16.0,27,9.0,13,1,2,7,1.5555555555555556,7.0,-1,客場,勝,大勝,高得分,中等失分,領先守成型,火力強勢,穩定守成,7,中職2024年,181.0,2024-07-05 18:35,臺北大巨蛋,統一7-ELEVEn獅,False,11.0,5.0,6.0,True,客場,勝,大勝,高得分,中等失分,0.0,9.0,2.0,False,False,True,後段追分型,39.0,14.0,6.0,6.0,0.0,0.0,2.0,2.0,6.0,0.785714285714286,16.0,穩定攻擊,27.0,9.0,13.0,1.0,2.0,7.0,1.55555555555556,7.0,-1.0,失分偏高
959,CPBL-2024-xa-181,中職2024年,2024,181,2024-07-05 18:35:00,臺北大巨蛋,v0.1.0-2024,G1-G360 regular season,https://github.com/rebas-tw/rebas.tw-open-data/releases/download/v0.1.0-2024/CPBL-2024-OpenData.zip,CPBL-2024-OpenData/CPBL-2024-OpenData.json,統一7-ELEVEn獅,中信兄弟,True,5,11,-6,0,3,0,2,1,1,0,36,13,1,7,1,0,2,3,7,0.38461538461538464,5.5,27,9.0,14,6,2,6,2.2222222222222223,1.0,-13,主場,敗,大敗,中等得分,高失分,一般拉鋸型,穩定攻擊,失分偏高,7,中職2024年,181.0,2024-07-05 18:35,臺北大巨蛋,中信兄弟,True,5.0,11.0,-6.0,False,主場,敗,大敗,中等得分,高失分,3.0,0.0,2.0,True,True,False,拉鋸型,36.0,13.0,1.0,7.0,1.0,0.0,2.0,3.0,7.0,0.384615384615385,5.5,穩定攻擊,27.0,9.0,14.0,6.0,2.0,6.0,2.22222222222222,1.0,-13.0,投打被突破
960,CPBL-2024-xa-107,中職2024年,2024,107,2024-07-02 18:35:00,新北市立新莊棒球場,v0.1.0-2024,G1-G360 regular season,https://github.com/rebas-tw/rebas.tw-open-data/releases/download/v0.1.0-2024/CPBL-2024-OpenData.zip,CPBL-2024-OpenData/CPBL-2024-OpenData.json,樂天桃猿,富邦悍將,False,1,2,-1,0,1,0,0,1,0,0,33,7,2,7,2,0,0,2,2,0.14285714285714285,1.5,24,8.0,9,0,0,8,1.125,8.0,6,客場,敗,小敗,低得分,低失分,一般拉鋸型,攻勢受阻,壓制力強,7,中職2024年,107.0,2024-07-02 18:35,新北市立新莊棒球場,富邦悍將,False,1.0,2.0,-1.0,False,客場,敗,小敗,低得分,低失分,1.0,0.0,0.0,True,False,False,被壓制型,33.0,7.0,2.0,7.0,2.0,0.0,0.0,2.0,2.0,0.142857142857143,1.5,低效進攻,24.0,8.0,9.0,0.0,0.0,8.0,1.125,8.0,6.0,壓制力強
961,CPBL-2024-xa-107,中職2024年,2024,107,2024-07-02 18:35:00,新北市立新莊棒球場,v0.1.0-2024,G1-G360 regular season,https://github.com/rebas-tw/rebas.tw-open-data/releases/download/v0.1.0-2024/CPBL-2024-OpenData.zip,CPBL-2024-OpenData/CPBL-2024-OpenData.json,富邦悍將,樂天桃猿,True,2,1,1,1,1,1,0,0,0,1,32,9,0,8,3,0,0,3,3,0.2222222222222222,1.0,27,9.0,7,2,0,7,1.0,3.5,4,主場,勝,小勝,低得分,低失分,領先守成型,攻勢受阻,壓制力強,7,中職2024年,107.0,2024-07-02 18:35,新北市立新莊棒球場,樂天桃猿,True,2.0,1.0,1.0,True,主場,勝,小勝,低得分,低失分,1.0,1.0,0.0,False,False,True,拉鋸型,32.0,9.0,0.0,8.0,3.0,0.0,0.0,3.0,3.0,0.222222222222222,1.0,攻勢受阻,27.0,9.0,7.0,2.0,0.0,7.0,1.0,3.5,4.0,壓制力強
962,CPBL-2024-xa-80,中職2024年,2024,80,2024-07-01 18:35:00,澄清湖棒球場,v0.1.0-2024,G1-G360 regular season,https://github.com/rebas-tw/rebas.tw-open-data/releases/download/v0.1.0-2024/CPBL-2024-OpenData.zip,CPBL-2024-OpenData/CPBL-2024-OpenData.json,富邦悍將,台鋼雄鷹,False,13,5,8,1,6,0,7,0,1,1,42,17,4,4,5,2,0,7,9,0.7647058823529411,22.0,27,9.0,8,4,1,7,1.3333333333333333,1.75,-3,客場,勝,大勝,高得分,中等失分,領先守成型,火力強勢,穩定守成,7,中職2024年,80.0,2024-07-01 18:35,澄清湖棒球場,台鋼雄鷹,False,13.0,5.0,8.0,True,客場,勝,大勝,高得分,中等失分,6.0,0.0,7.0,False,True,True,全場壓制型,42.0,17.0,4.0,4.0,5.0,2.0,0.0,7.0,9.0,0.764705882352941,22.0,火力強勢,27.0,9.0,8.0,4.0,1.0,7.0,1.33333333333333,1.75,-3.0,失分偏高
963,CPBL-2024-xa-80,中職2024年,2024,80,2024-07-01 18:35:00,澄清湖棒球場,v0.1.0-2024,G1-G360 regular season,https://github.com/rebas-tw/rebas.tw-open-data/releases/download/v0.1.0-2024/CPBL-2024-OpenData.zip,CPBL-2024-OpenData/CPBL-2024-OpenData.json,台鋼雄鷹,富邦悍將,True,5,13,-8,0,1,2,2,0,0,0,34,8,4,7,2,0,1,3,5,0.625,8.5,27,9.0,17,4,0,4,2.3333333333333335,1.0,-13,主場,敗,大敗,中等得分,高失分,一般拉鋸型,火力強勢,失分偏高,7,中職2024年,80.0,2024-07-01 18:35,澄清湖棒球場,富邦悍將,True,5.0,13.0,-8.0,False,主場,敗,大敗,中等得分,高失分,1.0,2.0,2.0,False,False,False,被壓制型,34.0,8.0,4.0,7.0,2.0,0.0,1.0,3.0,5.0,0.625,8.5,穩定攻擊,27.0,9.0,17.0,4.0,0.0,4.0,2.33333333333333,1.0,-13.0,投打被突破
964,CPBL-2024-xa-135,中職2024年,2024,135,2024-06-30 17:05:00,澄清湖棒球場,v0.1.0-2024,G1-G360 regular season,https://github.com/rebas-tw/rebas.tw-open-data/releases/download/v0.1.0-2024/CPBL-2024-OpenData.zip,CPBL-2024-OpenData/CPBL-2024-OpenData.json,樂天桃猿,台鋼雄鷹,False,7,3,4,1,0,6,1,0,0,1,38,11,3,5,3,0,1,4,6,0.6363636363636364,11.5,27,9.0,6,1,1,6,0.7777777777777778,6.0,1,客場,勝,中幅勝,高得分,中等失分,領先守成型,火力強勢,穩定守成,6,中職2024年,135.0,2024-06-30 17:05,澄清湖棒球場,台鋼雄鷹,False,7.0,3.0,4.0,True,客場,勝,小勝,高得分,中等失分,0.0,6.0,1.0,False,False,True,後段追分型,38.0,11.0,3.0,5.0,3.0,0.0,1.0,4.0,6.0,0.636363636363636,11.5,火力強勢,27.0,9.0,6.0,1.0,1.0,6.0,0.777777777777778,6.0,1.0,穩定守成
965,CPBL-2024-xa-135,中職2024年,2024,135,2024-06-30 17:05:00,澄清湖棒球場,v0.1.0-2024,G1-G360 regular season,https://github.com/rebas-tw/rebas.tw-open-data/releases/download/v0.1.0-2024/CPBL-2024-OpenData.zip,CPBL-2024-OpenData/CPBL-2024-OpenData.json,台鋼雄鷹,樂天桃猿,True,3,7,-4,0,1,2,0,1,1,0,31,6,1,6,0,0,1,1,3,0.5,2.0,27,9.0,11,3,1,5,1.5555555555555556,1.6666666666666667,-6,主場,敗,大敗,中等得分,高失分,一般拉鋸型,攻勢受阻,失分偏高,6,中職2024年,135.0,2024-06-30 17:05,澄清湖棒球場,樂天桃猿,True,3.0,7.0,-4.0,False,主場,敗,小敗,中等得分,高失分,1.0,2.0,0.0,True,True,False,拉鋸型,31.0,6.0,1.0,6.0,0.0,0.0,1.0,1.0,3.0,0.5,2.0,零星攻勢,27.0,9.0,11.0,3.0,1.0,5.0,1.55555555555556,1.66666666666667,-6.0,失分偏高
966,CPBL-2024-xa-136,中職2024年,2024,136,2024-06-29 17:05:00,新北市立新莊棒球場,v0.1.0-2024,G1-G360 regular season,https://github.com/rebas-tw/rebas.tw-open-data/releases/download/v0.1.0-2024/CPBL-2024-OpenData.zip,CPBL-2024-OpenData/CPBL-2024-OpenData.json,統一7-ELEVEn獅,富邦悍將,False,4,5,-1,0,3,0,0,1,1,1,32,5,2,6,2,0,0,2,2,0.8,5.0,28,9.333333333333334,11,6,1,5,1.8214285714285714,0.8333333333333334,-7,客場,敗,小敗,中等得分,中等失分,後段失守型,穩定攻擊,失分偏高,6,中職2024年,136.0,2024-06-29 17:05,新北市立新莊棒球場,富邦悍將,False,4.0,5.0,-1.0,False,客場,敗,小敗,中等得分,中等失分,3.0,0.0,0.0,True,True,True,拉鋸型,32.0,5.0,2.0,6.0,2.0,0.0,0.0,2.0,2.0,0.8,5.0,零星攻勢,28.0,9.33333333333333,11.0,6.0,1.0,5.0,1.82142857142857,0.833333333333333,-7.0,失分偏高
967,CPBL-2024-xa-136,中職2024年,2024,136,2024-06-29 17:05:00,新北市立新莊棒球場,v0.1.0-2024,G1-G360 regular season,https://github.com/rebas-tw/rebas.tw-open-data/releases/download/v0.1.0-2024/CPBL-2024-OpenData.zip,CPBL-2024-OpenData/CPBL-2024-OpenData.json,富邦悍將,統一7-ELEVEn獅,True,5,4,1,1,0,1,2,0,0,0,35,11,6,5,3,1,1,5,8,0.45454545454545453,13.5,30,10.0,5,2,0,6,0.7,3.0,0,主場,勝,小勝,中等得分,中等失分,後段逆轉型,火力強勢,穩定守成,6,中職2024年,136.0,2024-06-29 17:05,新北市立新莊棒球場,統一7-ELEVEn獅,True,5.0,4.0,1.0,True,主場,勝,小勝,中等得分,中等失分,0.0,1.0,2.0,False,False,False,後段逆轉型,35.0,11.0,6.0,5.0,3.0,1.0,1.0,5.0,8.0,0.454545454545455,13.5,穩定攻擊,30.0,10.0,5.0,2.0,0.0,6.0,0.7,3.0,0.0,穩定守成
968,CPBL-2024-xa-3,中職2024年,2024,3,2024-06-29 17:11:00,樂天桃園棒球場,v0.1.0-2024,G1-G360 regular season,https://github.com/rebas-tw/rebas.tw-open-data/releases/download/v0.1.0-2024/CPBL-2024-OpenData.zip,CPBL-2024-OpenData/CPBL-2024-OpenData.json,台鋼雄鷹,樂天桃猿,False,6,1,5,1,2,3,1,1,1,1,35,9,3,9,0,0,2,2,6,0.6666666666666666,6.5,27,9.0,5,2,0,5,0.7777777777777778,2.5,2,客場,勝,大勝,高得分,低失分,領先守成型,穩定攻擊,壓制力強,6,中職2024年,3.0,2024-06-29 17:11,樂天桃園棒球場,樂天桃猿,False,6.0,1.0,5.0,True,客場,勝,大勝,高得分,低失分,2.0,3.0,1.0,True,True,True,全場壓制型,35.0,9.0,3.0,9.0,0.0,0.0,2.0,2.0,6.0,0.666666666666667,6.5,穩定攻擊,27.0,9.0,5.0,2.0,0.0,5.0,0.777777777777778,2.5,2.0,壓制力強
969,CPBL-2024-xa-3,中職2024年,2024,3,2024-06-29 17:11:00,樂天桃園棒球場,v0.1.0-2024,G1-G360 regular season,https://github.com/rebas-tw/rebas.tw-open-data/releases/download/v0.1.0-2024/CPBL-2024-OpenData.zip,CPBL-2024-OpenData/CPBL-2024-OpenData.json,樂天桃猿,台鋼雄鷹,True,1,6,-5,0,0,0,1,0,0,0,31,5,2,5,2,0,0,2,2,0.2,2.5,27,9.0,9,3,2,9,1.3333333333333333,3.0,-2,主場,敗,大敗,低得分,高失分,一般拉鋸型,攻勢受阻,穩定守成,6,中職2024年,3.0,2024-06-29 17:11,樂天桃園棒球場,台鋼雄鷹,True,1.0,6.0,-5.0,False,主場,敗,大敗,低得分,高失分,0.0,0.0,1.0,False,False,False,被壓制型,31.0,5.0,2.0,5.0,2.0,0.0,0.0,2.0,2.0,0.2,2.5,低效進攻,27.0,9.0,9.0,3.0,2.0,9.0,1.33333333333333,3.0,-2.0,失分偏高
970,CPBL-2024-xa-68,中職2024年,2024,68,2024-06-27 18:35:00,樂天桃園棒球場,v0.1.0-2024,G1-G360 regular season,https://github.com/rebas-tw/rebas.tw-open-data/releases/download/v0.1.0-2024/CPBL-2024-OpenData.zip,CPBL-2024-OpenData/CPBL-2024-OpenData.json,富邦悍將,樂天桃猿,False,4,10,-6,0,2,0,2,0,0,0,34,7,7,8,2,0,0,2,2,0.5714285714285714,9.0,24,8.0,15,6,0,1,2.625,0.16666666666666666,-15,客場,敗,大敗,中等得分,高失分,一般拉鋸型,火力強勢,失分偏高,6,中職2024年,68.0,2024-06-27 18:35,樂天桃園棒球場,樂天桃猿,False,4.0,10.0,-6.0,False,客場,敗,大敗,中等得分,高失分,2.0,0.0,2.0,False,False,False,被壓制型,34.0,7.0,7.0,8.0,2.0,0.0,0.0,2.0,2.0,0.571428571428571,9.0,零星攻勢,24.0,8.0,15.0,6.0,0.0,1.0,2.625,0.166666666666667,-15.0,投打被突破
971,CPBL-2024-xa-68,中職2024年,2024,68,2024-06-27 18:35:00,樂天桃園棒球場,v0.1.0-2024,G1-G360 regular season,https://github.com/rebas-tw/rebas.tw-open-data/releases/download/v0.1.0-2024/CPBL-2024-OpenData.zip,CPBL-2024-OpenData/CPBL-2024-OpenData.json,樂天桃猿,富邦悍將,True,10,4,6,1,5,5,0,1,1,1,37,15,6,1,1,0,0,1,1,0.6666666666666666,16.5,27,9.0,7,7,0,8,1.5555555555555556,1.1428571428571428,-3,主場,勝,大勝,高得分,中等失分,領先守成型,火力強勢,穩定守成,6,中職2024年,68.0,2024-06-27 18:35,樂天桃園棒球場,富邦悍將,True,10.0,4.0,6.0,True,主場,勝,大勝,高得分,中等失分,5.0,5.0,0.0,True,True,True,全場壓制型,37.0,15.0,6.0,1.0,1.0,0.0,0.0,1.0,1.0,0.666666666666667,16.5,穩定攻擊,27.0,9.0,7.0,7.0,0.0,8.0,1.55555555555556,1.14285714285714,-3.0,普通防守
972,CPBL-2024-xa-56,中職2024年,2024,56,2024-06-27 18:37:00,臺中市洲際棒球場,v0.1.0-2024,G1-G360 regular season,https://github.com/rebas-tw/rebas.tw-open-data/releases/download/v0.1.0-2024/CPBL-2024-OpenData.zip,CPBL-2024-OpenData/CPBL-2024-OpenData.json,統一7-ELEVEn獅,中信兄弟,False,5,3,2,1,1,0,4,1,0,0,32,9,7,2,3,1,0,4,5,0.5555555555555556,15.0,27,9.0,11,5,0,5,1.7777777777777777,1.0,-3,客場,勝,中幅勝,中等得分,中等失分,後段逆轉型,火力強勢,穩定守成,6,中職2024年,56.0,2024-06-27 18:37,臺中市洲際棒球場,中信兄弟,False,5.0,3.0,2.0,True,客場,勝,小勝,中等得分,中等失分,1.0,0.0,4.0,True,False,False,後段逆轉型,32.0,9.0,7.0,2.0,3.0,1.0,0.0,4.0,5.0,0.555555555555556,15.0,穩定攻擊,27.0,9.0,11.0,5.0,0.0,5.0,1.77777777777778,1.0,-3.0,普通防守
973,CPBL-2024-xa-56,中職2024年,2024,56,2024-06-27 18:37:00,臺中市洲際棒球場,v0.1.0-2024,G1-G360 regular season,https://github.com/rebas-tw/rebas.tw-open-data/releases/download/v0.1.0-2024/CPBL-2024-OpenData.zip,CPBL-2024-OpenData/CPBL-2024-OpenData.json,中信兄弟,統一7-ELEVEn獅,True,3,5,-2,0,1,0,2,0,0,0,37,11,5,5,2,0,0,2,2,0.2727272727272727,7.5,27,9.0,9,7,0,2,1.7777777777777777,0.2857142857142857,-10,主場,敗,小敗,中等得分,中等失分,一般拉鋸型,穩定攻擊,失分偏高,6,中職2024年,56.0,2024-06-27 18:37,臺中市洲際棒球場,統一7-ELEVEn獅,True,3.0,5.0,-2.0,False,主場,敗,小敗,中等得分,中等失分,1.0,0.0,2.0,False,False,False,被壓制型,37.0,11.0,5.0,5.0,2.0,0.0,0.0,2.0,2.0,0.272727272727273,7.5,穩定攻擊,27.0,9.0,9.0,7.0,0.0,2.0,1.77777777777778,0.285714285714286,-10.0,失分偏高
974,CPBL-2024-xa-58,中職2024年,2024,58,2024-06-26 18:35:00,新北市立新莊棒球場,v0.1.0-2024,G1-G360 regular season,https://github.com/rebas-tw/rebas.tw-open-data/releases/download/v0.1.0-2024/CPBL-2024-OpenData.zip,CPBL-2024-OpenData/CPBL-2024-OpenData.json,味全龍,富邦悍將,False,2,3,-1,0,0,1,1,0,0,0,32,3,1,6,1,0,0,1,1,0.6666666666666666,1.0,28,9.333333333333334,9,3,0,8,1.2857142857142856,2.6666666666666665,2,客場,敗,小敗,低得分,中等失分,一般拉鋸型,攻勢受阻,壓制力強,6,中職2024年,58.0,2024-06-26 18:35,新北市立新莊棒球場,富邦悍將,False,2.0,3.0,-1.0,False,客場,敗,小敗,低得分,中等失分,0.0,1.0,1.0,False,False,False,被壓制型,32.0,3.0,1.0,6.0,1.0,0.0,0.0,1.0,1.0,0.666666666666667,1.0,低效進攻,28.0,9.33333333333333,9.0,3.0,0.0,8.0,1.28571428571429,2.66666666666667,2.0,穩定守成
975,CPBL-2024-xa-58,中職2024年,2024,58,2024-06-26 18:35:00,新北市立新莊棒球場,v0.1.0-2024,G1-G360 regular season,https://github.com/rebas-tw/rebas.tw-open-data/releases/download/v0.1.0-2024/CPBL-2024-OpenData.zip,CPBL-2024-OpenData/CPBL-2024-OpenData.json,富邦悍將,味全龍,True,3,2,1,1,0,1,1,1,0,0,34,9,3,8,5,0,0,5,5,0.3333333333333333,7.0,30,10.0,3,1,0,6,0.4,6.0,3,主場,勝,小勝,中等得分,低失分,後段逆轉型,穩定攻擊,壓制力強,6,中職2024年,58.0,2024-06-26 18:35,新北市立新莊棒球場,味全龍,True,3.0,2.0,1.0,True,主場,勝,小勝,中等得分,低失分,0.0,1.0,1.0,True,False,False,後段逆轉型,34.0,9.0,3.0,8.0,5.0,0.0,0.0,5.0,5.0,0.333333333333333,7.0,穩定攻擊,30.0,10.0,3.0,1.0,0.0,6.0,0.4,6.0,3.0,壓制力強
976,CPBL-2024-xa-53,中職2024年,2024,53,2024-06-26 18:35:00,臺中市洲際棒球場,v0.1.0-2024,G1-G360 regular season,https://github.com/rebas-tw/rebas.tw-open-data/releases/download/v0.1.0-2024/CPBL-2024-OpenData.zip,CPBL-2024-OpenData/CPBL-2024-OpenData.json,樂天桃猿,中信兄弟,False,2,1,1,1,2,0,0,1,1,1,33,8,2,5,1,0,0,1,1,0.25,2.5,27,9.0,8,2,1,5,1.1111111111111112,2.5,1,客場,勝,小勝,低得分,低失分,領先守成型,攻勢受阻,穩定守成,6,中職2024年,53.0,2024-06-26 18:35,臺中市洲際棒球場,中信兄弟,False,2.0,1.0,1.0,True,客場,勝,小勝,低得分,低失分,2.0,0.0,0.0,True,True,True,全場壓制型,33.0,8.0,2.0,5.0,1.0,0.0,0.0,1.0,1.0,0.25,2.5,低效進攻,27.0,9.0,8.0,2.0,1.0,5.0,1.11111111111111,2.5,1.0,壓制力強
977,CPBL-2024-xa-53,中職2024年,2024,53,2024-06-26 18:35:00,臺中市洲際棒球場,v0.1.0-2024,G1-G360 regular season,https://github.com/rebas-tw/rebas.tw-open-data/releases/download/v0.1.0-2024/CPBL-2024-OpenData.zip,CPBL-2024-OpenData/CPBL-2024-OpenData.json,中信兄弟,樂天桃猿,True,1,2,-1,0,1,0,0,0,0,0,32,8,2,5,0,0,1,1,3,0.125,1.5,27,9.0,8,2,0,5,1.1111111111111112,2.5,1,主場,敗,小敗,低得分,低失分,一般拉鋸型,攻勢受阻,穩定守成,6,中職2024年,53.0,2024-06-26 18:35,臺中市洲際棒球場,樂天桃猿,True,1.0,2.0,-1.0,False,主場,敗,小敗,低得分,低失分,1.0,0.0,0.0,False,False,False,被壓制型,32.0,8.0,2.0,5.0,0.0,0.0,1.0,1.0,3.0,0.125,1.5,低效進攻,27.0,9.0,8.0,2.0,0.0,5.0,1.11111111111111,2.5,1.0,壓制力強
978,CPBL-2024-xa-123,中職2024年,2024,123,2024-06-25 18:05:00,臺南市立棒球場,v0.1.0-2024,G1-G360 regular season,https://github.com/rebas-tw/rebas.tw-open-data/releases/download/v0.1.0-2024/CPBL-2024-OpenData.zip,CPBL-2024-OpenData/CPBL-2024-OpenData.json,樂天桃猿,統一7-ELEVEn獅,False,4,11,-7,0,1,1,2,1,1,0,37,11,3,8,3,0,1,4,6,0.36363636363636365,7.0,24,8.0,16,4,0,5,2.5,1.25,-10,客場,敗,大敗,中等得分,高失分,一般拉鋸型,穩定攻擊,失分偏高,6,中職2024年,123.0,2024-06-25 18:05,臺南市立棒球場,統一7-ELEVEn獅,False,4.0,11.0,-7.0,False,客場,敗,大敗,中等得分,高失分,1.0,1.0,2.0,True,True,False,後段追分型,37.0,11.0,3.0,8.0,3.0,0.0,1.0,4.0,6.0,0.363636363636364,7.0,穩定攻擊,24.0,8.0,16.0,4.0,0.0,5.0,2.5,1.25,-10.0,投打被突破
979,CPBL-2024-xa-123,中職2024年,2024,123,2024-06-25 18:05:00,臺南市立棒球場,v0.1.0-2024,G1-G360 regular season,https://github.com/rebas-tw/rebas.tw-open-data/releases/download/v0.1.0-2024/CPBL-2024-OpenData.zip,CPBL-2024-OpenData/CPBL-2024-OpenData.json,統一7-ELEVEn獅,樂天桃猿,True,11,4,7,1,0,10,1,0,0,1,35,16,4,5,0,0,0,0,0,0.6875,12.5,27,9.0,11,3,1,8,1.5555555555555556,2.6666666666666665,0,主場,勝,大勝,高得分,中等失分,領先守成型,火力強勢,穩定守成,6,中職2024年,123.0,2024-06-25 18:05,臺南市立棒球場,樂天桃猿,True,11.0,4.0,7.0,True,主場,勝,大勝,高得分,中等失分,0.0,10.0,1.0,False,False,True,後段追分型,35.0,16.0,4.0,5.0,0.0,0.0,0.0,0.0,0.0,0.6875,12.5,穩定攻擊,27.0,9.0,11.0,3.0,1.0,8.0,1.55555555555556,2.66666666666667,0.0,穩定守成
980,CPBL-2024-xa-54,中職2024年,2024,54,2024-06-25 18:35:00,新北市立新莊棒球場,v0.1.0-2024,G1-G360 regular season,https://github.com/rebas-tw/rebas.tw-open-data/releases/download/v0.1.0-2024/CPBL-2024-OpenData.zip,CPBL-2024-OpenData/CPBL-2024-OpenData.json,台鋼雄鷹,富邦悍將,False,5,6,-1,0,5,0,0,1,1,0,40,14,2,4,2,1,1,4,7,0.35714285714285715,9.0,24,8.0,11,3,1,2,1.75,0.6666666666666666,-8,客場,敗,小敗,中等得分,高失分,一般拉鋸型,火力強勢,失分偏高,6,中職2024年,54.0,2024-06-25 18:35,新北市立新莊棒球場,富邦悍將,False,5.0,6.0,-1.0,False,客場,敗,小敗,中等得分,高失分,5.0,0.0,0.0,True,True,False,拉鋸型,40.0,14.0,2.0,4.0,2.0,1.0,1.0,4.0,7.0,0.357142857142857,9.0,穩定攻擊,24.0,8.0,11.0,3.0,1.0,2.0,1.75,0.666666666666667,-8.0,失分偏高
981,CPBL-2024-xa-54,中職2024年,2024,54,2024-06-25 18:35:00,新北市立新莊棒球場,v0.1.0-2024,G1-G360 regular season,https://github.com/rebas-tw/rebas.tw-open-data/releases/download/v0.1.0-2024/CPBL-2024-OpenData.zip,CPBL-2024-OpenData/CPBL-2024-OpenData.json,富邦悍將,台鋼雄鷹,True,6,5,1,1,0,6,0,0,0,1,34,11,3,2,5,0,1,6,8,0.5454545454545454,14.0,27,9.0,14,2,1,4,1.7777777777777777,2.0,-4,主場,勝,小勝,高得分,中等失分,領先守成型,火力強勢,失分偏高,6,中職2024年,54.0,2024-06-25 18:35,新北市立新莊棒球場,台鋼雄鷹,True,6.0,5.0,1.0,True,主場,勝,小勝,高得分,中等失分,0.0,6.0,0.0,False,False,True,拉鋸型,34.0,11.0,3.0,2.0,5.0,0.0,1.0,6.0,8.0,0.545454545454545,14.0,火力強勢,27.0,9.0,14.0,2.0,1.0,4.0,1.77777777777778,2.0,-4.0,失分偏高
982,CPBL-2024-xa-180,中職2024年,2024,180,2024-06-23 17:05:00,樂天桃園棒球場,v0.1.0-2024,G1-G360 regular season,https://github.com/rebas-tw/rebas.tw-open-data/releases/download/v0.1.0-2024/CPBL-2024-OpenData.zip,CPBL-2024-OpenData/CPBL-2024-OpenData.json,富邦悍將,樂天桃猿,False,2,4,-2,0,2,0,0,1,0,0,32,7,1,6,1,0,0,1,1,0.2857142857142857,1.0,24,8.0,7,2,0,2,1.125,1.0,-4,客場,敗,小敗,低得分,中等失分,一般拉鋸型,攻勢受阻,失分偏高,6,中職2024年,180.0,2024-06-23 17:05,樂天桃園棒球場,樂天桃猿,False,2.0,4.0,-2.0,False,客場,敗,小敗,低得分,中等失分,2.0,0.0,0.0,True,False,False,被壓制型,32.0,7.0,1.0,6.0,1.0,0.0,0.0,1.0,1.0,0.285714285714286,1.0,低效進攻,24.0,8.0,7.0,2.0,0.0,2.0,1.125,1.0,-4.0,普通防守
983,CPBL-2024-xa-180,中職2024年,2024,180,2024-06-23 17:05:00,樂天桃園棒球場,v0.1.0-2024,G1-G360 regular season,https://github.com/rebas-tw/rebas.tw-open-data/releases/download/v0.1.0-2024/CPBL-2024-OpenData.zip,CPBL-2024-OpenData/CPBL-2024-OpenData.json,樂天桃猿,富邦悍將,True,4,2,2,1,2,0,2,0,0,0,27,7,2,2,2,0,0,2,2,0.5714285714285714,7.0,27,9.0,7,1,0,6,0.8888888888888888,6.0,3,主場,勝,中幅勝,中等得分,低失分,後段逆轉型,穩定攻擊,壓制力強,6,中職2024年,180.0,2024-06-23 17:05,樂天桃園棒球場,富邦悍將,True,4.0,2.0,2.0,True,主場,勝,小勝,中等得分,低失分,2.0,0.0,2.0,False,False,False,後段逆轉型,27.0,7.0,2.0,2.0,2.0,0.0,0.0,2.0,2.0,0.571428571428571,7.0,零星攻勢,27.0,9.0,7.0,1.0,0.0,6.0,0.888888888888889,6.0,3.0,壓制力強
984,CPBL-2024-xa-179,中職2024年,2024,179,2024-06-23 17:05:00,臺南市立棒球場,v0.1.0-2024,G1-G360 regular season,https://github.com/rebas-tw/rebas.tw-open-data/releases/download/v0.1.0-2024/CPBL-2024-OpenData.zip,CPBL-2024-OpenData/CPBL-2024-OpenData.json,味全龍,統一7-ELEVEn獅,False,1,4,-3,0,0,0,1,0,0,0,30,3,0,9,1,0,0,1,1,0.3333333333333333,-2.5,24,8.0,5,3,0,8,1.0,2.6666666666666665,1,客場,敗,小敗,低得分,中等失分,一般拉鋸型,攻勢受阻,穩定守成,6,中職2024年,179.0,2024-06-23 17:05,臺南市立棒球場,統一7-ELEVEn獅,False,1.0,4.0,-3.0,False,客場,敗,小敗,低得分,中等失分,0.0,0.0,1.0,False,False,False,被壓制型,30.0,3.0,0.0,9.0,1.0,0.0,0.0,1.0,1.0,0.333333333333333,-2.5,攻勢受阻,24.0,8.0,5.0,3.0,0.0,8.0,1.0,2.66666666666667,1.0,穩定守成
985,CPBL-2024-xa-179,中職2024年,2024,179,2024-06-23 17:05:00,臺南市立棒球場,v0.1.0-2024,G1-G360 regular season,https://github.com/rebas-tw/rebas.tw-open-data/releases/download/v0.1.0-2024/CPBL-2024-OpenData.zip,CPBL-2024-OpenData/CPBL-2024-OpenData.json,統一7-ELEVEn獅,味全龍,True,4,1,3,1,2,1,1,1,1,1,27,5,3,8,1,1,0,2,3,0.8,5.0,27,9.0,3,0,0,9,0.3333333333333333,9.0,8,主場,勝,中幅勝,中等得分,低失分,領先守成型,穩定攻擊,壓制力強,6,中職2024年,179.0,2024-06-23 17:05,臺南市立棒球場,味全龍,True,4.0,1.0,3.0,True,主場,勝,小勝,中等得分,低失分,2.0,1.0,1.0,True,True,True,全場壓制型,27.0,5.0,3.0,8.0,1.0,1.0,0.0,2.0,3.0,0.8,5.0,零星攻勢,27.0,9.0,3.0,0.0,0.0,9.0,0.333333333333333,9.0,8.0,壓制力強
986,CPBL-2024-xa-178,中職2024年,2024,178,2024-06-23 17:06:00,臺北大巨蛋,v0.1.0-2024,G1-G360 regular season,https://github.com/rebas-tw/rebas.tw-open-data/releases/download/v0.1.0-2024/CPBL-2024-OpenData.zip,CPBL-2024-OpenData/CPBL-2024-OpenData.json,中信兄弟,台鋼雄鷹,False,10,2,8,1,5,0,5,0,1,1,36,14,4,6,4,0,0,4,4,0.7142857142857143,15.0,27,9.0,6,2,0,4,0.8888888888888888,2.0,0,客場,勝,大勝,高得分,低失分,領先守成型,火力強勢,穩定守成,6,中職2024年,178.0,2024-06-23 17:06,臺北大巨蛋,台鋼雄鷹,False,10.0,2.0,8.0,True,客場,勝,大勝,高得分,低失分,5.0,0.0,5.0,False,True,True,全場壓制型,36.0,14.0,4.0,6.0,4.0,0.0,0.0,4.0,4.0,0.714285714285714,15.0,火力強勢,27.0,9.0,6.0,2.0,0.0,4.0,0.888888888888889,2.0,0.0,壓制力強
987,CPBL-2024-xa-178,中職2024年,2024,178,2024-06-23 17:06:00,臺北大巨蛋,v0.1.0-2024,G1-G360 regular season,https://github.com/rebas-tw/rebas.tw-open-data/releases/download/v0.1.0-2024/CPBL-2024-OpenData.zip,CPBL-2024-OpenData/CPBL-2024-OpenData.json,台鋼雄鷹,中信兄弟,True,2,10,-8,0,2,0,0,0,0,0,32,6,2,4,0,0,0,0,0,0.3333333333333333,2.0,27,9.0,14,4,0,6,2.0,1.5,-8,主場,敗,大敗,低得分,高失分,一般拉鋸型,攻勢受阻,失分偏高,6,中職2024年,178.0,2024-06-23 17:06,臺北大巨蛋,中信兄弟,True,2.0,10.0,-8.0,False,主場,敗,大敗,低得分,高失分,2.0,0.0,0.0,False,False,False,被壓制型,32.0,6.0,2.0,4.0,0.0,0.0,0.0,0.0,0.0,0.333333333333333,2.0,低效進攻,27.0,9.0,14.0,4.0,0.0,6.0,2.0,1.5,-8.0,投打被突破
988,CPBL-2024-xa-177,中職2024年,2024,177,2024-06-22 17:06:00,樂天桃園棒球場,v0.1.0-2024,G1-G360 regular season,https://github.com/rebas-tw/rebas.tw-open-data/releases/download/v0.1.0-2024/CPBL-2024-OpenData.zip,CPBL-2024-OpenData/CPBL-2024-OpenData.json,富邦悍將,樂天桃猿,False,2,7,-5,0,0,1,1,0,0,0,33,11,0,4,3,0,0,3,3,0.18181818181818182,3.0,24,8.0,11,2,1,5,1.625,2.5,-5,客場,敗,大敗,低得分,高失分,一般拉鋸型,穩定攻擊,失分偏高,6,中職2024年,177.0,2024-06-22 17:06,樂天桃園棒球場,樂天桃猿,False,2.0,7.0,-5.0,False,客場,敗,大敗,低得分,高失分,0.0,1.0,1.0,False,False,False,被壓制型,33.0,11.0,0.0,4.0,3.0,0.0,0.0,3.0,3.0,0.181818181818182,3.0,低效進攻,24.0,8.0,11.0,2.0,1.0,5.0,1.625,2.5,-5.0,失分偏高
989,CPBL-2024-xa-177,中職2024年,2024,177,2024-06-22 17:06:00,樂天桃園棒球場,v0.1.0-2024,G1-G360 regular season,https://github.com/rebas-tw/rebas.tw-open-data/releases/download/v0.1.0-2024/CPBL-2024-OpenData.zip,CPBL-2024-OpenData/CPBL-2024-OpenData.json,樂天桃猿,富邦悍將,True,7,2,5,1,0,5,2,1,0,1,35,11,2,5,1,1,1,3,6,0.6363636363636364,9.5,27,9.0,11,0,0,4,1.2222222222222223,4.0,2,主場,勝,大勝,高得分,低失分,領先守成型,火力強勢,壓制力強,6,中職2024年,177.0,2024-06-22 17:06,樂天桃園棒球場,富邦悍將,True,7.0,2.0,5.0,True,主場,勝,大勝,高得分,低失分,0.0,5.0,2.0,True,False,True,後段追分型,35.0,11.0,2.0,5.0,1.0,1.0,1.0,3.0,6.0,0.636363636363636,9.5,火力強勢,27.0,9.0,11.0,0.0,0.0,4.0,1.22222222222222,4.0,2.0,穩定守成
990,CPBL-2024-xa-176,中職2024年,2024,176,2024-06-22 17:05:00,臺南市立棒球場,v0.1.0-2024,G1-G360 regular season,https://github.com/rebas-tw/rebas.tw-open-data/releases/download/v0.1.0-2024/CPBL-2024-OpenData.zip,CPBL-2024-OpenData/CPBL-2024-OpenData.json,味全龍,統一7-ELEVEn獅,False,1,2,-1,0,0,0,1,0,0,0,30,3,4,13,1,0,0,1,1,0.3333333333333333,-0.5,24,8.0,5,6,0,6,1.375,1.0,-2,客場,敗,小敗,低得分,低失分,一般拉鋸型,攻勢受阻,穩定守成,6,中職2024年,176.0,2024-06-22 17:05,臺南市立棒球場,統一7-ELEVEn獅,False,1.0,2.0,-1.0,False,客場,敗,小敗,低得分,低失分,0.0,0.0,1.0,False,False,False,被壓制型,30.0,3.0,4.0,13.0,1.0,0.0,0.0,1.0,1.0,0.333333333333333,-0.5,攻勢受阻,24.0,8.0,5.0,6.0,0.0,6.0,1.375,1.0,-2.0,普通防守
991,CPBL-2024-xa-176,中職2024年,2024,176,2024-06-22 17:05:00,臺南市立棒球場,v0.1.0-2024,G1-G360 regular season,https://github.com/rebas-tw/rebas.tw-open-data/releases/download/v0.1.0-2024/CPBL-2024-OpenData.zip,CPBL-2024-OpenData/CPBL-2024-OpenData.json,統一7-ELEVEn獅,味全龍,True,2,1,1,1,0,1,1,1,0,1,27,5,6,6,2,0,0,2,2,0.4,7.0,27,9.0,3,4,0,13,0.7777777777777778,3.25,8,主場,勝,小勝,低得分,低失分,領先守成型,穩定攻擊,壓制力強,6,中職2024年,176.0,2024-06-22 17:05,臺南市立棒球場,味全龍,True,2.0,1.0,1.0,True,主場,勝,小勝,低得分,低失分,0.0,1.0,1.0,True,False,True,後段追分型,27.0,5.0,6.0,6.0,2.0,0.0,0.0,2.0,2.0,0.4,7.0,低效進攻,27.0,9.0,3.0,4.0,0.0,13.0,0.777777777777778,3.25,8.0,壓制力強
992,CPBL-2024-xa-175,中職2024年,2024,175,2024-06-22 17:06:00,臺北大巨蛋,v0.1.0-2024,G1-G360 regular season,https://github.com/rebas-tw/rebas.tw-open-data/releases/download/v0.1.0-2024/CPBL-2024-OpenData.zip,CPBL-2024-OpenData/CPBL-2024-OpenData.json,中信兄弟,台鋼雄鷹,False,2,1,1,1,2,0,0,1,1,1,36,9,3,6,2,0,0,2,2,0.2222222222222222,4.0,27,9.0,5,1,0,5,0.6666666666666666,5.0,3,客場,勝,小勝,低得分,低失分,領先守成型,穩定攻擊,壓制力強,6,中職2024年,175.0,2024-06-22 17:06,臺北大巨蛋,台鋼雄鷹,False,2.0,1.0,1.0,True,客場,勝,小勝,低得分,低失分,2.0,0.0,0.0,True,True,True,全場壓制型,36.0,9.0,3.0,6.0,2.0,0.0,0.0,2.0,2.0,0.222222222222222,4.0,低效進攻,27.0,9.0,5.0,1.0,0.0,5.0,0.666666666666667,5.0,3.0,壓制力強
993,CPBL-2024-xa-175,中職2024年,2024,175,2024-06-22 17:06:00,臺北大巨蛋,v0.1.0-2024,G1-G360 regular season,https://github.com/rebas-tw/rebas.tw-open-data/releases/download/v0.1.0-2024/CPBL-2024-OpenData.zip,CPBL-2024-OpenData/CPBL-2024-OpenData.json,台鋼雄鷹,中信兄弟,True,1,2,-1,0,0,1,0,0,0,0,30,5,1,5,2,0,0,2,2,0.2,1.5,27,9.0,9,3,0,6,1.3333333333333333,2.0,1,主場,敗,小敗,低得分,低失分,一般拉鋸型,攻勢受阻,穩定守成,6,中職2024年,175.0,2024-06-22 17:06,臺北大巨蛋,中信兄弟,True,1.0,2.0,-1.0,False,主場,敗,小敗,低得分,低失分,0.0,1.0,0.0,False,False,False,被壓制型,30.0,5.0,1.0,5.0,2.0,0.0,0.0,2.0,2.0,0.2,1.5,低效進攻,27.0,9.0,9.0,3.0,0.0,6.0,1.33333333333333,2.0,1.0,穩定守成
994,CPBL-2024-xa-174,中職2024年,2024,174,2024-06-21 18:35:00,樂天桃園棒球場,v0.1.0-2024,G1-G360 regular season,https://github.com/rebas-tw/rebas.tw-open-data/releases/download/v0.1.0-2024/CPBL-2024-OpenData.zip,CPBL-2024-OpenData/CPBL-2024-OpenData.json,台鋼雄鷹,樂天桃猿,False,6,7,-1,0,0,0,6,0,0,0,33,11,3,6,2,0,0,2,2,0.5454545454545454,8.0,24,8.0,9,2,3,5,1.375,2.5,-7,客場,敗,小敗,高得分,高失分,一般拉鋸型,火力強勢,失分偏高,6,中職2024年,174.0,2024-06-21 18:35,樂天桃園棒球場,樂天桃猿,False,6.0,7.0,-1.0,False,客場,敗,小敗,高得分,高失分,0.0,0.0,6.0,False,False,False,被壓制型,33.0,11.0,3.0,6.0,2.0,0.0,0.0,2.0,2.0,0.545454545454545,8.0,穩定攻擊,24.0,8.0,9.0,2.0,3.0,5.0,1.375,2.5,-7.0,失分偏高
995,CPBL-2024-xa-174,中職2024年,2024,174,2024-06-21 18:35:00,樂天桃園棒球場,v0.1.0-2024,G1-G360 regular season,https://github.com/rebas-tw/rebas.tw-open-data/releases/download/v0.1.0-2024/CPBL-2024-OpenData.zip,CPBL-2024-OpenData/CPBL-2024-OpenData.json,樂天桃猿,台鋼雄鷹,True,7,6,1,1,0,2,5,1,0,1,30,9,2,5,0,0,3,3,9,0.7777777777777778,9.5,27,9.0,11,3,0,6,1.5555555555555556,2.0,-3,主場,勝,小勝,高得分,高失分,領先守成型,火力強勢,穩定守成,6,中職2024年,174.0,2024-06-21 18:35,樂天桃園棒球場,台鋼雄鷹,True,7.0,6.0,1.0,True,主場,勝,小勝,高得分,高失分,0.0,2.0,5.0,True,False,True,後段追分型,30.0,9.0,2.0,5.0,0.0,0.0,3.0,3.0,9.0,0.777777777777778,9.5,火力強勢,27.0,9.0,11.0,3.0,0.0,6.0,1.55555555555556,2.0,-3.0,失分偏高
996,CPBL-2024-xa-173,中職2024年,2024,173,2024-06-21 18:35:00,臺南市立棒球場,v0.1.0-2024,G1-G360 regular season,https://github.com/rebas-tw/rebas.tw-open-data/releases/download/v0.1.0-2024/CPBL-2024-OpenData.zip,CPBL-2024-OpenData/CPBL-2024-OpenData.json,富邦悍將,統一7-ELEVEn獅,False,1,4,-3,0,1,0,0,1,1,0,33,9,1,9,0,0,0,0,0,0.1111111111111111,-2.5,24,8.0,9,5,0,5,1.75,1.0,-4,客場,敗,小敗,低得分,中等失分,一般拉鋸型,攻勢受阻,失分偏高,6,中職2024年,173.0,2024-06-21 18:35,臺南市立棒球場,統一7-ELEVEn獅,False,1.0,4.0,-3.0,False,客場,敗,小敗,低得分,中等失分,1.0,0.0,0.0,True,True,False,拉鋸型,33.0,9.0,1.0,9.0,0.0,0.0,0.0,0.0,0.0,0.111111111111111,-2.5,攻勢受阻,24.0,8.0,9.0,5.0,0.0,5.0,1.75,1.0,-4.0,普通防守
997,CPBL-2024-xa-173,中職2024年,2024,173,2024-06-21 18:35:00,臺南市立棒球場,v0.1.0-2024,G1-G360 regular season,https://github.com/rebas-tw/rebas.tw-open-data/releases/download/v0.1.0-2024/CPBL-2024-OpenData.zip,CPBL-2024-OpenData/CPBL-2024-OpenData.json,統一7-ELEVEn獅,富邦悍將,True,4,1,3,1,0,1,3,0,0,0,30,9,5,5,1,0,0,1,1,0.4444444444444444,7.5,27,9.0,9,1,0,9,1.1111111111111112,9.0,7,主場,勝,中幅勝,中等得分,低失分,後段逆轉型,穩定攻擊,壓制力強,6,中職2024年,173.0,2024-06-21 18:35,臺南市立棒球場,富邦悍將,True,4.0,1.0,3.0,True,主場,勝,小勝,中等得分,低失分,0.0,1.0,3.0,False,False,False,後段逆轉型,30.0,9.0,5.0,5.0,1.0,0.0,0.0,1.0,1.0,0.444444444444444,7.5,穩定攻擊,27.0,9.0,9.0,1.0,0.0,9.0,1.11111111111111,9.0,7.0,壓制力強
998,CPBL-2024-xa-172,中職2024年,2024,172,2024-06-21 18:35:00,臺北市立天母棒球場,v0.1.0-2024,G1-G360 regular season,https://github.com/rebas-tw/rebas.tw-open-data/releases/download/v0.1.0-2024/CPBL-2024-OpenData.zip,CPBL-2024-OpenData/CPBL-2024-OpenData.json,中信兄弟,味全龍,False,11,4,7,1,1,4,6,1,0,1,39,14,9,9,3,1,2,6,11,0.7857142857142857,21.5,27,9.0,8,1,1,9,1.0,9.0,3,客場,勝,大勝,高得分,中等失分,領先守成型,火力強勢,壓制力強,6,中職2024年,172.0,2024-06-21 18:35,臺北市立天母棒球場,味全龍,False,11.0,4.0,7.0,True,客場,勝,大勝,高得分,中等失分,1.0,4.0,6.0,True,False,True,後段追分型,39.0,14.0,9.0,9.0,3.0,1.0,2.0,6.0,11.0,0.785714285714286,21.5,火力強勢,27.0,9.0,8.0,1.0,1.0,9.0,1.0,9.0,3.0,穩定守成
999,CPBL-2024-xa-172,中職2024年,2024,172,2024-06-21 18:35:00,臺北市立天母棒球場,v0.1.0-2024,G1-G360 regular season,https://github.com/rebas-tw/rebas.tw-open-data/releases/download/v0.1.0-2024/CPBL-2024-OpenData.zip,CPBL-2024-OpenData/CPBL-2024-OpenData.json,味全龍,中信兄弟,True,4,11,-7,0,1,3,0,0,0,0,32,8,1,9,1,0,1,2,4,0.5,2.5,27,9.0,14,9,2,9,2.5555555555555554,1.0,-13,主場,敗,大敗,中等得分,高失分,一般拉鋸型,攻勢受阻,失分偏高,6,中職2024年,172.0,2024-06-21 18:35,臺北市立天母棒球場,中信兄弟,True,4.0,11.0,-7.0,False,主場,敗,大敗,中等得分,高失分,1.0,3.0,0.0,False,False,False,被壓制型,32.0,8.0,1.0,9.0,1.0,0.0,1.0,2.0,4.0,0.5,2.5,穩定攻擊,27.0,9.0,14.0,9.0,2.0,9.0,2.55555555555556,1.0,-13.0,投打被突破
1000,CPBL-2024-xa-171,中職2024年,2024,171,2024-06-20 18:35:00,臺南市立棒球場,v0.1.0-2024,G1-G360 regular season,https://github.com/rebas-tw/rebas.tw-open-data/releases/download/v0.1.0-2024/CPBL-2024-OpenData.zip,CPBL-2024-OpenData/CPBL-2024-OpenData.json,富邦悍將,統一7-ELEVEn獅,False,12,0,12,1,7,4,1,1,1,1,45,15,3,5,3,1,1,5,8,0.8,17.5,27,9.0,6,2,0,6,0.8888888888888888,3.0,4,客場,勝,大勝,高得分,低失分,領先守成型,火力強勢,壓制力強,6,中職2024年,171.0,2024-06-20 18:35,臺南市立棒球場,統一7-ELEVEn獅,False,12.0,0.0,12.0,True,客場,勝,大勝,高得分,低失分,7.0,4.0,1.0,True,True,True,全場壓制型,45.0,15.0,3.0,5.0,3.0,1.0,1.0,5.0,8.0,0.8,17.5,火力強勢,27.0,9.0,6.0,2.0,0.0,6.0,0.888888888888889,3.0,4.0,壓制力強
1001,CPBL-2024-xa-171,中職2024年,2024,171,2024-06-20 18:35:00,臺南市立棒球場,v0.1.0-2024,G1-G360 regular season,https://github.com/rebas-tw/rebas.tw-open-data/releases/download/v0.1.0-2024/CPBL-2024-OpenData.zip,CPBL-2024-OpenData/CPBL-2024-OpenData.json,統一7-ELEVEn獅,富邦悍將,True,0,12,-12,0,0,0,0,0,0,0,32,6,2,6,0,0,0,0,0,0.0,-1.0,27,9.0,15,3,1,5,2.0,1.6666666666666667,-11,主場,敗,大敗,低得分,高失分,一般拉鋸型,攻勢受阻,失分偏高,6,中職2024年,171.0,2024-06-20 18:35,臺南市立棒球場,富邦悍將,True,0.0,12.0,-12.0,False,主場,敗,大敗,低得分,高失分,0.0,0.0,0.0,False,False,False,被壓制型,32.0,6.0,2.0,6.0,0.0,0.0,0.0,0.0,0.0,0.0,-1.0,低效進攻,27.0,9.0,15.0,3.0,1.0,5.0,2.0,1.66666666666667,-11.0,投打被突破
1002,CPBL-2024-xa-170,中職2024年,2024,170,2024-06-20 18:35:00,臺北市立天母棒球場,v0.1.0-2024,G1-G360 regular season,https://github.com/rebas-tw/rebas.tw-open-data/releases/download/v0.1.0-2024/CPBL-2024-OpenData.zip,CPBL-2024-OpenData/CPBL-2024-OpenData.json,中信兄弟,味全龍,False,3,0,3,1,0,3,0,1,0,1,31,6,4,10,1,0,1,2,4,0.5,4.0,27,9.0,2,2,0,8,0.4444444444444444,4.0,6,客場,勝,中幅勝,中等得分,低失分,領先守成型,穩定攻擊,壓制力強,6,中職2024年,170.0,2024-06-20 18:35,臺北市立天母棒球場,味全龍,False,3.0,0.0,3.0,True,客場,勝,小勝,中等得分,低失分,0.0,3.0,0.0,True,False,True,拉鋸型,31.0,6.0,4.0,10.0,1.0,0.0,1.0,2.0,4.0,0.5,4.0,零星攻勢,27.0,9.0,2.0,2.0,0.0,8.0,0.444444444444444,4.0,6.0,壓制力強
1003,CPBL-2024-xa-170,中職2024年,2024,170,2024-06-20 18:35:00,臺北市立天母棒球場,v0.1.0-2024,G1-G360 regular season,https://github.com/rebas-tw/rebas.tw-open-data/releases/download/v0.1.0-2024/CPBL-2024-OpenData.zip,CPBL-2024-OpenData/CPBL-2024-OpenData.json,味全龍,中信兄弟,True,0,3,-3,0,0,0,0,0,0,0,29,2,2,8,0,0,0,0,0,0.0,-2.0,27,9.0,6,4,1,10,1.1111111111111112,2.5,2,主場,敗,小敗,低得分,中等失分,一般拉鋸型,攻勢受阻,壓制力強,6,中職2024年,170.0,2024-06-20 18:35,臺北市立天母棒球場,中信兄弟,True,0.0,3.0,-3.0,False,主場,敗,小敗,低得分,中等失分,0.0,0.0,0.0,False,False,False,被壓制型,29.0,2.0,2.0,8.0,0.0,0.0,0.0,0.0,0.0,0.0,-2.0,攻勢受阻,27.0,9.0,6.0,4.0,1.0,10.0,1.11111111111111,2.5,2.0,穩定守成
1004,CPBL-2024-xa-57,中職2024年,2024,57,2024-06-20 18:35:00,樂天桃園棒球場,v0.1.0-2024,G1-G360 regular season,https://github.com/rebas-tw/rebas.tw-open-data/releases/download/v0.1.0-2024/CPBL-2024-OpenData.zip,CPBL-2024-OpenData/CPBL-2024-OpenData.json,台鋼雄鷹,樂天桃猿,False,3,4,-1,0,1,2,0,1,1,0,32,7,1,9,0,0,1,1,3,0.42857142857142855,0.5,24,8.0,14,2,0,6,2.0,3.0,0,客場,敗,小敗,中等得分,中等失分,一般拉鋸型,攻勢受阻,穩定守成,6,中職2024年,57.0,2024-06-20 18:35,樂天桃園棒球場,樂天桃猿,False,3.0,4.0,-1.0,False,客場,敗,小敗,中等得分,中等失分,1.0,2.0,0.0,True,True,False,拉鋸型,32.0,7.0,1.0,9.0,0.0,0.0,1.0,1.0,3.0,0.428571428571429,0.5,零星攻勢,24.0,8.0,14.0,2.0,0.0,6.0,2.0,3.0,0.0,穩定守成
1005,CPBL-2024-xa-57,中職2024年,2024,57,2024-06-20 18:35:00,樂天桃園棒球場,v0.1.0-2024,G1-G360 regular season,https://github.com/rebas-tw/rebas.tw-open-data/releases/download/v0.1.0-2024/CPBL-2024-OpenData.zip,CPBL-2024-OpenData/CPBL-2024-OpenData.json,樂天桃猿,台鋼雄鷹,True,4,3,1,1,0,3,1,0,0,0,35,14,2,6,1,0,0,1,1,0.2857142857142857,4.0,27,9.0,7,1,1,9,0.8888888888888888,9.0,4,主場,勝,小勝,中等得分,中等失分,後段逆轉型,穩定攻擊,壓制力強,6,中職2024年,57.0,2024-06-20 18:35,樂天桃園棒球場,台鋼雄鷹,True,4.0,3.0,1.0,True,主場,勝,小勝,中等得分,中等失分,0.0,3.0,1.0,False,False,False,後段逆轉型,35.0,14.0,2.0,6.0,1.0,0.0,0.0,1.0,1.0,0.285714285714286,4.0,穩定攻擊,27.0,9.0,7.0,1.0,1.0,9.0,0.888888888888889,9.0,4.0,穩定守成
1006,CPBL-2024-xa-169,中職2024年,2024,169,2024-06-18 18:35:00,臺中市洲際棒球場,v0.1.0-2024,G1-G360 regular season,https://github.com/rebas-tw/rebas.tw-open-data/releases/download/v0.1.0-2024/CPBL-2024-OpenData.zip,CPBL-2024-OpenData/CPBL-2024-OpenData.json,富邦悍將,中信兄弟,False,2,9,-7,0,0,2,0,0,0,0,33,8,7,6,0,0,0,0,0,0.25,6.0,24,8.0,11,4,1,2,1.875,0.5,-12,客場,敗,大敗,低得分,高失分,一般拉鋸型,穩定攻擊,失分偏高,6,中職2024年,169.0,2024-06-18 18:35,臺中市洲際棒球場,中信兄弟,False,2.0,9.0,-7.0,False,客場,敗,大敗,低得分,高失分,0.0,2.0,0.0,False,False,False,被壓制型,33.0,8.0,7.0,6.0,0.0,0.0,0.0,0.0,0.0,0.25,6.0,低效進攻,24.0,8.0,11.0,4.0,1.0,2.0,1.875,0.5,-12.0,投打被突破
1007,CPBL-2024-xa-169,中職2024年,2024,169,2024-06-18 18:35:00,臺中市洲際棒球場,v0.1.0-2024,G1-G360 regular season,https://github.com/rebas-tw/rebas.tw-open-data/releases/download/v0.1.0-2024/CPBL-2024-OpenData.zip,CPBL-2024-OpenData/CPBL-2024-OpenData.json,中信兄弟,富邦悍將,True,9,2,7,1,1,3,5,1,1,1,31,11,4,2,2,0,1,3,5,0.8181818181818182,15.0,27,9.0,8,7,0,6,1.6666666666666667,0.8571428571428571,-3,主場,勝,大勝,高得分,低失分,領先守成型,火力強勢,穩定守成,6,中職2024年,169.0,2024-06-18 18:35,臺中市洲際棒球場,富邦悍將,True,9.0,2.0,7.0,True,主場,勝,大勝,高得分,低失分,1.0,3.0,5.0,True,True,True,全場壓制型,31.0,11.0,4.0,2.0,2.0,0.0,1.0,3.0,5.0,0.818181818181818,15.0,火力強勢,27.0,9.0,8.0,7.0,0.0,6.0,1.66666666666667,0.857142857142857,-3.0,普通防守
1008,CPBL-2024-xa-168,中職2024年,2024,168,2024-06-18 18:35:00,樂天桃園棒球場,v0.1.0-2024,G1-G360 regular season,https://github.com/rebas-tw/rebas.tw-open-data/releases/download/v0.1.0-2024/CPBL-2024-OpenData.zip,CPBL-2024-OpenData/CPBL-2024-OpenData.json,統一7-ELEVEn獅,樂天桃猿,False,2,5,-3,0,0,2,0,0,0,0,31,6,2,4,2,0,0,2,2,0.3333333333333333,4.0,24,8.0,12,1,2,6,1.625,6.0,-2,客場,敗,小敗,低得分,中等失分,一般拉鋸型,穩定攻擊,穩定守成,6,中職2024年,168.0,2024-06-18 18:35,樂天桃園棒球場,樂天桃猿,False,2.0,5.0,-3.0,False,客場,敗,小敗,低得分,中等失分,0.0,2.0,0.0,False,False,False,被壓制型,31.0,6.0,2.0,4.0,2.0,0.0,0.0,2.0,2.0,0.333333333333333,4.0,低效進攻,24.0,8.0,12.0,1.0,2.0,6.0,1.625,6.0,-2.0,失分偏高
1009,CPBL-2024-xa-168,中職2024年,2024,168,2024-06-18 18:35:00,樂天桃園棒球場,v0.1.0-2024,G1-G360 regular season,https://github.com/rebas-tw/rebas.tw-open-data/releases/download/v0.1.0-2024/CPBL-2024-OpenData.zip,CPBL-2024-OpenData/CPBL-2024-OpenData.json,樂天桃猿,統一7-ELEVEn獅,True,5,2,3,1,4,0,1,1,1,1,36,12,1,6,3,0,2,5,9,0.4166666666666667,8.0,27,9.0,6,2,0,4,0.8888888888888888,2.0,0,主場,勝,中幅勝,中等得分,低失分,領先守成型,火力強勢,穩定守成,6,中職2024年,168.0,2024-06-18 18:35,樂天桃園棒球場,統一7-ELEVEn獅,True,5.0,2.0,3.0,True,主場,勝,小勝,中等得分,低失分,4.0,0.0,1.0,True,True,True,全場壓制型,36.0,12.0,1.0,6.0,3.0,0.0,2.0,5.0,9.0,0.416666666666667,8.0,穩定攻擊,27.0,9.0,6.0,2.0,0.0,4.0,0.888888888888889,2.0,0.0,壓制力強
1010,CPBL-2024-xa-167,中職2024年,2024,167,2024-06-18 18:35:00,臺北市立天母棒球場,v0.1.0-2024,G1-G360 regular season,https://github.com/rebas-tw/rebas.tw-open-data/releases/download/v0.1.0-2024/CPBL-2024-OpenData.zip,CPBL-2024-OpenData/CPBL-2024-OpenData.json,台鋼雄鷹,味全龍,False,9,2,7,1,2,1,6,1,1,1,37,12,4,4,3,0,1,4,6,0.75,15.0,27,9.0,8,3,0,3,1.2222222222222223,1.0,-2,客場,勝,大勝,高得分,低失分,領先守成型,火力強勢,穩定守成,6,中職2024年,167.0,2024-06-18 18:35,臺北市立天母棒球場,味全龍,False,9.0,2.0,7.0,True,客場,勝,大勝,高得分,低失分,2.0,1.0,6.0,True,True,True,全場壓制型,37.0,12.0,4.0,4.0,3.0,0.0,1.0,4.0,6.0,0.75,15.0,火力強勢,27.0,9.0,8.0,3.0,0.0,3.0,1.22222222222222,1.0,-2.0,普通防守
1011,CPBL-2024-xa-167,中職2024年,2024,167,2024-06-18 18:35:00,臺北市立天母棒球場,v0.1.0-2024,G1-G360 regular season,https://github.com/rebas-tw/rebas.tw-open-data/releases/download/v0.1.0-2024/CPBL-2024-OpenData.zip,CPBL-2024-OpenData/CPBL-2024-OpenData.json,味全龍,台鋼雄鷹,True,2,9,-7,0,0,0,2,0,0,0,31,8,3,3,2,0,0,2,2,0.25,5.5,27,9.0,12,4,1,4,1.7777777777777777,1.0,-10,主場,敗,大敗,低得分,高失分,一般拉鋸型,穩定攻擊,失分偏高,6,中職2024年,167.0,2024-06-18 18:35,臺北市立天母棒球場,台鋼雄鷹,True,2.0,9.0,-7.0,False,主場,敗,大敗,低得分,高失分,0.0,0.0,2.0,False,False,False,被壓制型,31.0,8.0,3.0,3.0,2.0,0.0,0.0,2.0,2.0,0.25,5.5,低效進攻,27.0,9.0,12.0,4.0,1.0,4.0,1.77777777777778,1.0,-10.0,失分偏高
1012,CPBL-2024-xa-164,中職2024年,2024,164,2024-06-16 18:21:00,臺北市立天母棒球場,v0.1.0-2024,G1-G360 regular season,https://github.com/rebas-tw/rebas.tw-open-data/releases/download/v0.1.0-2024/CPBL-2024-OpenData.zip,CPBL-2024-OpenData/CPBL-2024-OpenData.json,樂天桃猿,味全龍,False,0,8,-8,0,0,0,0,0,0,0,26,2,4,4,0,0,0,0,0,0.0,2.0,24,8.0,12,3,0,3,1.875,1.0,-8,客場,敗,大敗,低得分,高失分,一般拉鋸型,攻勢受阻,失分偏高,6,中職2024年,164.0,2024-06-16 18:21,臺北市立天母棒球場,味全龍,False,0.0,8.0,-8.0,False,客場,敗,大敗,低得分,高失分,0.0,0.0,0.0,False,False,False,被壓制型,26.0,2.0,4.0,4.0,0.0,0.0,0.0,0.0,0.0,0.0,2.0,低效進攻,24.0,8.0,12.0,3.0,0.0,3.0,1.875,1.0,-8.0,投打被突破
1013,CPBL-2024-xa-164,中職2024年,2024,164,2024-06-16 18:21:00,臺北市立天母棒球場,v0.1.0-2024,G1-G360 regular season,https://github.com/rebas-tw/rebas.tw-open-data/releases/download/v0.1.0-2024/CPBL-2024-OpenData.zip,CPBL-2024-OpenData/CPBL-2024-OpenData.json,味全龍,樂天桃猿,True,8,0,8,1,7,0,1,1,1,1,36,12,3,3,2,0,0,2,2,0.6666666666666666,11.5,27,9.0,2,4,0,4,0.6666666666666666,1.0,0,主場,勝,大勝,高得分,低失分,領先守成型,火力強勢,穩定守成,6,中職2024年,164.0,2024-06-16 18:21,臺北市立天母棒球場,樂天桃猿,True,8.0,0.0,8.0,True,主場,勝,大勝,高得分,低失分,7.0,0.0,1.0,True,True,True,全場壓制型,36.0,12.0,3.0,3.0,2.0,0.0,0.0,2.0,2.0,0.666666666666667,11.5,穩定攻擊,27.0,9.0,2.0,4.0,0.0,4.0,0.666666666666667,1.0,0.0,壓制力強
1014,CPBL-2024-xa-166,中職2024年,2024,166,2024-06-16 17:05:00,新北市立新莊棒球場,v0.1.0-2024,G1-G360 regular season,https://github.com/rebas-tw/rebas.tw-open-data/releases/download/v0.1.0-2024/CPBL-2024-OpenData.zip,CPBL-2024-OpenData/CPBL-2024-OpenData.json,台鋼雄鷹,富邦悍將,False,8,6,2,1,3,4,1,1,1,1,30,10,8,2,1,0,1,2,4,0.8,17.0,27,9.0,14,6,0,6,2.2222222222222223,1.0,-6,客場,勝,中幅勝,高得分,高失分,領先守成型,火力強勢,失分偏高,6,中職2024年,166.0,2024-06-16 17:05,新北市立新莊棒球場,富邦悍將,False,8.0,6.0,2.0,True,客場,勝,小勝,高得分,高失分,3.0,4.0,1.0,True,True,True,全場壓制型,30.0,10.0,8.0,2.0,1.0,0.0,1.0,2.0,4.0,0.8,17.0,穩定攻擊,27.0,9.0,14.0,6.0,0.0,6.0,2.22222222222222,1.0,-6.0,投打被突破
1015,CPBL-2024-xa-166,中職2024年,2024,166,2024-06-16 17:05:00,新北市立新莊棒球場,v0.1.0-2024,G1-G360 regular season,https://github.com/rebas-tw/rebas.tw-open-data/releases/download/v0.1.0-2024/CPBL-2024-OpenData.zip,CPBL-2024-OpenData/CPBL-2024-OpenData.json,富邦悍將,台鋼雄鷹,True,6,8,-2,0,2,0,4,0,0,0,39,14,6,6,5,0,0,5,5,0.42857142857142855,14.0,27,9.0,10,8,1,2,2.0,0.25,-15,主場,敗,小敗,高得分,高失分,一般拉鋸型,火力強勢,失分偏高,6,中職2024年,166.0,2024-06-16 17:05,新北市立新莊棒球場,台鋼雄鷹,True,6.0,8.0,-2.0,False,主場,敗,小敗,高得分,高失分,2.0,0.0,4.0,False,False,False,被壓制型,39.0,14.0,6.0,6.0,5.0,0.0,0.0,5.0,5.0,0.428571428571429,14.0,火力強勢,27.0,9.0,10.0,8.0,1.0,2.0,2.0,0.25,-15.0,投打被突破
1016,CPBL-2024-xa-165,中職2024年,2024,165,2024-06-16 17:05:00,臺北大巨蛋,v0.1.0-2024,G1-G360 regular season,https://github.com/rebas-tw/rebas.tw-open-data/releases/download/v0.1.0-2024/CPBL-2024-OpenData.zip,CPBL-2024-OpenData/CPBL-2024-OpenData.json,統一7-ELEVEn獅,中信兄弟,False,11,2,9,1,5,6,0,1,1,1,33,9,6,2,1,1,1,3,6,1.2222222222222223,19.0,27,9.0,8,3,0,8,1.2222222222222223,2.6666666666666665,3,客場,勝,大勝,高得分,低失分,領先守成型,火力強勢,壓制力強,6,中職2024年,165.0,2024-06-16 17:05,臺北大巨蛋,中信兄弟,False,11.0,2.0,9.0,True,客場,勝,大勝,高得分,低失分,5.0,6.0,0.0,True,True,True,全場壓制型,33.0,9.0,6.0,2.0,1.0,1.0,1.0,3.0,6.0,1.22222222222222,19.0,火力強勢,27.0,9.0,8.0,3.0,0.0,8.0,1.22222222222222,2.66666666666667,3.0,穩定守成
1017,CPBL-2024-xa-165,中職2024年,2024,165,2024-06-16 17:05:00,臺北大巨蛋,v0.1.0-2024,G1-G360 regular season,https://github.com/rebas-tw/rebas.tw-open-data/releases/download/v0.1.0-2024/CPBL-2024-OpenData.zip,CPBL-2024-OpenData/CPBL-2024-OpenData.json,中信兄弟,統一7-ELEVEn獅,True,2,11,-9,0,0,2,0,0,0,0,33,8,3,8,1,1,0,2,3,0.25,3.0,27,9.0,9,6,1,2,1.6666666666666667,0.3333333333333333,-16,主場,敗,大敗,低得分,高失分,一般拉鋸型,穩定攻擊,失分偏高,6,中職2024年,165.0,2024-06-16 17:05,臺北大巨蛋,統一7-ELEVEn獅,True,2.0,11.0,-9.0,False,主場,敗,大敗,低得分,高失分,0.0,2.0,0.0,False,False,False,被壓制型,33.0,8.0,3.0,8.0,1.0,1.0,0.0,2.0,3.0,0.25,3.0,攻勢受阻,27.0,9.0,9.0,6.0,1.0,2.0,1.66666666666667,0.333333333333333,-16.0,失分偏高
1018,CPBL-2024-xa-163,中職2024年,2024,163,2024-06-15 17:06:00,新北市立新莊棒球場,v0.1.0-2024,G1-G360 regular season,https://github.com/rebas-tw/rebas.tw-open-data/releases/download/v0.1.0-2024/CPBL-2024-OpenData.zip,CPBL-2024-OpenData/CPBL-2024-OpenData.json,台鋼雄鷹,富邦悍將,False,8,3,5,1,3,1,4,1,1,1,33,12,3,7,2,0,4,6,14,0.6666666666666666,13.5,27,9.0,10,4,0,5,1.5555555555555556,1.25,-2,客場,勝,大勝,高得分,中等失分,領先守成型,火力強勢,穩定守成,6,中職2024年,163.0,2024-06-15 17:06,新北市立新莊棒球場,富邦悍將,False,8.0,3.0,5.0,True,客場,勝,大勝,高得分,中等失分,3.0,1.0,4.0,True,True,True,全場壓制型,33.0,12.0,3.0,7.0,2.0,0.0,4.0,6.0,14.0,0.666666666666667,13.5,火力強勢,27.0,9.0,10.0,4.0,0.0,5.0,1.55555555555556,1.25,-2.0,普通防守
1019,CPBL-2024-xa-163,中職2024年,2024,163,2024-06-15 17:06:00,新北市立新莊棒球場,v0.1.0-2024,G1-G360 regular season,https://github.com/rebas-tw/rebas.tw-open-data/releases/download/v0.1.0-2024/CPBL-2024-OpenData.zip,CPBL-2024-OpenData/CPBL-2024-OpenData.json,富邦悍將,台鋼雄鷹,True,3,8,-5,0,2,1,0,0,0,0,35,10,4,5,2,0,0,2,2,0.3,6.5,27,9.0,12,3,4,7,1.6666666666666667,2.3333333333333335,-8,主場,敗,大敗,中等得分,高失分,一般拉鋸型,穩定攻擊,失分偏高,6,中職2024年,163.0,2024-06-15 17:06,新北市立新莊棒球場,台鋼雄鷹,True,3.0,8.0,-5.0,False,主場,敗,大敗,中等得分,高失分,2.0,1.0,0.0,False,False,False,被壓制型,35.0,10.0,4.0,5.0,2.0,0.0,0.0,2.0,2.0,0.3,6.5,穩定攻擊,27.0,9.0,12.0,3.0,4.0,7.0,1.66666666666667,2.33333333333333,-8.0,失分偏高
1020,CPBL-2024-xa-162,中職2024年,2024,162,2024-06-15 17:05:00,臺北大巨蛋,v0.1.0-2024,G1-G360 regular season,https://github.com/rebas-tw/rebas.tw-open-data/releases/download/v0.1.0-2024/CPBL-2024-OpenData.zip,CPBL-2024-OpenData/CPBL-2024-OpenData.json,統一7-ELEVEn獅,中信兄弟,False,2,6,-4,0,2,0,0,1,1,1,32,6,2,8,1,0,1,2,4,0.3333333333333333,2.0,24,8.0,14,2,0,12,2.0,6.0,4,客場,敗,大敗,低得分,高失分,後段失守型,攻勢受阻,壓制力強,6,中職2024年,162.0,2024-06-15 17:05,臺北大巨蛋,中信兄弟,False,2.0,6.0,-4.0,False,客場,敗,小敗,低得分,高失分,2.0,0.0,0.0,True,True,True,拉鋸型,32.0,6.0,2.0,8.0,1.0,0.0,1.0,2.0,4.0,0.333333333333333,2.0,攻勢受阻,24.0,8.0,14.0,2.0,0.0,12.0,2.0,6.0,4.0,投打被突破
1021,CPBL-2024-xa-162,中職2024年,2024,162,2024-06-15 17:05:00,臺北大巨蛋,v0.1.0-2024,G1-G360 regular season,https://github.com/rebas-tw/rebas.tw-open-data/releases/download/v0.1.0-2024/CPBL-2024-OpenData.zip,CPBL-2024-OpenData/CPBL-2024-OpenData.json,中信兄弟,統一7-ELEVEn獅,True,6,2,4,1,0,1,5,0,0,0,36,14,2,12,4,0,0,4,4,0.42857142857142855,6.0,27,9.0,6,2,1,8,0.8888888888888888,4.0,3,主場,勝,中幅勝,高得分,低失分,後段逆轉型,穩定攻擊,壓制力強,6,中職2024年,162.0,2024-06-15 17:05,臺北大巨蛋,統一7-ELEVEn獅,True,6.0,2.0,4.0,True,主場,勝,小勝,高得分,低失分,0.0,1.0,5.0,False,False,False,後段逆轉型,36.0,14.0,2.0,12.0,4.0,0.0,0.0,4.0,4.0,0.428571428571429,6.0,火力強勢,27.0,9.0,6.0,2.0,1.0,8.0,0.888888888888889,4.0,3.0,壓制力強
1022,CPBL-2024-xa-161,中職2024年,2024,161,2024-06-15 17:05:00,臺北市立天母棒球場,v0.1.0-2024,G1-G360 regular season,https://github.com/rebas-tw/rebas.tw-open-data/releases/download/v0.1.0-2024/CPBL-2024-OpenData.zip,CPBL-2024-OpenData/CPBL-2024-OpenData.json,樂天桃猿,味全龍,False,5,2,3,1,3,0,2,1,1,1,34,8,3,10,1,1,2,4,9,0.625,7.0,27,9.0,5,1,0,2,0.6666666666666666,2.0,-1,客場,勝,中幅勝,中等得分,低失分,領先守成型,穩定攻擊,穩定守成,6,中職2024年,161.0,2024-06-15 17:05,臺北市立天母棒球場,味全龍,False,5.0,2.0,3.0,True,客場,勝,小勝,中等得分,低失分,3.0,0.0,2.0,True,True,True,全場壓制型,34.0,8.0,3.0,10.0,1.0,1.0,2.0,4.0,9.0,0.625,7.0,穩定攻擊,27.0,9.0,5.0,1.0,0.0,2.0,0.666666666666667,2.0,-1.0,壓制力強
1023,CPBL-2024-xa-161,中職2024年,2024,161,2024-06-15 17:05:00,臺北市立天母棒球場,v0.1.0-2024,G1-G360 regular season,https://github.com/rebas-tw/rebas.tw-open-data/releases/download/v0.1.0-2024/CPBL-2024-OpenData.zip,CPBL-2024-OpenData/CPBL-2024-OpenData.json,味全龍,樂天桃猿,True,2,5,-3,0,0,0,2,0,0,0,31,5,1,2,4,1,0,5,6,0.4,7.0,27,9.0,8,3,2,10,1.2222222222222223,3.3333333333333335,0,主場,敗,小敗,低得分,中等失分,一般拉鋸型,穩定攻擊,穩定守成,6,中職2024年,161.0,2024-06-15 17:05,臺北市立天母棒球場,樂天桃猿,True,2.0,5.0,-3.0,False,主場,敗,小敗,低得分,中等失分,0.0,0.0,2.0,False,False,False,被壓制型,31.0,5.0,1.0,2.0,4.0,1.0,0.0,5.0,6.0,0.4,7.0,低效進攻,27.0,9.0,8.0,3.0,2.0,10.0,1.22222222222222,3.33333333333333,0.0,失分偏高
1024,CPBL-2024-xa-160,中職2024年,2024,160,2024-06-14 18:35:00,新北市立新莊棒球場,v0.1.0-2024,G1-G360 regular season,https://github.com/rebas-tw/rebas.tw-open-data/releases/download/v0.1.0-2024/CPBL-2024-OpenData.zip,CPBL-2024-OpenData/CPBL-2024-OpenData.json,味全龍,富邦悍將,False,9,6,3,1,1,3,5,1,1,0,40,11,7,6,0,0,1,1,3,0.8181818181818182,14.0,27,9.0,11,1,0,8,1.3333333333333333,8.0,1,客場,勝,中幅勝,高得分,高失分,後段逆轉型,火力強勢,穩定守成,6,中職2024年,160.0,2024-06-14 18:35,新北市立新莊棒球場,富邦悍將,False,9.0,6.0,3.0,True,客場,勝,小勝,高得分,高失分,1.0,3.0,5.0,True,True,False,後段逆轉型,40.0,11.0,7.0,6.0,0.0,0.0,1.0,1.0,3.0,0.818181818181818,14.0,穩定攻擊,27.0,9.0,11.0,1.0,0.0,8.0,1.33333333333333,8.0,1.0,失分偏高
1025,CPBL-2024-xa-160,中職2024年,2024,160,2024-06-14 18:35:00,新北市立新莊棒球場,v0.1.0-2024,G1-G360 regular season,https://github.com/rebas-tw/rebas.tw-open-data/releases/download/v0.1.0-2024/CPBL-2024-OpenData.zip,CPBL-2024-OpenData/CPBL-2024-OpenData.json,富邦悍將,味全龍,True,6,9,-3,0,0,6,0,0,0,1,34,11,1,8,3,0,0,3,3,0.5454545454545454,6.0,27,9.0,11,7,1,6,2.0,0.8571428571428571,-11,主場,敗,小敗,高得分,高失分,後段失守型,穩定攻擊,失分偏高,6,中職2024年,160.0,2024-06-14 18:35,新北市立新莊棒球場,味全龍,True,6.0,9.0,-3.0,False,主場,敗,小敗,高得分,高失分,0.0,6.0,0.0,False,False,True,拉鋸型,34.0,11.0,1.0,8.0,3.0,0.0,0.0,3.0,3.0,0.545454545454545,6.0,火力強勢,27.0,9.0,11.0,7.0,1.0,6.0,2.0,0.857142857142857,-11.0,投打被突破
1026,CPBL-2024-xa-159,中職2024年,2024,159,2024-06-14 18:36:00,臺北大巨蛋,v0.1.0-2024,G1-G360 regular season,https://github.com/rebas-tw/rebas.tw-open-data/releases/download/v0.1.0-2024/CPBL-2024-OpenData.zip,CPBL-2024-OpenData/CPBL-2024-OpenData.json,樂天桃猿,中信兄弟,False,2,5,-3,0,0,0,2,0,0,0,31,5,1,7,0,0,0,0,0,0.4,-0.5,24,8.0,8,7,1,6,1.875,0.8571428571428571,-7,客場,敗,小敗,低得分,中等失分,一般拉鋸型,攻勢受阻,失分偏高,6,中職2024年,159.0,2024-06-14 18:36,臺北大巨蛋,中信兄弟,False,2.0,5.0,-3.0,False,客場,敗,小敗,低得分,中等失分,0.0,0.0,2.0,False,False,False,被壓制型,31.0,5.0,1.0,7.0,0.0,0.0,0.0,0.0,0.0,0.4,-0.5,低效進攻,24.0,8.0,8.0,7.0,1.0,6.0,1.875,0.857142857142857,-7.0,失分偏高
1027,CPBL-2024-xa-159,中職2024年,2024,159,2024-06-14 18:36:00,臺北大巨蛋,v0.1.0-2024,G1-G360 regular season,https://github.com/rebas-tw/rebas.tw-open-data/releases/download/v0.1.0-2024/CPBL-2024-OpenData.zip,CPBL-2024-OpenData/CPBL-2024-OpenData.json,中信兄弟,樂天桃猿,True,5,2,3,1,0,5,0,1,0,1,30,8,7,6,1,0,1,2,4,0.625,11.0,27,9.0,5,1,0,7,0.6666666666666666,7.0,4,主場,勝,中幅勝,中等得分,低失分,領先守成型,火力強勢,壓制力強,6,中職2024年,159.0,2024-06-14 18:36,臺北大巨蛋,樂天桃猿,True,5.0,2.0,3.0,True,主場,勝,小勝,中等得分,低失分,0.0,5.0,0.0,True,False,True,拉鋸型,30.0,8.0,7.0,6.0,1.0,0.0,1.0,2.0,4.0,0.625,11.0,穩定攻擊,27.0,9.0,5.0,1.0,0.0,7.0,0.666666666666667,7.0,4.0,壓制力強
1028,CPBL-2024-xa-158,中職2024年,2024,158,2024-06-14 18:35:00,澄清湖棒球場,v0.1.0-2024,G1-G360 regular season,https://github.com/rebas-tw/rebas.tw-open-data/releases/download/v0.1.0-2024/CPBL-2024-OpenData.zip,CPBL-2024-OpenData/CPBL-2024-OpenData.json,統一7-ELEVEn獅,台鋼雄鷹,False,3,9,-6,0,1,1,1,0,0,0,34,8,4,7,1,2,0,3,5,0.375,6.5,24,8.0,12,5,3,3,2.125,0.6,-14,客場,敗,大敗,中等得分,高失分,一般拉鋸型,穩定攻擊,失分偏高,6,中職2024年,158.0,2024-06-14 18:35,澄清湖棒球場,台鋼雄鷹,False,3.0,9.0,-6.0,False,客場,敗,大敗,中等得分,高失分,1.0,1.0,1.0,False,False,False,被壓制型,34.0,8.0,4.0,7.0,1.0,2.0,0.0,3.0,5.0,0.375,6.5,穩定攻擊,24.0,8.0,12.0,5.0,3.0,3.0,2.125,0.6,-14.0,投打被突破
1029,CPBL-2024-xa-158,中職2024年,2024,158,2024-06-14 18:35:00,澄清湖棒球場,v0.1.0-2024,G1-G360 regular season,https://github.com/rebas-tw/rebas.tw-open-data/releases/download/v0.1.0-2024/CPBL-2024-OpenData.zip,CPBL-2024-OpenData/CPBL-2024-OpenData.json,台鋼雄鷹,統一7-ELEVEn獅,True,9,3,6,1,3,4,2,0,1,1,35,12,5,3,4,0,3,7,13,0.75,19.5,27,9.0,8,4,0,7,1.3333333333333333,1.75,0,主場,勝,大勝,高得分,中等失分,領先守成型,火力強勢,穩定守成,6,中職2024年,158.0,2024-06-14 18:35,澄清湖棒球場,統一7-ELEVEn獅,True,9.0,3.0,6.0,True,主場,勝,大勝,高得分,中等失分,3.0,4.0,2.0,False,True,True,全場壓制型,35.0,12.0,5.0,3.0,4.0,0.0,3.0,7.0,13.0,0.75,19.5,火力強勢,27.0,9.0,8.0,4.0,0.0,7.0,1.33333333333333,1.75,0.0,穩定守成
1030,CPBL-2024-xa-157,中職2024年,2024,157,2024-06-13 18:35:00,新北市立新莊棒球場,v0.1.0-2024,G1-G360 regular season,https://github.com/rebas-tw/rebas.tw-open-data/releases/download/v0.1.0-2024/CPBL-2024-OpenData.zip,CPBL-2024-OpenData/CPBL-2024-OpenData.json,味全龍,富邦悍將,False,5,6,-1,0,4,0,0,1,1,1,34,9,2,8,1,0,1,2,4,0.5555555555555556,5.0,27,9.0,10,4,2,8,1.5555555555555556,2.0,-4,客場,敗,小敗,中等得分,高失分,後段失守型,穩定攻擊,失分偏高,6,中職2024年,157.0,2024-06-13 18:35,新北市立新莊棒球場,富邦悍將,False,5.0,6.0,-1.0,False,客場,敗,小敗,中等得分,高失分,4.0,0.0,0.0,True,True,True,拉鋸型,34.0,9.0,2.0,8.0,1.0,0.0,1.0,2.0,4.0,0.555555555555556,5.0,穩定攻擊,27.0,9.0,10.0,4.0,2.0,8.0,1.55555555555556,2.0,-4.0,失分偏高
1031,CPBL-2024-xa-157,中職2024年,2024,157,2024-06-13 18:35:00,新北市立新莊棒球場,v0.1.0-2024,G1-G360 regular season,https://github.com/rebas-tw/rebas.tw-open-data/releases/download/v0.1.0-2024/CPBL-2024-OpenData.zip,CPBL-2024-OpenData/CPBL-2024-OpenData.json,富邦悍將,味全龍,True,6,5,1,1,1,1,2,0,0,0,37,10,4,8,1,0,2,3,7,0.6,9.0,30,10.0,9,2,1,8,1.1,4.0,0,主場,勝,小勝,高得分,中等失分,後段逆轉型,火力強勢,穩定守成,6,中職2024年,157.0,2024-06-13 18:35,新北市立新莊棒球場,味全龍,True,6.0,5.0,1.0,True,主場,勝,小勝,高得分,中等失分,1.0,1.0,2.0,False,False,False,後段逆轉型,37.0,10.0,4.0,8.0,1.0,0.0,2.0,3.0,7.0,0.6,9.0,火力強勢,30.0,10.0,9.0,2.0,1.0,8.0,1.1,4.0,0.0,失分偏高
1032,CPBL-2024-xa-156,中職2024年,2024,156,2024-06-13 18:35:00,臺中市洲際棒球場,v0.1.0-2024,G1-G360 regular season,https://github.com/rebas-tw/rebas.tw-open-data/releases/download/v0.1.0-2024/CPBL-2024-OpenData.zip,CPBL-2024-OpenData/CPBL-2024-OpenData.json,樂天桃猿,中信兄弟,False,3,2,1,1,1,0,2,1,0,0,33,7,2,5,1,1,0,2,3,0.42857142857142855,4.5,27,9.0,5,6,0,6,1.2222222222222223,1.0,-2,客場,勝,小勝,中等得分,低失分,後段逆轉型,穩定攻擊,穩定守成,6,中職2024年,156.0,2024-06-13 18:35,臺中市洲際棒球場,中信兄弟,False,3.0,2.0,1.0,True,客場,勝,小勝,中等得分,低失分,1.0,0.0,2.0,True,False,False,後段逆轉型,33.0,7.0,2.0,5.0,1.0,1.0,0.0,2.0,3.0,0.428571428571429,4.5,零星攻勢,27.0,9.0,5.0,6.0,0.0,6.0,1.22222222222222,1.0,-2.0,普通防守
1033,CPBL-2024-xa-156,中職2024年,2024,156,2024-06-13 18:35:00,臺中市洲際棒球場,v0.1.0-2024,G1-G360 regular season,https://github.com/rebas-tw/rebas.tw-open-data/releases/download/v0.1.0-2024/CPBL-2024-OpenData.zip,CPBL-2024-OpenData/CPBL-2024-OpenData.json,中信兄弟,樂天桃猿,True,2,3,-1,0,1,1,0,0,0,1,29,5,6,6,1,0,0,1,1,0.4,6.0,27,9.0,7,2,0,5,1.0,2.5,0,主場,敗,小敗,低得分,中等失分,後段失守型,穩定攻擊,穩定守成,6,中職2024年,156.0,2024-06-13 18:35,臺中市洲際棒球場,樂天桃猿,True,2.0,3.0,-1.0,False,主場,敗,小敗,低得分,中等失分,1.0,1.0,0.0,False,False,True,拉鋸型,29.0,5.0,6.0,6.0,1.0,0.0,0.0,1.0,1.0,0.4,6.0,低效進攻,27.0,9.0,7.0,2.0,0.0,5.0,1.0,2.5,0.0,穩定守成
1034,CPBL-2024-xa-155,中職2024年,2024,155,2024-06-13 18:35:00,澄清湖棒球場,v0.1.0-2024,G1-G360 regular season,https://github.com/rebas-tw/rebas.tw-open-data/releases/download/v0.1.0-2024/CPBL-2024-OpenData.zip,CPBL-2024-OpenData/CPBL-2024-OpenData.json,統一7-ELEVEn獅,台鋼雄鷹,False,2,5,-3,0,0,1,1,0,0,0,34,7,3,10,2,0,1,3,5,0.2857142857142857,3.0,24,8.0,6,4,2,4,1.25,1.0,-7,客場,敗,小敗,低得分,中等失分,一般拉鋸型,穩定攻擊,失分偏高,6,中職2024年,155.0,2024-06-13 18:35,澄清湖棒球場,台鋼雄鷹,False,2.0,5.0,-3.0,False,客場,敗,小敗,低得分,中等失分,0.0,1.0,1.0,False,False,False,被壓制型,34.0,7.0,3.0,10.0,2.0,0.0,1.0,3.0,5.0,0.285714285714286,3.0,攻勢受阻,24.0,8.0,6.0,4.0,2.0,4.0,1.25,1.0,-7.0,失分偏高
1035,CPBL-2024-xa-155,中職2024年,2024,155,2024-06-13 18:35:00,澄清湖棒球場,v0.1.0-2024,G1-G360 regular season,https://github.com/rebas-tw/rebas.tw-open-data/releases/download/v0.1.0-2024/CPBL-2024-OpenData.zip,CPBL-2024-OpenData/CPBL-2024-OpenData.json,台鋼雄鷹,統一7-ELEVEn獅,True,5,2,3,1,1,1,3,1,1,1,28,6,4,4,1,0,2,3,7,0.8333333333333334,10.0,27,9.0,7,3,1,10,1.1111111111111112,3.3333333333333335,4,主場,勝,中幅勝,中等得分,低失分,領先守成型,火力強勢,壓制力強,6,中職2024年,155.0,2024-06-13 18:35,澄清湖棒球場,統一7-ELEVEn獅,True,5.0,2.0,3.0,True,主場,勝,小勝,中等得分,低失分,1.0,1.0,3.0,True,True,True,全場壓制型,28.0,6.0,4.0,4.0,1.0,0.0,2.0,3.0,7.0,0.833333333333333,10.0,零星攻勢,27.0,9.0,7.0,3.0,1.0,10.0,1.11111111111111,3.33333333333333,4.0,壓制力強
1036,CPBL-2024-xa-142,中職2024年,2024,142,2024-06-11 18:35:00,新北市立新莊棒球場,v0.1.0-2024,G1-G360 regular season,https://github.com/rebas-tw/rebas.tw-open-data/releases/download/v0.1.0-2024/CPBL-2024-OpenData.zip,CPBL-2024-OpenData/CPBL-2024-OpenData.json,味全龍,富邦悍將,False,4,2,2,1,3,1,0,0,1,1,34,7,3,5,2,1,1,4,7,0.5714285714285714,8.5,27,9.0,6,2,1,4,0.8888888888888888,2.0,-1,客場,勝,中幅勝,中等得分,低失分,領先守成型,火力強勢,穩定守成,6,中職2024年,142.0,2024-06-11 18:35,新北市立新莊棒球場,富邦悍將,False,4.0,2.0,2.0,True,客場,勝,小勝,中等得分,低失分,3.0,1.0,0.0,False,True,True,全場壓制型,34.0,7.0,3.0,5.0,2.0,1.0,1.0,4.0,7.0,0.571428571428571,8.5,零星攻勢,27.0,9.0,6.0,2.0,1.0,4.0,0.888888888888889,2.0,-1.0,壓制力強
1037,CPBL-2024-xa-142,中職2024年,2024,142,2024-06-11 18:35:00,新北市立新莊棒球場,v0.1.0-2024,G1-G360 regular season,https://github.com/rebas-tw/rebas.tw-open-data/releases/download/v0.1.0-2024/CPBL-2024-OpenData.zip,CPBL-2024-OpenData/CPBL-2024-OpenData.json,富邦悍將,味全龍,True,2,4,-2,0,1,0,1,0,0,0,31,6,2,4,2,0,1,3,5,0.3333333333333333,5.0,27,9.0,7,3,1,5,1.1111111111111112,1.6666666666666667,-3,主場,敗,小敗,低得分,中等失分,一般拉鋸型,穩定攻擊,穩定守成,6,中職2024年,142.0,2024-06-11 18:35,新北市立新莊棒球場,味全龍,True,2.0,4.0,-2.0,False,主場,敗,小敗,低得分,中等失分,1.0,0.0,1.0,False,False,False,被壓制型,31.0,6.0,2.0,4.0,2.0,0.0,1.0,3.0,5.0,0.333333333333333,5.0,低效進攻,27.0,9.0,7.0,3.0,1.0,5.0,1.11111111111111,1.66666666666667,-3.0,普通防守
1038,CPBL-2024-xa-140,中職2024年,2024,140,2024-06-11 18:36:00,樂天桃園棒球場,v0.1.0-2024,G1-G360 regular season,https://github.com/rebas-tw/rebas.tw-open-data/releases/download/v0.1.0-2024/CPBL-2024-OpenData.zip,CPBL-2024-OpenData/CPBL-2024-OpenData.json,中信兄弟,樂天桃猿,False,1,4,-3,0,1,0,0,0,0,0,26,3,4,6,0,0,1,1,3,0.3333333333333333,3.0,24,8.0,10,1,1,3,1.375,3.0,-3,客場,敗,小敗,低得分,中等失分,一般拉鋸型,穩定攻擊,穩定守成,6,中職2024年,140.0,2024-06-11 18:36,樂天桃園棒球場,樂天桃猿,False,1.0,4.0,-3.0,False,客場,敗,小敗,低得分,中等失分,1.0,0.0,0.0,False,False,False,被壓制型,26.0,3.0,4.0,6.0,0.0,0.0,1.0,1.0,3.0,0.333333333333333,3.0,低效進攻,24.0,8.0,10.0,1.0,1.0,3.0,1.375,3.0,-3.0,普通防守
1039,CPBL-2024-xa-140,中職2024年,2024,140,2024-06-11 18:36:00,樂天桃園棒球場,v0.1.0-2024,G1-G360 regular season,https://github.com/rebas-tw/rebas.tw-open-data/releases/download/v0.1.0-2024/CPBL-2024-OpenData.zip,CPBL-2024-OpenData/CPBL-2024-OpenData.json,樂天桃猿,中信兄弟,True,4,1,3,1,2,0,2,1,1,1,32,10,1,3,1,1,1,3,6,0.4,6.5,27,9.0,3,4,1,6,0.7777777777777778,1.5,0,主場,勝,中幅勝,中等得分,低失分,領先守成型,穩定攻擊,穩定守成,6,中職2024年,140.0,2024-06-11 18:36,樂天桃園棒球場,中信兄弟,True,4.0,1.0,3.0,True,主場,勝,小勝,中等得分,低失分,2.0,0.0,2.0,True,True,True,全場壓制型,32.0,10.0,1.0,3.0,1.0,1.0,1.0,3.0,6.0,0.4,6.5,穩定攻擊,27.0,9.0,3.0,4.0,1.0,6.0,0.777777777777778,1.5,0.0,壓制力強
1040,CPBL-2024-xa-154,中職2024年,2024,154,2024-06-10 17:05:00,新北市立新莊棒球場,v0.1.0-2024,G1-G360 regular season,https://github.com/rebas-tw/rebas.tw-open-data/releases/download/v0.1.0-2024/CPBL-2024-OpenData.zip,CPBL-2024-OpenData/CPBL-2024-OpenData.json,中信兄弟,富邦悍將,False,3,5,-2,0,0,3,0,0,0,0,33,7,6,9,0,1,1,2,5,0.42857142857142855,6.5,24,8.0,8,3,1,8,1.375,2.6666666666666665,-1,客場,敗,小敗,中等得分,中等失分,一般拉鋸型,穩定攻擊,穩定守成,6,中職2024年,154.0,2024-06-10 17:05,新北市立新莊棒球場,富邦悍將,False,3.0,5.0,-2.0,False,客場,敗,小敗,中等得分,中等失分,0.0,3.0,0.0,False,False,False,被壓制型,33.0,7.0,6.0,9.0,0.0,1.0,1.0,2.0,5.0,0.428571428571429,6.5,零星攻勢,24.0,8.0,8.0,3.0,1.0,8.0,1.375,2.66666666666667,-1.0,失分偏高
1041,CPBL-2024-xa-154,中職2024年,2024,154,2024-06-10 17:05:00,新北市立新莊棒球場,v0.1.0-2024,G1-G360 regular season,https://github.com/rebas-tw/rebas.tw-open-data/releases/download/v0.1.0-2024/CPBL-2024-OpenData.zip,CPBL-2024-OpenData/CPBL-2024-OpenData.json,富邦悍將,中信兄弟,True,5,3,2,1,2,1,2,1,1,0,30,8,3,8,0,1,1,2,5,0.625,6.0,27,9.0,7,6,1,9,1.4444444444444444,1.5,-1,主場,勝,中幅勝,中等得分,中等失分,後段逆轉型,穩定攻擊,穩定守成,6,中職2024年,154.0,2024-06-10 17:05,新北市立新莊棒球場,中信兄弟,True,5.0,3.0,2.0,True,主場,勝,小勝,中等得分,中等失分,2.0,1.0,2.0,True,True,False,後段逆轉型,30.0,8.0,3.0,8.0,0.0,1.0,1.0,2.0,5.0,0.625,6.0,穩定攻擊,27.0,9.0,7.0,6.0,1.0,9.0,1.44444444444444,1.5,-1.0,普通防守
1042,CPBL-2024-xa-153,中職2024年,2024,153,2024-06-10 17:00:00,臺南市立棒球場,v0.1.0-2024,G1-G360 regular season,https://github.com/rebas-tw/rebas.tw-open-data/releases/download/v0.1.0-2024/CPBL-2024-OpenData.zip,CPBL-2024-OpenData/CPBL-2024-OpenData.json,樂天桃猿,統一7-ELEVEn獅,False,5,3,2,1,1,0,4,0,0,0,33,7,6,5,0,0,0,0,0,0.7142857142857143,8.5,27,9.0,8,1,1,7,1.0,7.0,2,客場,勝,中幅勝,中等得分,中等失分,後段逆轉型,火力強勢,壓制力強,6,中職2024年,153.0,2024-06-10 17:00,臺南市立棒球場,統一7-ELEVEn獅,False,5.0,3.0,2.0,True,客場,勝,小勝,中等得分,中等失分,1.0,0.0,4.0,False,False,False,後段逆轉型,33.0,7.0,6.0,5.0,0.0,0.0,0.0,0.0,0.0,0.714285714285714,8.5,零星攻勢,27.0,9.0,8.0,1.0,1.0,7.0,1.0,7.0,2.0,穩定守成
1043,CPBL-2024-xa-153,中職2024年,2024,153,2024-06-10 17:00:00,臺南市立棒球場,v0.1.0-2024,G1-G360 regular season,https://github.com/rebas-tw/rebas.tw-open-data/releases/download/v0.1.0-2024/CPBL-2024-OpenData.zip,CPBL-2024-OpenData/CPBL-2024-OpenData.json,統一7-ELEVEn獅,樂天桃猿,True,3,5,-2,0,3,0,0,0,1,1,34,8,1,7,0,1,1,2,5,0.375,2.5,27,9.0,7,6,0,5,1.4444444444444444,0.8333333333333334,-6,主場,敗,小敗,中等得分,中等失分,後段失守型,攻勢受阻,失分偏高,6,中職2024年,153.0,2024-06-10 17:00,臺南市立棒球場,樂天桃猿,True,3.0,5.0,-2.0,False,主場,敗,小敗,中等得分,中等失分,3.0,0.0,0.0,False,True,True,拉鋸型,34.0,8.0,1.0,7.0,0.0,1.0,1.0,2.0,5.0,0.375,2.5,穩定攻擊,27.0,9.0,7.0,6.0,0.0,5.0,1.44444444444444,0.833333333333333,-6.0,失分偏高
1044,CPBL-2024-xa-152,中職2024年,2024,152,2024-06-10 17:05:00,澄清湖棒球場,v0.1.0-2024,G1-G360 regular season,https://github.com/rebas-tw/rebas.tw-open-data/releases/download/v0.1.0-2024/CPBL-2024-OpenData.zip,CPBL-2024-OpenData/CPBL-2024-OpenData.json,味全龍,台鋼雄鷹,False,2,3,-1,0,0,1,1,0,0,0,31,5,3,7,2,0,0,2,2,0.4,3.5,24,8.0,7,1,0,11,1.0,11.0,7,客場,敗,小敗,低得分,中等失分,一般拉鋸型,穩定攻擊,壓制力強,6,中職2024年,152.0,2024-06-10 17:05,澄清湖棒球場,台鋼雄鷹,False,2.0,3.0,-1.0,False,客場,敗,小敗,低得分,中等失分,0.0,1.0,1.0,False,False,False,被壓制型,31.0,5.0,3.0,7.0,2.0,0.0,0.0,2.0,2.0,0.4,3.5,低效進攻,24.0,8.0,7.0,1.0,0.0,11.0,1.0,11.0,7.0,穩定守成
1045,CPBL-2024-xa-152,中職2024年,2024,152,2024-06-10 17:05:00,澄清湖棒球場,v0.1.0-2024,G1-G360 regular season,https://github.com/rebas-tw/rebas.tw-open-data/releases/download/v0.1.0-2024/CPBL-2024-OpenData.zip,CPBL-2024-OpenData/CPBL-2024-OpenData.json,台鋼雄鷹,味全龍,True,3,2,1,1,0,1,2,1,0,0,32,7,1,11,0,1,0,1,2,0.42857142857142855,-0.5,27,9.0,5,3,0,7,0.8888888888888888,2.3333333333333335,2,主場,勝,小勝,中等得分,低失分,後段逆轉型,攻勢受阻,壓制力強,6,中職2024年,152.0,2024-06-10 17:05,澄清湖棒球場,味全龍,True,3.0,2.0,1.0,True,主場,勝,小勝,中等得分,低失分,0.0,1.0,2.0,True,False,False,後段逆轉型,32.0,7.0,1.0,11.0,0.0,1.0,0.0,1.0,2.0,0.428571428571429,-0.5,零星攻勢,27.0,9.0,5.0,3.0,0.0,7.0,0.888888888888889,2.33333333333333,2.0,壓制力強
1046,CPBL-2024-xa-151,中職2024年,2024,151,2024-06-09 17:00:00,臺南市立棒球場,v0.1.0-2024,G1-G360 regular season,https://github.com/rebas-tw/rebas.tw-open-data/releases/download/v0.1.0-2024/CPBL-2024-OpenData.zip,CPBL-2024-OpenData/CPBL-2024-OpenData.json,味全龍,統一7-ELEVEn獅,False,3,2,1,1,2,1,0,1,1,1,35,10,0,4,1,0,2,3,7,0.3,4.0,27,9.0,7,5,0,6,1.3333333333333333,1.2,-1,客場,勝,小勝,中等得分,低失分,領先守成型,穩定攻擊,穩定守成,6,中職2024年,151.0,2024-06-09 17:00,臺南市立棒球場,統一7-ELEVEn獅,False,3.0,2.0,1.0,True,客場,勝,小勝,中等得分,低失分,2.0,1.0,0.0,True,True,True,全場壓制型,35.0,10.0,0.0,4.0,1.0,0.0,2.0,3.0,7.0,0.3,4.0,穩定攻擊,27.0,9.0,7.0,5.0,0.0,6.0,1.33333333333333,1.2,-1.0,普通防守
1047,CPBL-2024-xa-151,中職2024年,2024,151,2024-06-09 17:00:00,臺南市立棒球場,v0.1.0-2024,G1-G360 regular season,https://github.com/rebas-tw/rebas.tw-open-data/releases/download/v0.1.0-2024/CPBL-2024-OpenData.zip,CPBL-2024-OpenData/CPBL-2024-OpenData.json,統一7-ELEVEn獅,味全龍,True,2,3,-1,0,0,1,1,0,0,0,32,7,5,6,0,0,0,0,0,0.2857142857142857,4.0,27,9.0,10,0,2,4,1.1111111111111112,4.0,-1,主場,敗,小敗,低得分,中等失分,一般拉鋸型,穩定攻擊,穩定守成,6,中職2024年,151.0,2024-06-09 17:00,臺南市立棒球場,味全龍,True,2.0,3.0,-1.0,False,主場,敗,小敗,低得分,中等失分,0.0,1.0,1.0,False,False,False,被壓制型,32.0,7.0,5.0,6.0,0.0,0.0,0.0,0.0,0.0,0.285714285714286,4.0,低效進攻,27.0,9.0,10.0,0.0,2.0,4.0,1.11111111111111,4.0,-1.0,普通防守
1048,CPBL-2024-xa-150,中職2024年,2024,150,2024-06-09 17:05:00,臺中市洲際棒球場,v0.1.0-2024,G1-G360 regular season,https://github.com/rebas-tw/rebas.tw-open-data/releases/download/v0.1.0-2024/CPBL-2024-OpenData.zip,CPBL-2024-OpenData/CPBL-2024-OpenData.json,台鋼雄鷹,中信兄弟,False,3,4,-1,0,0,2,1,0,0,0,31,9,5,6,1,0,0,1,1,0.3333333333333333,6.0,24,8.0,8,5,1,4,1.625,0.8,-6,客場,敗,小敗,中等得分,中等失分,一般拉鋸型,穩定攻擊,失分偏高,6,中職2024年,150.0,2024-06-09 17:05,臺中市洲際棒球場,中信兄弟,False,3.0,4.0,-1.0,False,客場,敗,小敗,中等得分,中等失分,0.0,2.0,1.0,False,False,False,被壓制型,31.0,9.0,5.0,6.0,1.0,0.0,0.0,1.0,1.0,0.333333333333333,6.0,穩定攻擊,24.0,8.0,8.0,5.0,1.0,4.0,1.625,0.8,-6.0,普通防守
1049,CPBL-2024-xa-150,中職2024年,2024,150,2024-06-09 17:05:00,臺中市洲際棒球場,v0.1.0-2024,G1-G360 regular season,https://github.com/rebas-tw/rebas.tw-open-data/releases/download/v0.1.0-2024/CPBL-2024-OpenData.zip,CPBL-2024-OpenData/CPBL-2024-OpenData.json,中信兄弟,台鋼雄鷹,True,4,3,1,1,3,0,1,1,1,1,29,8,5,4,1,1,1,3,6,0.5,10.0,27,9.0,9,5,0,6,1.5555555555555556,1.2,-2,主場,勝,小勝,中等得分,中等失分,領先守成型,火力強勢,穩定守成,6,中職2024年,150.0,2024-06-09 17:05,臺中市洲際棒球場,台鋼雄鷹,True,4.0,3.0,1.0,True,主場,勝,小勝,中等得分,中等失分,3.0,0.0,1.0,True,True,True,全場壓制型,29.0,8.0,5.0,4.0,1.0,1.0,1.0,3.0,6.0,0.5,10.0,穩定攻擊,27.0,9.0,9.0,5.0,0.0,6.0,1.55555555555556,1.2,-2.0,普通防守
1050,CPBL-2024-xa-149,中職2024年,2024,149,2024-06-09 17:06:00,樂天桃園棒球場,v0.1.0-2024,G1-G360 regular season,https://github.com/rebas-tw/rebas.tw-open-data/releases/download/v0.1.0-2024/CPBL-2024-OpenData.zip,CPBL-2024-OpenData/CPBL-2024-OpenData.json,富邦悍將,樂天桃猿,False,7,2,5,1,3,1,3,0,1,1,43,18,5,8,6,0,0,6,6,0.3888888888888889,14.0,27,9.0,8,0,0,1,0.8888888888888888,1.0,-1,客場,勝,大勝,高得分,低失分,領先守成型,火力強勢,穩定守成,6,中職2024年,149.0,2024-06-09 17:06,樂天桃園棒球場,樂天桃猿,False,7.0,2.0,5.0,True,客場,勝,大勝,高得分,低失分,3.0,1.0,3.0,False,True,True,全場壓制型,43.0,18.0,5.0,8.0,6.0,0.0,0.0,6.0,6.0,0.388888888888889,14.0,火力強勢,27.0,9.0,8.0,0.0,0.0,1.0,0.888888888888889,1.0,-1.0,壓制力強
1051,CPBL-2024-xa-149,中職2024年,2024,149,2024-06-09 17:06:00,樂天桃園棒球場,v0.1.0-2024,G1-G360 regular season,https://github.com/rebas-tw/rebas.tw-open-data/releases/download/v0.1.0-2024/CPBL-2024-OpenData.zip,CPBL-2024-OpenData/CPBL-2024-OpenData.json,樂天桃猿,富邦悍將,True,2,7,-5,0,2,0,0,0,0,0,35,8,0,1,1,1,0,2,3,0.25,3.5,27,9.0,18,5,0,8,2.5555555555555554,1.6,-4,主場,敗,大敗,低得分,高失分,一般拉鋸型,穩定攻擊,失分偏高,6,中職2024年,149.0,2024-06-09 17:06,樂天桃園棒球場,富邦悍將,True,2.0,7.0,-5.0,False,主場,敗,大敗,低得分,高失分,2.0,0.0,0.0,False,False,False,被壓制型,35.0,8.0,0.0,1.0,1.0,1.0,0.0,2.0,3.0,0.25,3.5,低效進攻,27.0,9.0,18.0,5.0,0.0,8.0,2.55555555555556,1.6,-4.0,投打被突破
1052,CPBL-2024-xa-148,中職2024年,2024,148,2024-06-08 17:00:00,臺南市立棒球場,v0.1.0-2024,G1-G360 regular season,https://github.com/rebas-tw/rebas.tw-open-data/releases/download/v0.1.0-2024/CPBL-2024-OpenData.zip,CPBL-2024-OpenData/CPBL-2024-OpenData.json,味全龍,統一7-ELEVEn獅,False,1,3,-2,0,0,1,0,0,0,0,31,6,0,6,1,0,0,1,1,0.16666666666666666,-1.0,24,8.0,11,0,0,6,1.375,6.0,3,客場,敗,小敗,低得分,中等失分,一般拉鋸型,攻勢受阻,壓制力強,6,中職2024年,148.0,2024-06-08 17:00,臺南市立棒球場,統一7-ELEVEn獅,False,1.0,3.0,-2.0,False,客場,敗,小敗,低得分,中等失分,0.0,1.0,0.0,False,False,False,被壓制型,31.0,6.0,0.0,6.0,1.0,0.0,0.0,1.0,1.0,0.166666666666667,-1.0,低效進攻,24.0,8.0,11.0,0.0,0.0,6.0,1.375,6.0,3.0,穩定守成
1053,CPBL-2024-xa-148,中職2024年,2024,148,2024-06-08 17:00:00,臺南市立棒球場,v0.1.0-2024,G1-G360 regular season,https://github.com/rebas-tw/rebas.tw-open-data/releases/download/v0.1.0-2024/CPBL-2024-OpenData.zip,CPBL-2024-OpenData/CPBL-2024-OpenData.json,統一7-ELEVEn獅,味全龍,True,3,1,2,1,1,2,0,1,1,1,35,11,0,6,0,0,0,0,0,0.2727272727272727,0.0,27,9.0,6,0,0,6,0.6666666666666666,6.0,5,主場,勝,中幅勝,中等得分,低失分,領先守成型,攻勢受阻,壓制力強,6,中職2024年,148.0,2024-06-08 17:00,臺南市立棒球場,味全龍,True,3.0,1.0,2.0,True,主場,勝,小勝,中等得分,低失分,1.0,2.0,0.0,True,True,True,全場壓制型,35.0,11.0,0.0,6.0,0.0,0.0,0.0,0.0,0.0,0.272727272727273,0.0,穩定攻擊,27.0,9.0,6.0,0.0,0.0,6.0,0.666666666666667,6.0,5.0,壓制力強
1054,CPBL-2024-xa-147,中職2024年,2024,147,2024-06-08 17:06:00,臺中市洲際棒球場,v0.1.0-2024,G1-G360 regular season,https://github.com/rebas-tw/rebas.tw-open-data/releases/download/v0.1.0-2024/CPBL-2024-OpenData.zip,CPBL-2024-OpenData/CPBL-2024-OpenData.json,台鋼雄鷹,中信兄弟,False,1,3,-2,0,0,1,0,0,0,0,38,11,3,10,0,0,0,0,0,0.09090909090909091,-1.0,24,8.0,6,5,0,5,1.375,1.0,-3,客場,敗,小敗,低得分,中等失分,一般拉鋸型,攻勢受阻,穩定守成,6,中職2024年,147.0,2024-06-08 17:06,臺中市洲際棒球場,中信兄弟,False,1.0,3.0,-2.0,False,客場,敗,小敗,低得分,中等失分,0.0,1.0,0.0,False,False,False,被壓制型,38.0,11.0,3.0,10.0,0.0,0.0,0.0,0.0,0.0,0.0909090909090909,-1.0,攻勢受阻,24.0,8.0,6.0,5.0,0.0,5.0,1.375,1.0,-3.0,普通防守
1055,CPBL-2024-xa-147,中職2024年,2024,147,2024-06-08 17:06:00,臺中市洲際棒球場,v0.1.0-2024,G1-G360 regular season,https://github.com/rebas-tw/rebas.tw-open-data/releases/download/v0.1.0-2024/CPBL-2024-OpenData.zip,CPBL-2024-OpenData/CPBL-2024-OpenData.json,中信兄弟,台鋼雄鷹,True,3,1,2,1,0,3,0,1,0,1,29,6,5,5,0,0,0,0,0,0.5,5.5,27,9.0,11,3,0,10,1.5555555555555556,3.3333333333333335,6,主場,勝,中幅勝,中等得分,低失分,領先守成型,穩定攻擊,壓制力強,6,中職2024年,147.0,2024-06-08 17:06,臺中市洲際棒球場,台鋼雄鷹,True,3.0,1.0,2.0,True,主場,勝,小勝,中等得分,低失分,0.0,3.0,0.0,True,False,True,拉鋸型,29.0,6.0,5.0,5.0,0.0,0.0,0.0,0.0,0.0,0.5,5.5,零星攻勢,27.0,9.0,11.0,3.0,0.0,10.0,1.55555555555556,3.33333333333333,6.0,穩定守成
1056,CPBL-2024-xa-146,中職2024年,2024,146,2024-06-08 17:06:00,樂天桃園棒球場,v0.1.0-2024,G1-G360 regular season,https://github.com/rebas-tw/rebas.tw-open-data/releases/download/v0.1.0-2024/CPBL-2024-OpenData.zip,CPBL-2024-OpenData/CPBL-2024-OpenData.json,富邦悍將,樂天桃猿,False,7,1,6,1,1,3,3,1,1,1,37,9,6,8,1,0,1,2,4,0.7777777777777778,11.0,27,9.0,4,2,0,4,0.6666666666666666,2.0,1,客場,勝,大勝,高得分,低失分,領先守成型,火力強勢,穩定守成,6,中職2024年,146.0,2024-06-08 17:06,樂天桃園棒球場,樂天桃猿,False,7.0,1.0,6.0,True,客場,勝,大勝,高得分,低失分,1.0,3.0,3.0,True,True,True,全場壓制型,37.0,9.0,6.0,8.0,1.0,0.0,1.0,2.0,4.0,0.777777777777778,11.0,穩定攻擊,27.0,9.0,4.0,2.0,0.0,4.0,0.666666666666667,2.0,1.0,壓制力強
1057,CPBL-2024-xa-146,中職2024年,2024,146,2024-06-08 17:06:00,樂天桃園棒球場,v0.1.0-2024,G1-G360 regular season,https://github.com/rebas-tw/rebas.tw-open-data/releases/download/v0.1.0-2024/CPBL-2024-OpenData.zip,CPBL-2024-OpenData/CPBL-2024-OpenData.json,樂天桃猿,富邦悍將,True,1,7,-6,0,0,0,1,0,0,0,31,4,2,4,2,0,0,2,2,0.25,3.0,27,9.0,9,6,1,8,1.6666666666666667,1.3333333333333333,-6,主場,敗,大敗,低得分,高失分,一般拉鋸型,穩定攻擊,失分偏高,6,中職2024年,146.0,2024-06-08 17:06,樂天桃園棒球場,富邦悍將,True,1.0,7.0,-6.0,False,主場,敗,大敗,低得分,高失分,0.0,0.0,1.0,False,False,False,被壓制型,31.0,4.0,2.0,4.0,2.0,0.0,0.0,2.0,2.0,0.25,3.0,低效進攻,27.0,9.0,9.0,6.0,1.0,8.0,1.66666666666667,1.33333333333333,-6.0,失分偏高
1058,CPBL-2024-xa-145,中職2024年,2024,145,2024-06-07 18:30:00,臺南市立棒球場,v0.1.0-2024,G1-G360 regular season,https://github.com/rebas-tw/rebas.tw-open-data/releases/download/v0.1.0-2024/CPBL-2024-OpenData.zip,CPBL-2024-OpenData/CPBL-2024-OpenData.json,味全龍,統一7-ELEVEn獅,False,13,2,11,1,10,2,1,1,1,1,48,20,5,9,4,0,1,5,7,0.65,18.5,27,9.0,9,4,0,9,1.4444444444444444,2.25,3,客場,勝,大勝,高得分,低失分,領先守成型,火力強勢,壓制力強,6,中職2024年,145.0,2024-06-07 18:30,臺南市立棒球場,統一7-ELEVEn獅,False,13.0,2.0,11.0,True,客場,勝,大勝,高得分,低失分,10.0,2.0,1.0,True,True,True,全場壓制型,48.0,20.0,5.0,9.0,4.0,0.0,1.0,5.0,7.0,0.65,18.5,火力強勢,27.0,9.0,9.0,4.0,0.0,9.0,1.44444444444444,2.25,3.0,穩定守成
1059,CPBL-2024-xa-145,中職2024年,2024,145,2024-06-07 18:30:00,臺南市立棒球場,v0.1.0-2024,G1-G360 regular season,https://github.com/rebas-tw/rebas.tw-open-data/releases/download/v0.1.0-2024/CPBL-2024-OpenData.zip,CPBL-2024-OpenData/CPBL-2024-OpenData.json,統一7-ELEVEn獅,味全龍,True,2,13,-11,0,1,0,1,0,0,0,36,9,4,9,3,0,0,3,3,0.2222222222222222,4.5,27,9.0,20,5,1,9,2.7777777777777777,1.8,-10,主場,敗,大敗,低得分,高失分,一般拉鋸型,穩定攻擊,失分偏高,6,中職2024年,145.0,2024-06-07 18:30,臺南市立棒球場,味全龍,True,2.0,13.0,-11.0,False,主場,敗,大敗,低得分,高失分,1.0,0.0,1.0,False,False,False,被壓制型,36.0,9.0,4.0,9.0,3.0,0.0,0.0,3.0,3.0,0.222222222222222,4.5,攻勢受阻,27.0,9.0,20.0,5.0,1.0,9.0,2.77777777777778,1.8,-10.0,投打被突破
1060,CPBL-2024-xa-144,中職2024年,2024,144,2024-06-07 18:35:00,臺中市洲際棒球場,v0.1.0-2024,G1-G360 regular season,https://github.com/rebas-tw/rebas.tw-open-data/releases/download/v0.1.0-2024/CPBL-2024-OpenData.zip,CPBL-2024-OpenData/CPBL-2024-OpenData.json,台鋼雄鷹,中信兄弟,False,12,8,4,1,4,6,2,1,1,1,41,16,2,9,3,0,1,4,6,0.75,13.5,27,9.0,13,1,0,5,1.5555555555555556,5.0,-4,客場,勝,中幅勝,高得分,高失分,領先守成型,火力強勢,失分偏高,6,中職2024年,144.0,2024-06-07 18:35,臺中市洲際棒球場,中信兄弟,False,12.0,8.0,4.0,True,客場,勝,小勝,高得分,高失分,4.0,6.0,2.0,True,True,True,全場壓制型,41.0,16.0,2.0,9.0,3.0,0.0,1.0,4.0,6.0,0.75,13.5,火力強勢,27.0,9.0,13.0,1.0,0.0,5.0,1.55555555555556,5.0,-4.0,失分偏高
1061,CPBL-2024-xa-144,中職2024年,2024,144,2024-06-07 18:35:00,臺中市洲際棒球場,v0.1.0-2024,G1-G360 regular season,https://github.com/rebas-tw/rebas.tw-open-data/releases/download/v0.1.0-2024/CPBL-2024-OpenData.zip,CPBL-2024-OpenData/CPBL-2024-OpenData.json,中信兄弟,台鋼雄鷹,True,8,12,-4,0,0,5,3,0,0,0,39,13,1,5,4,0,0,4,4,0.6153846153846154,10.5,27,9.0,16,2,1,9,2.0,4.5,-6,主場,敗,大敗,高得分,高失分,一般拉鋸型,火力強勢,失分偏高,6,中職2024年,144.0,2024-06-07 18:35,臺中市洲際棒球場,台鋼雄鷹,True,8.0,12.0,-4.0,False,主場,敗,小敗,高得分,高失分,0.0,5.0,3.0,False,False,False,被壓制型,39.0,13.0,1.0,5.0,4.0,0.0,0.0,4.0,4.0,0.615384615384615,10.5,火力強勢,27.0,9.0,16.0,2.0,1.0,9.0,2.0,4.5,-6.0,投打被突破
1062,CPBL-2024-xa-143,中職2024年,2024,143,2024-06-07 18:35:00,樂天桃園棒球場,v0.1.0-2024,G1-G360 regular season,https://github.com/rebas-tw/rebas.tw-open-data/releases/download/v0.1.0-2024/CPBL-2024-OpenData.zip,CPBL-2024-OpenData/CPBL-2024-OpenData.json,富邦悍將,樂天桃猿,False,1,3,-2,0,1,0,0,1,1,0,33,6,2,9,1,0,0,1,1,0.16666666666666666,-0.5,24,8.0,8,2,0,5,1.25,2.5,0,客場,敗,小敗,低得分,中等失分,一般拉鋸型,攻勢受阻,穩定守成,6,中職2024年,143.0,2024-06-07 18:35,樂天桃園棒球場,樂天桃猿,False,1.0,3.0,-2.0,False,客場,敗,小敗,低得分,中等失分,1.0,0.0,0.0,True,True,False,拉鋸型,33.0,6.0,2.0,9.0,1.0,0.0,0.0,1.0,1.0,0.166666666666667,-0.5,攻勢受阻,24.0,8.0,8.0,2.0,0.0,5.0,1.25,2.5,0.0,穩定守成
1063,CPBL-2024-xa-143,中職2024年,2024,143,2024-06-07 18:35:00,樂天桃園棒球場,v0.1.0-2024,G1-G360 regular season,https://github.com/rebas-tw/rebas.tw-open-data/releases/download/v0.1.0-2024/CPBL-2024-OpenData.zip,CPBL-2024-OpenData/CPBL-2024-OpenData.json,樂天桃猿,富邦悍將,True,3,1,2,1,0,1,2,0,0,0,29,8,2,5,0,0,0,0,0,0.375,2.5,27,9.0,6,2,0,9,0.8888888888888888,4.5,6,主場,勝,中幅勝,中等得分,低失分,後段逆轉型,攻勢受阻,壓制力強,6,中職2024年,143.0,2024-06-07 18:35,樂天桃園棒球場,富邦悍將,True,3.0,1.0,2.0,True,主場,勝,小勝,中等得分,低失分,0.0,1.0,2.0,False,False,False,後段逆轉型,29.0,8.0,2.0,5.0,0.0,0.0,0.0,0.0,0.0,0.375,2.5,穩定攻擊,27.0,9.0,6.0,2.0,0.0,9.0,0.888888888888889,4.5,6.0,壓制力強
1064,CPBL-2024-xa-138,中職2024年,2024,138,2024-06-06 18:30:00,臺南市立棒球場,v0.1.0-2024,G1-G360 regular season,https://github.com/rebas-tw/rebas.tw-open-data/releases/download/v0.1.0-2024/CPBL-2024-OpenData.zip,CPBL-2024-OpenData/CPBL-2024-OpenData.json,台鋼雄鷹,統一7-ELEVEn獅,False,0,4,-4,0,0,0,0,0,0,0,30,4,1,5,0,0,0,0,0,0.0,-1.5,24,8.0,7,4,0,7,1.375,1.75,-1,客場,敗,大敗,低得分,中等失分,一般拉鋸型,攻勢受阻,穩定守成,6,中職2024年,138.0,2024-06-06 18:30,臺南市立棒球場,統一7-ELEVEn獅,False,0.0,4.0,-4.0,False,客場,敗,小敗,低得分,中等失分,0.0,0.0,0.0,False,False,False,被壓制型,30.0,4.0,1.0,5.0,0.0,0.0,0.0,0.0,0.0,0.0,-1.5,低效進攻,24.0,8.0,7.0,4.0,0.0,7.0,1.375,1.75,-1.0,普通防守
1065,CPBL-2024-xa-138,中職2024年,2024,138,2024-06-06 18:30:00,臺南市立棒球場,v0.1.0-2024,G1-G360 regular season,https://github.com/rebas-tw/rebas.tw-open-data/releases/download/v0.1.0-2024/CPBL-2024-OpenData.zip,CPBL-2024-OpenData/CPBL-2024-OpenData.json,統一7-ELEVEn獅,台鋼雄鷹,True,4,0,4,1,4,0,0,1,1,1,30,7,4,7,0,2,0,2,4,0.5714285714285714,6.5,27,9.0,4,1,0,5,0.5555555555555556,5.0,4,主場,勝,中幅勝,中等得分,低失分,領先守成型,穩定攻擊,壓制力強,6,中職2024年,138.0,2024-06-06 18:30,臺南市立棒球場,台鋼雄鷹,True,4.0,0.0,4.0,True,主場,勝,小勝,中等得分,低失分,4.0,0.0,0.0,True,True,True,全場壓制型,30.0,7.0,4.0,7.0,0.0,2.0,0.0,2.0,4.0,0.571428571428571,6.5,零星攻勢,27.0,9.0,4.0,1.0,0.0,5.0,0.555555555555556,5.0,4.0,壓制力強
1066,CPBL-2024-xa-141,中職2024年,2024,141,2024-06-05 18:30:00,臺南市立棒球場,v0.1.0-2024,G1-G360 regular season,https://github.com/rebas-tw/rebas.tw-open-data/releases/download/v0.1.0-2024/CPBL-2024-OpenData.zip,CPBL-2024-OpenData/CPBL-2024-OpenData.json,台鋼雄鷹,統一7-ELEVEn獅,False,0,6,-6,0,0,0,0,0,0,0,29,3,3,6,0,0,0,0,0,0.0,0.0,24,8.0,13,3,1,8,2.0,2.6666666666666665,-2,客場,敗,大敗,低得分,高失分,一般拉鋸型,攻勢受阻,穩定守成,6,中職2024年,141.0,2024-06-05 18:30,臺南市立棒球場,統一7-ELEVEn獅,False,0.0,6.0,-6.0,False,客場,敗,大敗,低得分,高失分,0.0,0.0,0.0,False,False,False,被壓制型,29.0,3.0,3.0,6.0,0.0,0.0,0.0,0.0,0.0,0.0,0.0,低效進攻,24.0,8.0,13.0,3.0,1.0,8.0,2.0,2.66666666666667,-2.0,投打被突破
1067,CPBL-2024-xa-141,中職2024年,2024,141,2024-06-05 18:30:00,臺南市立棒球場,v0.1.0-2024,G1-G360 regular season,https://github.com/rebas-tw/rebas.tw-open-data/releases/download/v0.1.0-2024/CPBL-2024-OpenData.zip,CPBL-2024-OpenData/CPBL-2024-OpenData.json,統一7-ELEVEn獅,台鋼雄鷹,True,6,0,6,1,4,1,1,1,1,1,35,13,3,8,0,0,1,1,3,0.46153846153846156,6.0,27,9.0,3,3,0,6,0.6666666666666666,2.0,3,主場,勝,大勝,高得分,低失分,領先守成型,穩定攻擊,壓制力強,6,中職2024年,141.0,2024-06-05 18:30,臺南市立棒球場,台鋼雄鷹,True,6.0,0.0,6.0,True,主場,勝,大勝,高得分,低失分,4.0,1.0,1.0,True,True,True,全場壓制型,35.0,13.0,3.0,8.0,0.0,0.0,1.0,1.0,3.0,0.461538461538462,6.0,穩定攻擊,27.0,9.0,3.0,3.0,0.0,6.0,0.666666666666667,2.0,3.0,壓制力強
1068,CPBL-2024-xa-137,中職2024年,2024,137,2024-06-04 18:35:00,樂天桃園棒球場,v0.1.0-2024,G1-G360 regular season,https://github.com/rebas-tw/rebas.tw-open-data/releases/download/v0.1.0-2024/CPBL-2024-OpenData.zip,CPBL-2024-OpenData/CPBL-2024-OpenData.json,中信兄弟,樂天桃猿,False,5,0,5,1,4,0,1,1,1,1,31,8,9,5,2,0,0,2,2,0.625,13.5,27,9.0,5,3,0,6,0.8888888888888888,2.0,3,客場,勝,大勝,中等得分,低失分,領先守成型,火力強勢,壓制力強,6,中職2024年,137.0,2024-06-04 18:35,樂天桃園棒球場,樂天桃猿,False,5.0,0.0,5.0,True,客場,勝,大勝,中等得分,低失分,4.0,0.0,1.0,True,True,True,全場壓制型,31.0,8.0,9.0,5.0,2.0,0.0,0.0,2.0,2.0,0.625,13.5,穩定攻擊,27.0,9.0,5.0,3.0,0.0,6.0,0.888888888888889,2.0,3.0,壓制力強
1069,CPBL-2024-xa-137,中職2024年,2024,137,2024-06-04 18:35:00,樂天桃園棒球場,v0.1.0-2024,G1-G360 regular season,https://github.com/rebas-tw/rebas.tw-open-data/releases/download/v0.1.0-2024/CPBL-2024-OpenData.zip,CPBL-2024-OpenData/CPBL-2024-OpenData.json,樂天桃猿,中信兄弟,True,0,5,-5,0,0,0,0,0,0,0,31,5,3,6,1,0,0,1,1,0.0,1.0,27,9.0,8,9,0,5,1.8888888888888888,0.5555555555555556,-9,主場,敗,大敗,低得分,中等失分,一般拉鋸型,攻勢受阻,失分偏高,6,中職2024年,137.0,2024-06-04 18:35,樂天桃園棒球場,中信兄弟,True,0.0,5.0,-5.0,False,主場,敗,大敗,低得分,中等失分,0.0,0.0,0.0,False,False,False,被壓制型,31.0,5.0,3.0,6.0,1.0,0.0,0.0,1.0,1.0,0.0,1.0,低效進攻,27.0,9.0,8.0,9.0,0.0,5.0,1.88888888888889,0.555555555555556,-9.0,失分偏高
1070,CPBL-2024-xa-139,中職2024年,2024,139,2024-06-04 12:35:00,新北市立新莊棒球場,v0.1.0-2024,G1-G360 regular season,https://github.com/rebas-tw/rebas.tw-open-data/releases/download/v0.1.0-2024/CPBL-2024-OpenData.zip,CPBL-2024-OpenData/CPBL-2024-OpenData.json,味全龍,富邦悍將,False,6,3,3,1,0,3,3,1,0,1,36,9,9,6,0,0,1,1,3,0.6666666666666666,13.0,27,9.0,8,3,0,15,1.2222222222222223,5.0,9,客場,勝,中幅勝,高得分,中等失分,領先守成型,火力強勢,壓制力強,6,中職2024年,139.0,2024-06-04 12:35,新北市立新莊棒球場,富邦悍將,False,6.0,3.0,3.0,True,客場,勝,小勝,高得分,中等失分,0.0,3.0,3.0,True,False,True,後段追分型,36.0,9.0,9.0,6.0,0.0,0.0,1.0,1.0,3.0,0.666666666666667,13.0,穩定攻擊,27.0,9.0,8.0,3.0,0.0,15.0,1.22222222222222,5.0,9.0,穩定守成
1071,CPBL-2024-xa-139,中職2024年,2024,139,2024-06-04 12:35:00,新北市立新莊棒球場,v0.1.0-2024,G1-G360 regular season,https://github.com/rebas-tw/rebas.tw-open-data/releases/download/v0.1.0-2024/CPBL-2024-OpenData.zip,CPBL-2024-OpenData/CPBL-2024-OpenData.json,富邦悍將,味全龍,True,3,6,-3,0,0,1,2,0,0,0,34,8,3,15,3,0,0,3,3,0.375,1.5,27,9.0,9,9,1,6,2.0,0.6666666666666666,-10,主場,敗,小敗,中等得分,高失分,一般拉鋸型,攻勢受阻,失分偏高,6,中職2024年,139.0,2024-06-04 12:35,新北市立新莊棒球場,味全龍,True,3.0,6.0,-3.0,False,主場,敗,小敗,中等得分,高失分,0.0,1.0,2.0,False,False,False,被壓制型,34.0,8.0,3.0,15.0,3.0,0.0,0.0,3.0,3.0,0.375,1.5,穩定攻擊,27.0,9.0,9.0,9.0,1.0,6.0,2.0,0.666666666666667,-10.0,投打被突破
1072,CPBL-2024-xa-134,中職2024年,2024,134,2024-06-02 17:05:00,臺北大巨蛋,v0.1.0-2024,G1-G360 regular season,https://github.com/rebas-tw/rebas.tw-open-data/releases/download/v0.1.0-2024/CPBL-2024-OpenData.zip,CPBL-2024-OpenData/CPBL-2024-OpenData.json,中信兄弟,味全龍,False,2,6,-4,0,1,0,1,1,1,0,32,6,6,10,0,0,1,1,3,0.3333333333333333,4.0,24,8.0,10,2,1,8,1.5,4.0,-1,客場,敗,大敗,低得分,高失分,一般拉鋸型,穩定攻擊,穩定守成,6,中職2024年,134.0,2024-06-02 17:05,臺北大巨蛋,味全龍,False,2.0,6.0,-4.0,False,客場,敗,小敗,低得分,高失分,1.0,0.0,1.0,True,True,False,拉鋸型,32.0,6.0,6.0,10.0,0.0,0.0,1.0,1.0,3.0,0.333333333333333,4.0,攻勢受阻,24.0,8.0,10.0,2.0,1.0,8.0,1.5,4.0,-1.0,失分偏高
1073,CPBL-2024-xa-134,中職2024年,2024,134,2024-06-02 17:05:00,臺北大巨蛋,v0.1.0-2024,G1-G360 regular season,https://github.com/rebas-tw/rebas.tw-open-data/releases/download/v0.1.0-2024/CPBL-2024-OpenData.zip,CPBL-2024-OpenData/CPBL-2024-OpenData.json,味全龍,中信兄弟,True,6,2,4,1,0,4,2,0,0,1,33,10,2,8,0,1,1,2,5,0.6,6.0,27,9.0,6,6,1,10,1.3333333333333333,1.6666666666666667,1,主場,勝,中幅勝,高得分,低失分,領先守成型,穩定攻擊,穩定守成,6,中職2024年,134.0,2024-06-02 17:05,臺北大巨蛋,中信兄弟,True,6.0,2.0,4.0,True,主場,勝,小勝,高得分,低失分,0.0,4.0,2.0,False,False,True,後段追分型,33.0,10.0,2.0,8.0,0.0,1.0,1.0,2.0,5.0,0.6,6.0,穩定攻擊,27.0,9.0,6.0,6.0,1.0,10.0,1.33333333333333,1.66666666666667,1.0,穩定守成
1074,CPBL-2024-xa-133,中職2024年,2024,133,2024-06-01 17:05:00,新北市立新莊棒球場,v0.1.0-2024,G1-G360 regular season,https://github.com/rebas-tw/rebas.tw-open-data/releases/download/v0.1.0-2024/CPBL-2024-OpenData.zip,CPBL-2024-OpenData/CPBL-2024-OpenData.json,統一7-ELEVEn獅,富邦悍將,False,5,4,1,1,0,2,3,0,0,0,37,12,5,8,0,0,0,0,0,0.4166666666666667,6.0,27,9.0,9,5,1,11,1.5555555555555556,2.2,1,客場,勝,小勝,中等得分,中等失分,後段逆轉型,穩定攻擊,穩定守成,6,中職2024年,133.0,2024-06-01 17:05,新北市立新莊棒球場,富邦悍將,False,5.0,4.0,1.0,True,客場,勝,小勝,中等得分,中等失分,0.0,2.0,3.0,False,False,False,後段逆轉型,37.0,12.0,5.0,8.0,0.0,0.0,0.0,0.0,0.0,0.416666666666667,6.0,穩定攻擊,27.0,9.0,9.0,5.0,1.0,11.0,1.55555555555556,2.2,1.0,穩定守成
1075,CPBL-2024-xa-133,中職2024年,2024,133,2024-06-01 17:05:00,新北市立新莊棒球場,v0.1.0-2024,G1-G360 regular season,https://github.com/rebas-tw/rebas.tw-open-data/releases/download/v0.1.0-2024/CPBL-2024-OpenData.zip,CPBL-2024-OpenData/CPBL-2024-OpenData.json,富邦悍將,統一7-ELEVEn獅,True,4,5,-1,0,4,0,0,1,1,1,33,9,5,11,1,0,1,2,4,0.4444444444444444,5.5,27,9.0,12,5,0,8,1.8888888888888888,1.6,-2,主場,敗,小敗,中等得分,中等失分,後段失守型,穩定攻擊,穩定守成,6,中職2024年,133.0,2024-06-01 17:05,新北市立新莊棒球場,統一7-ELEVEn獅,True,4.0,5.0,-1.0,False,主場,敗,小敗,中等得分,中等失分,4.0,0.0,0.0,True,True,True,拉鋸型,33.0,9.0,5.0,11.0,1.0,0.0,1.0,2.0,4.0,0.444444444444444,5.5,穩定攻擊,27.0,9.0,12.0,5.0,0.0,8.0,1.88888888888889,1.6,-2.0,失分偏高
1076,CPBL-2024-xa-132,中職2024年,2024,132,2024-06-01 17:00:00,澄清湖棒球場,v0.1.0-2024,G1-G360 regular season,https://github.com/rebas-tw/rebas.tw-open-data/releases/download/v0.1.0-2024/CPBL-2024-OpenData.zip,CPBL-2024-OpenData/CPBL-2024-OpenData.json,樂天桃猿,台鋼雄鷹,False,9,5,4,1,5,0,4,0,1,1,41,15,3,6,5,0,1,6,8,0.6,15.0,27,9.0,15,1,0,7,1.7777777777777777,7.0,1,客場,勝,中幅勝,高得分,中等失分,領先守成型,火力強勢,穩定守成,6,中職2024年,132.0,2024-06-01 17:00,澄清湖棒球場,台鋼雄鷹,False,9.0,5.0,4.0,True,客場,勝,小勝,高得分,中等失分,5.0,0.0,4.0,False,True,True,全場壓制型,41.0,15.0,3.0,6.0,5.0,0.0,1.0,6.0,8.0,0.6,15.0,火力強勢,27.0,9.0,15.0,1.0,0.0,7.0,1.77777777777778,7.0,1.0,失分偏高
1077,CPBL-2024-xa-132,中職2024年,2024,132,2024-06-01 17:00:00,澄清湖棒球場,v0.1.0-2024,G1-G360 regular season,https://github.com/rebas-tw/rebas.tw-open-data/releases/download/v0.1.0-2024/CPBL-2024-OpenData.zip,CPBL-2024-OpenData/CPBL-2024-OpenData.json,台鋼雄鷹,樂天桃猿,True,5,9,-4,0,1,3,1,1,0,0,41,15,1,7,1,0,0,1,1,0.3333333333333333,3.5,27,9.0,15,3,1,6,2.0,2.0,-7,主場,敗,大敗,中等得分,高失分,一般拉鋸型,穩定攻擊,失分偏高,6,中職2024年,132.0,2024-06-01 17:00,澄清湖棒球場,樂天桃猿,True,5.0,9.0,-4.0,False,主場,敗,小敗,中等得分,高失分,1.0,3.0,1.0,True,False,False,被壓制型,41.0,15.0,1.0,7.0,1.0,0.0,0.0,1.0,1.0,0.333333333333333,3.5,穩定攻擊,27.0,9.0,15.0,3.0,1.0,6.0,2.0,2.0,-7.0,投打被突破
1078,CPBL-2024-xa-131,中職2024年,2024,131,2024-06-01 17:07:00,臺北大巨蛋,v0.1.0-2024,G1-G360 regular season,https://github.com/rebas-tw/rebas.tw-open-data/releases/download/v0.1.0-2024/CPBL-2024-OpenData.zip,CPBL-2024-OpenData/CPBL-2024-OpenData.json,中信兄弟,味全龍,False,7,3,4,1,4,2,1,1,1,1,35,10,6,2,1,1,1,3,6,0.7,15.0,27,9.0,7,2,0,7,1.0,3.5,2,客場,勝,中幅勝,高得分,中等失分,領先守成型,火力強勢,壓制力強,6,中職2024年,131.0,2024-06-01 17:07,臺北大巨蛋,味全龍,False,7.0,3.0,4.0,True,客場,勝,小勝,高得分,中等失分,4.0,2.0,1.0,True,True,True,全場壓制型,35.0,10.0,6.0,2.0,1.0,1.0,1.0,3.0,6.0,0.7,15.0,火力強勢,27.0,9.0,7.0,2.0,0.0,7.0,1.0,3.5,2.0,穩定守成
1079,CPBL-2024-xa-131,中職2024年,2024,131,2024-06-01 17:07:00,臺北大巨蛋,v0.1.0-2024,G1-G360 regular season,https://github.com/rebas-tw/rebas.tw-open-data/releases/download/v0.1.0-2024/CPBL-2024-OpenData.zip,CPBL-2024-OpenData/CPBL-2024-OpenData.json,味全龍,中信兄弟,True,3,7,-4,0,1,0,2,0,0,0,32,7,2,7,1,0,0,1,1,0.42857142857142855,2.5,27,9.0,10,6,1,2,1.7777777777777777,0.3333333333333333,-12,主場,敗,大敗,中等得分,高失分,一般拉鋸型,攻勢受阻,失分偏高,6,中職2024年,131.0,2024-06-01 17:07,臺北大巨蛋,中信兄弟,True,3.0,7.0,-4.0,False,主場,敗,小敗,中等得分,高失分,1.0,0.0,2.0,False,False,False,被壓制型,32.0,7.0,2.0,7.0,1.0,0.0,0.0,1.0,1.0,0.428571428571429,2.5,零星攻勢,27.0,9.0,10.0,6.0,1.0,2.0,1.77777777777778,0.333333333333333,-12.0,失分偏高
1080,CPBL-2024-xa-130,中職2024年,2024,130,2024-05-31 18:35:00,新北市立新莊棒球場,v0.1.0-2024,G1-G360 regular season,https://github.com/rebas-tw/rebas.tw-open-data/releases/download/v0.1.0-2024/CPBL-2024-OpenData.zip,CPBL-2024-OpenData/CPBL-2024-OpenData.json,統一7-ELEVEn獅,富邦悍將,False,3,0,3,1,0,3,0,1,0,1,30,6,4,12,0,0,1,1,3,0.5,2.0,27,9.0,5,2,0,6,0.7777777777777778,3.0,4,客場,勝,中幅勝,中等得分,低失分,領先守成型,攻勢受阻,壓制力強,5,中職2024年,130.0,2024-05-31 18:35,新北市立新莊棒球場,富邦悍將,False,3.0,0.0,3.0,True,客場,勝,小勝,中等得分,低失分,0.0,3.0,0.0,True,False,True,拉鋸型,30.0,6.0,4.0,12.0,0.0,0.0,1.0,1.0,3.0,0.5,2.0,零星攻勢,27.0,9.0,5.0,2.0,0.0,6.0,0.777777777777778,3.0,4.0,壓制力強
1081,CPBL-2024-xa-130,中職2024年,2024,130,2024-05-31 18:35:00,新北市立新莊棒球場,v0.1.0-2024,G1-G360 regular season,https://github.com/rebas-tw/rebas.tw-open-data/releases/download/v0.1.0-2024/CPBL-2024-OpenData.zip,CPBL-2024-OpenData/CPBL-2024-OpenData.json,富邦悍將,統一7-ELEVEn獅,True,0,3,-3,0,0,0,0,0,0,0,29,5,2,6,0,0,0,0,0,0.0,-1.0,27,9.0,6,4,1,12,1.1111111111111112,3.0,4,主場,敗,小敗,低得分,中等失分,一般拉鋸型,攻勢受阻,壓制力強,5,中職2024年,130.0,2024-05-31 18:35,新北市立新莊棒球場,統一7-ELEVEn獅,True,0.0,3.0,-3.0,False,主場,敗,小敗,低得分,中等失分,0.0,0.0,0.0,False,False,False,被壓制型,29.0,5.0,2.0,6.0,0.0,0.0,0.0,0.0,0.0,0.0,-1.0,低效進攻,27.0,9.0,6.0,4.0,1.0,12.0,1.11111111111111,3.0,4.0,穩定守成
1082,CPBL-2024-xa-129,中職2024年,2024,129,2024-05-31 18:30:00,澄清湖棒球場,v0.1.0-2024,G1-G360 regular season,https://github.com/rebas-tw/rebas.tw-open-data/releases/download/v0.1.0-2024/CPBL-2024-OpenData.zip,CPBL-2024-OpenData/CPBL-2024-OpenData.json,樂天桃猿,台鋼雄鷹,False,2,13,-11,0,1,0,1,0,0,0,34,7,0,2,1,0,0,1,1,0.2857142857142857,2.0,24,8.0,12,9,0,4,2.625,0.4444444444444444,-18,客場,敗,大敗,低得分,高失分,一般拉鋸型,攻勢受阻,失分偏高,5,中職2024年,129.0,2024-05-31 18:30,澄清湖棒球場,台鋼雄鷹,False,2.0,13.0,-11.0,False,客場,敗,大敗,低得分,高失分,1.0,0.0,1.0,False,False,False,被壓制型,34.0,7.0,0.0,2.0,1.0,0.0,0.0,1.0,1.0,0.285714285714286,2.0,低效進攻,24.0,8.0,12.0,9.0,0.0,4.0,2.625,0.444444444444444,-18.0,投打被突破
1083,CPBL-2024-xa-129,中職2024年,2024,129,2024-05-31 18:30:00,澄清湖棒球場,v0.1.0-2024,G1-G360 regular season,https://github.com/rebas-tw/rebas.tw-open-data/releases/download/v0.1.0-2024/CPBL-2024-OpenData.zip,CPBL-2024-OpenData/CPBL-2024-OpenData.json,台鋼雄鷹,樂天桃猿,True,13,2,11,1,1,11,1,1,0,1,36,12,9,4,3,0,0,3,3,1.0833333333333333,23.0,27,9.0,7,0,0,2,0.7777777777777778,2.0,0,主場,勝,大勝,高得分,低失分,領先守成型,火力強勢,穩定守成,5,中職2024年,129.0,2024-05-31 18:30,澄清湖棒球場,樂天桃猿,True,13.0,2.0,11.0,True,主場,勝,大勝,高得分,低失分,1.0,11.0,1.0,True,False,True,拉鋸型,36.0,12.0,9.0,4.0,3.0,0.0,0.0,3.0,3.0,1.08333333333333,23.0,火力強勢,27.0,9.0,7.0,0.0,0.0,2.0,0.777777777777778,2.0,0.0,壓制力強
1084,CPBL-2024-xa-128,中職2024年,2024,128,2024-05-31 18:35:00,臺北大巨蛋,v0.1.0-2024,G1-G360 regular season,https://github.com/rebas-tw/rebas.tw-open-data/releases/download/v0.1.0-2024/CPBL-2024-OpenData.zip,CPBL-2024-OpenData/CPBL-2024-OpenData.json,中信兄弟,味全龍,False,4,3,1,1,2,2,0,0,1,1,31,8,2,11,2,1,0,3,4,0.5,3.5,27,9.0,10,0,0,8,1.1111111111111112,8.0,5,客場,勝,小勝,中等得分,中等失分,領先守成型,穩定攻擊,壓制力強,5,中職2024年,128.0,2024-05-31 18:35,臺北大巨蛋,味全龍,False,4.0,3.0,1.0,True,客場,勝,小勝,中等得分,中等失分,2.0,2.0,0.0,False,True,True,全場壓制型,31.0,8.0,2.0,11.0,2.0,1.0,0.0,3.0,4.0,0.5,3.5,穩定攻擊,27.0,9.0,10.0,0.0,0.0,8.0,1.11111111111111,8.0,5.0,穩定守成
1085,CPBL-2024-xa-128,中職2024年,2024,128,2024-05-31 18:35:00,臺北大巨蛋,v0.1.0-2024,G1-G360 regular season,https://github.com/rebas-tw/rebas.tw-open-data/releases/download/v0.1.0-2024/CPBL-2024-OpenData.zip,CPBL-2024-OpenData/CPBL-2024-OpenData.json,味全龍,中信兄弟,True,3,4,-1,0,1,2,0,1,0,0,35,10,0,8,2,1,0,3,4,0.3,2.0,27,9.0,8,2,0,11,1.1111111111111112,5.5,5,主場,敗,小敗,中等得分,中等失分,一般拉鋸型,攻勢受阻,壓制力強,5,中職2024年,128.0,2024-05-31 18:35,臺北大巨蛋,中信兄弟,True,3.0,4.0,-1.0,False,主場,敗,小敗,中等得分,中等失分,1.0,2.0,0.0,True,False,False,被壓制型,35.0,10.0,0.0,8.0,2.0,1.0,0.0,3.0,4.0,0.3,2.0,穩定攻擊,27.0,9.0,8.0,2.0,0.0,11.0,1.11111111111111,5.5,5.0,穩定守成
1086,CPBL-2024-xa-127,中職2024年,2024,127,2024-05-30 18:35:00,臺中市洲際棒球場,v0.1.0-2024,G1-G360 regular season,https://github.com/rebas-tw/rebas.tw-open-data/releases/download/v0.1.0-2024/CPBL-2024-OpenData.zip,CPBL-2024-OpenData/CPBL-2024-OpenData.json,富邦悍將,中信兄弟,False,8,6,2,1,6,2,0,0,1,1,33,9,7,9,0,0,0,0,0,0.8888888888888888,10.5,27,9.0,12,4,2,9,1.7777777777777777,2.25,-3,客場,勝,中幅勝,高得分,高失分,領先守成型,火力強勢,穩定守成,5,中職2024年,127.0,2024-05-30 18:35,臺中市洲際棒球場,中信兄弟,False,8.0,6.0,2.0,True,客場,勝,小勝,高得分,高失分,6.0,2.0,0.0,False,True,True,全場壓制型,33.0,9.0,7.0,9.0,0.0,0.0,0.0,0.0,0.0,0.888888888888889,10.5,穩定攻擊,27.0,9.0,12.0,4.0,2.0,9.0,1.77777777777778,2.25,-3.0,失分偏高
1087,CPBL-2024-xa-127,中職2024年,2024,127,2024-05-30 18:35:00,臺中市洲際棒球場,v0.1.0-2024,G1-G360 regular season,https://github.com/rebas-tw/rebas.tw-open-data/releases/download/v0.1.0-2024/CPBL-2024-OpenData.zip,CPBL-2024-OpenData/CPBL-2024-OpenData.json,中信兄弟,富邦悍將,True,6,8,-2,0,5,0,1,1,0,0,37,12,4,9,3,0,2,5,9,0.5,10.5,27,9.0,9,7,0,9,1.7777777777777777,1.2857142857142858,-6,主場,敗,小敗,高得分,高失分,一般拉鋸型,火力強勢,失分偏高,5,中職2024年,127.0,2024-05-30 18:35,臺中市洲際棒球場,富邦悍將,True,6.0,8.0,-2.0,False,主場,敗,小敗,高得分,高失分,5.0,0.0,1.0,True,False,False,被壓制型,37.0,12.0,4.0,9.0,3.0,0.0,2.0,5.0,9.0,0.5,10.5,火力強勢,27.0,9.0,9.0,7.0,0.0,9.0,1.77777777777778,1.28571428571429,-6.0,失分偏高
1088,CPBL-2024-xa-126,中職2024年,2024,126,2024-05-29 18:35:00,臺中市洲際棒球場,v0.1.0-2024,G1-G360 regular season,https://github.com/rebas-tw/rebas.tw-open-data/releases/download/v0.1.0-2024/CPBL-2024-OpenData.zip,CPBL-2024-OpenData/CPBL-2024-OpenData.json,富邦悍將,中信兄弟,False,4,3,1,1,0,0,4,0,0,0,34,9,6,8,3,0,0,3,3,0.4444444444444444,9.0,27,9.0,10,3,0,9,1.4444444444444444,3.0,3,客場,勝,小勝,中等得分,中等失分,後段逆轉型,火力強勢,壓制力強,5,中職2024年,126.0,2024-05-29 18:35,臺中市洲際棒球場,中信兄弟,False,4.0,3.0,1.0,True,客場,勝,小勝,中等得分,中等失分,0.0,0.0,4.0,False,False,False,後段逆轉型,34.0,9.0,6.0,8.0,3.0,0.0,0.0,3.0,3.0,0.444444444444444,9.0,穩定攻擊,27.0,9.0,10.0,3.0,0.0,9.0,1.44444444444444,3.0,3.0,穩定守成
1089,CPBL-2024-xa-126,中職2024年,2024,126,2024-05-29 18:35:00,臺中市洲際棒球場,v0.1.0-2024,G1-G360 regular season,https://github.com/rebas-tw/rebas.tw-open-data/releases/download/v0.1.0-2024/CPBL-2024-OpenData.zip,CPBL-2024-OpenData/CPBL-2024-OpenData.json,中信兄弟,富邦悍將,True,3,4,-1,0,1,2,0,1,1,1,33,10,3,9,0,0,0,0,0,0.3,1.5,27,9.0,9,6,0,8,1.6666666666666667,1.3333333333333333,-2,主場,敗,小敗,中等得分,中等失分,後段失守型,攻勢受阻,穩定守成,5,中職2024年,126.0,2024-05-29 18:35,臺中市洲際棒球場,富邦悍將,True,3.0,4.0,-1.0,False,主場,敗,小敗,中等得分,中等失分,1.0,2.0,0.0,True,True,True,拉鋸型,33.0,10.0,3.0,9.0,0.0,0.0,0.0,0.0,0.0,0.3,1.5,穩定攻擊,27.0,9.0,9.0,6.0,0.0,8.0,1.66666666666667,1.33333333333333,-2.0,普通防守
1090,CPBL-2024-xa-125,中職2024年,2024,125,2024-05-29 18:30:00,臺南市立棒球場,v0.1.0-2024,G1-G360 regular season,https://github.com/rebas-tw/rebas.tw-open-data/releases/download/v0.1.0-2024/CPBL-2024-OpenData.zip,CPBL-2024-OpenData/CPBL-2024-OpenData.json,樂天桃猿,統一7-ELEVEn獅,False,5,3,2,1,2,3,0,1,1,1,34,8,4,3,0,1,0,1,2,0.625,8.5,27,9.0,8,0,1,5,0.8888888888888888,5.0,1,客場,勝,中幅勝,中等得分,中等失分,領先守成型,火力強勢,穩定守成,5,中職2024年,125.0,2024-05-29 18:30,臺南市立棒球場,統一7-ELEVEn獅,False,5.0,3.0,2.0,True,客場,勝,小勝,中等得分,中等失分,2.0,3.0,0.0,True,True,True,全場壓制型,34.0,8.0,4.0,3.0,0.0,1.0,0.0,1.0,2.0,0.625,8.5,穩定攻擊,27.0,9.0,8.0,0.0,1.0,5.0,0.888888888888889,5.0,1.0,穩定守成
1091,CPBL-2024-xa-125,中職2024年,2024,125,2024-05-29 18:30:00,臺南市立棒球場,v0.1.0-2024,G1-G360 regular season,https://github.com/rebas-tw/rebas.tw-open-data/releases/download/v0.1.0-2024/CPBL-2024-OpenData.zip,CPBL-2024-OpenData/CPBL-2024-OpenData.json,統一7-ELEVEn獅,樂天桃猿,True,3,5,-2,0,0,1,2,0,0,0,34,8,0,5,2,0,1,3,5,0.375,3.5,27,9.0,8,4,0,3,1.3333333333333333,0.75,-6,主場,敗,小敗,中等得分,中等失分,一般拉鋸型,穩定攻擊,失分偏高,5,中職2024年,125.0,2024-05-29 18:30,臺南市立棒球場,樂天桃猿,True,3.0,5.0,-2.0,False,主場,敗,小敗,中等得分,中等失分,0.0,1.0,2.0,False,False,False,被壓制型,34.0,8.0,0.0,5.0,2.0,0.0,1.0,3.0,5.0,0.375,3.5,穩定攻擊,27.0,9.0,8.0,4.0,0.0,3.0,1.33333333333333,0.75,-6.0,失分偏高
1092,CPBL-2024-xa-124,中職2024年,2024,124,2024-05-29 18:35:00,臺北市立天母棒球場,v0.1.0-2024,G1-G360 regular season,https://github.com/rebas-tw/rebas.tw-open-data/releases/download/v0.1.0-2024/CPBL-2024-OpenData.zip,CPBL-2024-OpenData/CPBL-2024-OpenData.json,台鋼雄鷹,味全龍,False,6,0,6,1,0,6,0,1,0,1,34,9,6,2,3,0,0,3,3,0.6666666666666666,14.0,27,9.0,4,0,0,8,0.4444444444444444,8.0,8,客場,勝,大勝,高得分,低失分,領先守成型,火力強勢,壓制力強,5,中職2024年,124.0,2024-05-29 18:35,臺北市立天母棒球場,味全龍,False,6.0,0.0,6.0,True,客場,勝,大勝,高得分,低失分,0.0,6.0,0.0,True,False,True,拉鋸型,34.0,9.0,6.0,2.0,3.0,0.0,0.0,3.0,3.0,0.666666666666667,14.0,火力強勢,27.0,9.0,4.0,0.0,0.0,8.0,0.444444444444444,8.0,8.0,壓制力強
1093,CPBL-2024-xa-124,中職2024年,2024,124,2024-05-29 18:35:00,臺北市立天母棒球場,v0.1.0-2024,G1-G360 regular season,https://github.com/rebas-tw/rebas.tw-open-data/releases/download/v0.1.0-2024/CPBL-2024-OpenData.zip,CPBL-2024-OpenData/CPBL-2024-OpenData.json,味全龍,台鋼雄鷹,True,0,6,-6,0,0,0,0,0,0,0,31,4,0,8,0,0,0,0,0,0.0,-4.0,27,9.0,9,6,0,2,1.6666666666666667,0.3333333333333333,-10,主場,敗,大敗,低得分,高失分,一般拉鋸型,攻勢受阻,失分偏高,5,中職2024年,124.0,2024-05-29 18:35,臺北市立天母棒球場,台鋼雄鷹,True,0.0,6.0,-6.0,False,主場,敗,大敗,低得分,高失分,0.0,0.0,0.0,False,False,False,被壓制型,31.0,4.0,0.0,8.0,0.0,0.0,0.0,0.0,0.0,0.0,-4.0,攻勢受阻,27.0,9.0,9.0,6.0,0.0,2.0,1.66666666666667,0.333333333333333,-10.0,失分偏高
1094,CPBL-2024-xa-122,中職2024年,2024,122,2024-05-28 18:35:00,臺北市立天母棒球場,v0.1.0-2024,G1-G360 regular season,https://github.com/rebas-tw/rebas.tw-open-data/releases/download/v0.1.0-2024/CPBL-2024-OpenData.zip,CPBL-2024-OpenData/CPBL-2024-OpenData.json,台鋼雄鷹,味全龍,False,1,8,-7,0,0,1,0,0,0,0,34,10,3,8,1,0,0,1,1,0.1,1.0,24,8.0,10,2,0,2,1.5,1.0,-8,客場,敗,大敗,低得分,高失分,一般拉鋸型,攻勢受阻,失分偏高,5,中職2024年,122.0,2024-05-28 18:35,臺北市立天母棒球場,味全龍,False,1.0,8.0,-7.0,False,客場,敗,大敗,低得分,高失分,0.0,1.0,0.0,False,False,False,被壓制型,34.0,10.0,3.0,8.0,1.0,0.0,0.0,1.0,1.0,0.1,1.0,攻勢受阻,24.0,8.0,10.0,2.0,0.0,2.0,1.5,1.0,-8.0,失分偏高
1095,CPBL-2024-xa-122,中職2024年,2024,122,2024-05-28 18:35:00,臺北市立天母棒球場,v0.1.0-2024,G1-G360 regular season,https://github.com/rebas-tw/rebas.tw-open-data/releases/download/v0.1.0-2024/CPBL-2024-OpenData.zip,CPBL-2024-OpenData/CPBL-2024-OpenData.json,味全龍,台鋼雄鷹,True,8,1,7,1,7,1,0,1,1,1,31,10,2,2,4,0,0,4,4,0.8,13.0,27,9.0,10,3,0,8,1.4444444444444444,2.6666666666666665,4,主場,勝,大勝,高得分,低失分,領先守成型,火力強勢,壓制力強,5,中職2024年,122.0,2024-05-28 18:35,臺北市立天母棒球場,台鋼雄鷹,True,8.0,1.0,7.0,True,主場,勝,大勝,高得分,低失分,7.0,1.0,0.0,True,True,True,全場壓制型,31.0,10.0,2.0,2.0,4.0,0.0,0.0,4.0,4.0,0.8,13.0,火力強勢,27.0,9.0,10.0,3.0,0.0,8.0,1.44444444444444,2.66666666666667,4.0,穩定守成
1096,CPBL-2024-xa-121,中職2024年,2024,121,2024-05-26 19:44:00,臺南市立棒球場,v0.1.0-2024,G1-G360 regular season,https://github.com/rebas-tw/rebas.tw-open-data/releases/download/v0.1.0-2024/CPBL-2024-OpenData.zip,CPBL-2024-OpenData/CPBL-2024-OpenData.json,中信兄弟,統一7-ELEVEn獅,False,0,4,-4,0,0,0,0,0,0,0,30,3,1,11,0,0,0,0,0,0.0,-4.5,24,8.0,9,5,1,9,1.75,1.8,-1,客場,敗,大敗,低得分,中等失分,一般拉鋸型,攻勢受阻,穩定守成,5,中職2024年,121.0,2024-05-26 19:44,臺南市立棒球場,統一7-ELEVEn獅,False,0.0,4.0,-4.0,False,客場,敗,小敗,低得分,中等失分,0.0,0.0,0.0,False,False,False,被壓制型,30.0,3.0,1.0,11.0,0.0,0.0,0.0,0.0,0.0,0.0,-4.5,攻勢受阻,24.0,8.0,9.0,5.0,1.0,9.0,1.75,1.8,-1.0,普通防守
1097,CPBL-2024-xa-121,中職2024年,2024,121,2024-05-26 19:44:00,臺南市立棒球場,v0.1.0-2024,G1-G360 regular season,https://github.com/rebas-tw/rebas.tw-open-data/releases/download/v0.1.0-2024/CPBL-2024-OpenData.zip,CPBL-2024-OpenData/CPBL-2024-OpenData.json,統一7-ELEVEn獅,中信兄弟,True,4,0,4,1,2,1,1,1,1,1,31,9,5,9,1,0,1,2,4,0.4444444444444444,6.5,27,9.0,3,1,0,11,0.4444444444444444,11.0,10,主場,勝,中幅勝,中等得分,低失分,領先守成型,穩定攻擊,壓制力強,5,中職2024年,121.0,2024-05-26 19:44,臺南市立棒球場,中信兄弟,True,4.0,0.0,4.0,True,主場,勝,小勝,中等得分,低失分,2.0,1.0,1.0,True,True,True,全場壓制型,31.0,9.0,5.0,9.0,1.0,0.0,1.0,2.0,4.0,0.444444444444444,6.5,穩定攻擊,27.0,9.0,3.0,1.0,0.0,11.0,0.444444444444444,11.0,10.0,壓制力強
1098,CPBL-2024-xa-120,中職2024年,2024,120,2024-05-26 17:05:00,樂天桃園棒球場,v0.1.0-2024,G1-G360 regular season,https://github.com/rebas-tw/rebas.tw-open-data/releases/download/v0.1.0-2024/CPBL-2024-OpenData.zip,CPBL-2024-OpenData/CPBL-2024-OpenData.json,味全龍,樂天桃猿,False,4,5,-1,0,0,2,2,1,0,0,30,7,7,5,2,0,1,3,5,0.5714285714285714,11.5,24,8.0,10,0,1,4,1.25,4.0,-2,客場,敗,小敗,中等得分,中等失分,一般拉鋸型,火力強勢,穩定守成,5,中職2024年,120.0,2024-05-26 17:05,樂天桃園棒球場,樂天桃猿,False,4.0,5.0,-1.0,False,客場,敗,小敗,中等得分,中等失分,0.0,2.0,2.0,True,False,False,被壓制型,30.0,7.0,7.0,5.0,2.0,0.0,1.0,3.0,5.0,0.571428571428571,11.5,零星攻勢,24.0,8.0,10.0,0.0,1.0,4.0,1.25,4.0,-2.0,失分偏高
1099,CPBL-2024-xa-120,中職2024年,2024,120,2024-05-26 17:05:00,樂天桃園棒球場,v0.1.0-2024,G1-G360 regular season,https://github.com/rebas-tw/rebas.tw-open-data/releases/download/v0.1.0-2024/CPBL-2024-OpenData.zip,CPBL-2024-OpenData/CPBL-2024-OpenData.json,樂天桃猿,味全龍,True,5,4,1,1,0,5,0,0,0,1,33,10,0,4,1,0,1,2,4,0.5,5.0,27,9.0,7,7,1,5,1.5555555555555556,0.7142857142857143,-7,主場,勝,小勝,中等得分,中等失分,領先守成型,穩定攻擊,失分偏高,5,中職2024年,120.0,2024-05-26 17:05,樂天桃園棒球場,味全龍,True,5.0,4.0,1.0,True,主場,勝,小勝,中等得分,中等失分,0.0,5.0,0.0,False,False,True,拉鋸型,33.0,10.0,0.0,4.0,1.0,0.0,1.0,2.0,4.0,0.5,5.0,穩定攻擊,27.0,9.0,7.0,7.0,1.0,5.0,1.55555555555556,0.714285714285714,-7.0,普通防守
1100,CPBL-2024-xa-119,中職2024年,2024,119,2024-05-26 17:05:00,臺北大巨蛋,v0.1.0-2024,G1-G360 regular season,https://github.com/rebas-tw/rebas.tw-open-data/releases/download/v0.1.0-2024/CPBL-2024-OpenData.zip,CPBL-2024-OpenData/CPBL-2024-OpenData.json,台鋼雄鷹,富邦悍將,False,0,2,-2,0,0,0,0,0,0,0,29,3,2,10,0,0,0,0,0,0.0,-3.0,24,8.0,5,2,0,3,0.875,1.5,-1,客場,敗,小敗,低得分,低失分,一般拉鋸型,攻勢受阻,穩定守成,5,中職2024年,119.0,2024-05-26 17:05,臺北大巨蛋,富邦悍將,False,0.0,2.0,-2.0,False,客場,敗,小敗,低得分,低失分,0.0,0.0,0.0,False,False,False,被壓制型,29.0,3.0,2.0,10.0,0.0,0.0,0.0,0.0,0.0,0.0,-3.0,攻勢受阻,24.0,8.0,5.0,2.0,0.0,3.0,0.875,1.5,-1.0,壓制力強
1101,CPBL-2024-xa-119,中職2024年,2024,119,2024-05-26 17:05:00,臺北大巨蛋,v0.1.0-2024,G1-G360 regular season,https://github.com/rebas-tw/rebas.tw-open-data/releases/download/v0.1.0-2024/CPBL-2024-OpenData.zip,CPBL-2024-OpenData/CPBL-2024-OpenData.json,富邦悍將,台鋼雄鷹,True,2,0,2,1,1,0,1,1,1,1,27,5,2,3,0,1,0,1,2,0.4,3.5,27,9.0,3,2,0,10,0.5555555555555556,5.0,8,主場,勝,中幅勝,低得分,低失分,領先守成型,穩定攻擊,壓制力強,5,中職2024年,119.0,2024-05-26 17:05,臺北大巨蛋,台鋼雄鷹,True,2.0,0.0,2.0,True,主場,勝,小勝,低得分,低失分,1.0,0.0,1.0,True,True,True,全場壓制型,27.0,5.0,2.0,3.0,0.0,1.0,0.0,1.0,2.0,0.4,3.5,低效進攻,27.0,9.0,3.0,2.0,0.0,10.0,0.555555555555556,5.0,8.0,壓制力強
1102,CPBL-2024-xa-118,中職2024年,2024,118,2024-05-25 17:00:00,臺南市立棒球場,v0.1.0-2024,G1-G360 regular season,https://github.com/rebas-tw/rebas.tw-open-data/releases/download/v0.1.0-2024/CPBL-2024-OpenData.zip,CPBL-2024-OpenData/CPBL-2024-OpenData.json,中信兄弟,統一7-ELEVEn獅,False,4,1,3,1,0,2,2,0,0,1,33,6,3,5,0,0,0,0,0,0.6666666666666666,4.5,27,9.0,5,2,0,3,0.7777777777777778,1.5,0,客場,勝,中幅勝,中等得分,低失分,領先守成型,穩定攻擊,穩定守成,5,中職2024年,118.0,2024-05-25 17:00,臺南市立棒球場,統一7-ELEVEn獅,False,4.0,1.0,3.0,True,客場,勝,小勝,中等得分,低失分,0.0,2.0,2.0,False,False,True,後段追分型,33.0,6.0,3.0,5.0,0.0,0.0,0.0,0.0,0.0,0.666666666666667,4.5,零星攻勢,27.0,9.0,5.0,2.0,0.0,3.0,0.777777777777778,1.5,0.0,壓制力強
1103,CPBL-2024-xa-118,中職2024年,2024,118,2024-05-25 17:00:00,臺南市立棒球場,v0.1.0-2024,G1-G360 regular season,https://github.com/rebas-tw/rebas.tw-open-data/releases/download/v0.1.0-2024/CPBL-2024-OpenData.zip,CPBL-2024-OpenData/CPBL-2024-OpenData.json,統一7-ELEVEn獅,中信兄弟,True,1,4,-3,0,1,0,0,1,1,0,29,5,2,3,0,0,0,0,0,0.2,1.5,27,9.0,6,3,0,5,1.0,1.6666666666666667,-2,主場,敗,小敗,低得分,中等失分,一般拉鋸型,攻勢受阻,穩定守成,5,中職2024年,118.0,2024-05-25 17:00,臺南市立棒球場,中信兄弟,True,1.0,4.0,-3.0,False,主場,敗,小敗,低得分,中等失分,1.0,0.0,0.0,True,True,False,拉鋸型,29.0,5.0,2.0,3.0,0.0,0.0,0.0,0.0,0.0,0.2,1.5,低效進攻,27.0,9.0,6.0,3.0,0.0,5.0,1.0,1.66666666666667,-2.0,普通防守
1104,CPBL-2024-xa-117,中職2024年,2024,117,2024-05-25 17:05:00,樂天桃園棒球場,v0.1.0-2024,G1-G360 regular season,https://github.com/rebas-tw/rebas.tw-open-data/releases/download/v0.1.0-2024/CPBL-2024-OpenData.zip,CPBL-2024-OpenData/CPBL-2024-OpenData.json,味全龍,樂天桃猿,False,0,4,-4,0,0,0,0,0,0,0,32,5,0,6,0,0,0,0,0,0.0,-3.0,24,8.0,11,2,0,3,1.625,1.5,-3,客場,敗,大敗,低得分,中等失分,一般拉鋸型,攻勢受阻,穩定守成,5,中職2024年,117.0,2024-05-25 17:05,樂天桃園棒球場,樂天桃猿,False,0.0,4.0,-4.0,False,客場,敗,小敗,低得分,中等失分,0.0,0.0,0.0,False,False,False,被壓制型,32.0,5.0,0.0,6.0,0.0,0.0,0.0,0.0,0.0,0.0,-3.0,低效進攻,24.0,8.0,11.0,2.0,0.0,3.0,1.625,1.5,-3.0,普通防守
1105,CPBL-2024-xa-117,中職2024年,2024,117,2024-05-25 17:05:00,樂天桃園棒球場,v0.1.0-2024,G1-G360 regular season,https://github.com/rebas-tw/rebas.tw-open-data/releases/download/v0.1.0-2024/CPBL-2024-OpenData.zip,CPBL-2024-OpenData/CPBL-2024-OpenData.json,樂天桃猿,味全龍,True,4,0,4,1,1,0,3,1,1,1,29,11,2,3,0,0,0,0,0,0.36363636363636365,4.5,27,9.0,5,0,0,6,0.5555555555555556,6.0,6,主場,勝,中幅勝,中等得分,低失分,領先守成型,穩定攻擊,壓制力強,5,中職2024年,117.0,2024-05-25 17:05,樂天桃園棒球場,味全龍,True,4.0,0.0,4.0,True,主場,勝,小勝,中等得分,低失分,1.0,0.0,3.0,True,True,True,全場壓制型,29.0,11.0,2.0,3.0,0.0,0.0,0.0,0.0,0.0,0.363636363636364,4.5,穩定攻擊,27.0,9.0,5.0,0.0,0.0,6.0,0.555555555555556,6.0,6.0,壓制力強
1106,CPBL-2024-xa-116,中職2024年,2024,116,2024-05-25 17:05:00,臺北大巨蛋,v0.1.0-2024,G1-G360 regular season,https://github.com/rebas-tw/rebas.tw-open-data/releases/download/v0.1.0-2024/CPBL-2024-OpenData.zip,CPBL-2024-OpenData/CPBL-2024-OpenData.json,台鋼雄鷹,富邦悍將,False,3,2,1,1,1,1,1,0,0,0,32,6,6,11,0,0,0,0,0,0.5,3.5,27,9.0,5,4,0,3,1.0,0.75,-3,客場,勝,小勝,中等得分,低失分,後段逆轉型,穩定攻擊,穩定守成,5,中職2024年,116.0,2024-05-25 17:05,臺北大巨蛋,富邦悍將,False,3.0,2.0,1.0,True,客場,勝,小勝,中等得分,低失分,1.0,1.0,1.0,False,False,False,後段逆轉型,32.0,6.0,6.0,11.0,0.0,0.0,0.0,0.0,0.0,0.5,3.5,零星攻勢,27.0,9.0,5.0,4.0,0.0,3.0,1.0,0.75,-3.0,壓制力強
1107,CPBL-2024-xa-116,中職2024年,2024,116,2024-05-25 17:05:00,臺北大巨蛋,v0.1.0-2024,G1-G360 regular season,https://github.com/rebas-tw/rebas.tw-open-data/releases/download/v0.1.0-2024/CPBL-2024-OpenData.zip,CPBL-2024-OpenData/CPBL-2024-OpenData.json,富邦悍將,台鋼雄鷹,True,2,3,-1,0,2,0,0,0,1,0,30,5,4,3,1,1,0,2,3,0.4,6.5,27,9.0,6,6,0,11,1.3333333333333333,1.8333333333333333,2,主場,敗,小敗,低得分,中等失分,一般拉鋸型,穩定攻擊,壓制力強,5,中職2024年,116.0,2024-05-25 17:05,臺北大巨蛋,台鋼雄鷹,True,2.0,3.0,-1.0,False,主場,敗,小敗,低得分,中等失分,2.0,0.0,0.0,False,True,False,拉鋸型,30.0,5.0,4.0,3.0,1.0,1.0,0.0,2.0,3.0,0.4,6.5,低效進攻,27.0,9.0,6.0,6.0,0.0,11.0,1.33333333333333,1.83333333333333,2.0,穩定守成
1108,CPBL-2024-xa-115,中職2024年,2024,115,2024-05-24 18:36:00,臺南市立棒球場,v0.1.0-2024,G1-G360 regular season,https://github.com/rebas-tw/rebas.tw-open-data/releases/download/v0.1.0-2024/CPBL-2024-OpenData.zip,CPBL-2024-OpenData/CPBL-2024-OpenData.json,中信兄弟,統一7-ELEVEn獅,False,14,4,10,1,1,10,3,1,1,1,43,17,6,6,4,1,3,8,15,0.8235294117647058,25.0,27,9.0,9,3,0,8,1.3333333333333333,2.6666666666666665,1,客場,勝,大勝,高得分,中等失分,領先守成型,火力強勢,穩定守成,5,中職2024年,115.0,2024-05-24 18:36,臺南市立棒球場,統一7-ELEVEn獅,False,14.0,4.0,10.0,True,客場,勝,大勝,高得分,中等失分,1.0,10.0,3.0,True,True,True,全場壓制型,43.0,17.0,6.0,6.0,4.0,1.0,3.0,8.0,15.0,0.823529411764706,25.0,火力強勢,27.0,9.0,9.0,3.0,0.0,8.0,1.33333333333333,2.66666666666667,1.0,穩定守成
1109,CPBL-2024-xa-115,中職2024年,2024,115,2024-05-24 18:36:00,臺南市立棒球場,v0.1.0-2024,G1-G360 regular season,https://github.com/rebas-tw/rebas.tw-open-data/releases/download/v0.1.0-2024/CPBL-2024-OpenData.zip,CPBL-2024-OpenData/CPBL-2024-OpenData.json,統一7-ELEVEn獅,中信兄弟,True,4,14,-10,0,0,3,1,0,0,0,33,9,3,8,0,0,0,0,0,0.4444444444444444,3.0,27,9.0,17,6,3,6,2.5555555555555554,1.0,-17,主場,敗,大敗,中等得分,高失分,一般拉鋸型,穩定攻擊,失分偏高,5,中職2024年,115.0,2024-05-24 18:36,臺南市立棒球場,中信兄弟,True,4.0,14.0,-10.0,False,主場,敗,大敗,中等得分,高失分,0.0,3.0,1.0,False,False,False,被壓制型,33.0,9.0,3.0,8.0,0.0,0.0,0.0,0.0,0.0,0.444444444444444,3.0,穩定攻擊,27.0,9.0,17.0,6.0,3.0,6.0,2.55555555555556,1.0,-17.0,投打被突破
1110,CPBL-2024-xa-114,中職2024年,2024,114,2024-05-24 18:35:00,樂天桃園棒球場,v0.1.0-2024,G1-G360 regular season,https://github.com/rebas-tw/rebas.tw-open-data/releases/download/v0.1.0-2024/CPBL-2024-OpenData.zip,CPBL-2024-OpenData/CPBL-2024-OpenData.json,味全龍,樂天桃猿,False,5,4,1,1,3,2,0,1,1,1,33,10,4,5,2,0,0,2,2,0.5,8.5,27,9.0,6,2,2,5,0.8888888888888888,2.5,-3,客場,勝,小勝,中等得分,中等失分,領先守成型,火力強勢,穩定守成,5,中職2024年,114.0,2024-05-24 18:35,樂天桃園棒球場,樂天桃猿,False,5.0,4.0,1.0,True,客場,勝,小勝,中等得分,中等失分,3.0,2.0,0.0,True,True,True,全場壓制型,33.0,10.0,4.0,5.0,2.0,0.0,0.0,2.0,2.0,0.5,8.5,穩定攻擊,27.0,9.0,6.0,2.0,2.0,5.0,0.888888888888889,2.5,-3.0,普通防守
1111,CPBL-2024-xa-114,中職2024年,2024,114,2024-05-24 18:35:00,樂天桃園棒球場,v0.1.0-2024,G1-G360 regular season,https://github.com/rebas-tw/rebas.tw-open-data/releases/download/v0.1.0-2024/CPBL-2024-OpenData.zip,CPBL-2024-OpenData/CPBL-2024-OpenData.json,樂天桃猿,味全龍,True,4,5,-1,0,0,4,0,0,0,0,32,6,2,5,0,0,2,2,6,0.6666666666666666,5.5,27,9.0,10,4,0,5,1.5555555555555556,1.25,-4,主場,敗,小敗,中等得分,中等失分,一般拉鋸型,穩定攻擊,失分偏高,5,中職2024年,114.0,2024-05-24 18:35,樂天桃園棒球場,味全龍,True,4.0,5.0,-1.0,False,主場,敗,小敗,中等得分,中等失分,0.0,4.0,0.0,False,False,False,被壓制型,32.0,6.0,2.0,5.0,0.0,0.0,2.0,2.0,6.0,0.666666666666667,5.5,零星攻勢,27.0,9.0,10.0,4.0,0.0,5.0,1.55555555555556,1.25,-4.0,失分偏高
1112,CPBL-2024-xa-113,中職2024年,2024,113,2024-05-24 18:35:00,臺北大巨蛋,v0.1.0-2024,G1-G360 regular season,https://github.com/rebas-tw/rebas.tw-open-data/releases/download/v0.1.0-2024/CPBL-2024-OpenData.zip,CPBL-2024-OpenData/CPBL-2024-OpenData.json,台鋼雄鷹,富邦悍將,False,3,4,-1,0,0,1,2,1,0,0,31,6,5,9,0,0,1,1,3,0.5,4.5,25,8.333333333333334,8,2,0,4,1.2,2.0,-2,客場,敗,小敗,中等得分,中等失分,一般拉鋸型,穩定攻擊,穩定守成,5,中職2024年,113.0,2024-05-24 18:35,臺北大巨蛋,富邦悍將,False,3.0,4.0,-1.0,False,客場,敗,小敗,中等得分,中等失分,0.0,1.0,2.0,True,False,False,被壓制型,31.0,6.0,5.0,9.0,0.0,0.0,1.0,1.0,3.0,0.5,4.5,零星攻勢,25.0,8.33333333333333,8.0,2.0,0.0,4.0,1.2,2.0,-2.0,普通防守
1113,CPBL-2024-xa-113,中職2024年,2024,113,2024-05-24 18:35:00,臺北大巨蛋,v0.1.0-2024,G1-G360 regular season,https://github.com/rebas-tw/rebas.tw-open-data/releases/download/v0.1.0-2024/CPBL-2024-OpenData.zip,CPBL-2024-OpenData/CPBL-2024-OpenData.json,富邦悍將,台鋼雄鷹,True,4,3,1,1,0,1,3,0,0,0,31,8,2,4,1,0,0,1,1,0.5,5.0,27,9.0,6,5,1,9,1.2222222222222223,1.8,0,主場,勝,小勝,中等得分,中等失分,後段逆轉型,穩定攻擊,穩定守成,5,中職2024年,113.0,2024-05-24 18:35,臺北大巨蛋,台鋼雄鷹,True,4.0,3.0,1.0,True,主場,勝,小勝,中等得分,中等失分,0.0,1.0,3.0,False,False,False,後段逆轉型,31.0,8.0,2.0,4.0,1.0,0.0,0.0,1.0,1.0,0.5,5.0,穩定攻擊,27.0,9.0,6.0,5.0,1.0,9.0,1.22222222222222,1.8,0.0,穩定守成
1114,CPBL-2024-xa-112,中職2024年,2024,112,2024-05-23 18:36:00,澄清湖棒球場,v0.1.0-2024,G1-G360 regular season,https://github.com/rebas-tw/rebas.tw-open-data/releases/download/v0.1.0-2024/CPBL-2024-OpenData.zip,CPBL-2024-OpenData/CPBL-2024-OpenData.json,中信兄弟,台鋼雄鷹,False,5,16,-11,0,0,4,1,0,0,0,36,13,1,5,2,1,1,4,7,0.38461538461538464,7.5,24,8.0,18,6,1,8,3.0,1.3333333333333333,-15,客場,敗,大敗,中等得分,高失分,一般拉鋸型,穩定攻擊,失分偏高,5,中職2024年,112.0,2024-05-23 18:36,澄清湖棒球場,台鋼雄鷹,False,5.0,16.0,-11.0,False,客場,敗,大敗,中等得分,高失分,0.0,4.0,1.0,False,False,False,被壓制型,36.0,13.0,1.0,5.0,2.0,1.0,1.0,4.0,7.0,0.384615384615385,7.5,穩定攻擊,24.0,8.0,18.0,6.0,1.0,8.0,3.0,1.33333333333333,-15.0,投打被突破
1115,CPBL-2024-xa-112,中職2024年,2024,112,2024-05-23 18:36:00,澄清湖棒球場,v0.1.0-2024,G1-G360 regular season,https://github.com/rebas-tw/rebas.tw-open-data/releases/download/v0.1.0-2024/CPBL-2024-OpenData.zip,CPBL-2024-OpenData/CPBL-2024-OpenData.json,台鋼雄鷹,中信兄弟,True,16,5,11,1,7,8,1,1,1,1,39,18,6,8,4,1,1,6,9,0.8888888888888888,24.0,27,9.0,13,1,1,5,1.5555555555555556,5.0,-2,主場,勝,大勝,高得分,中等失分,領先守成型,火力強勢,穩定守成,5,中職2024年,112.0,2024-05-23 18:36,澄清湖棒球場,中信兄弟,True,16.0,5.0,11.0,True,主場,勝,大勝,高得分,中等失分,7.0,8.0,1.0,True,True,True,全場壓制型,39.0,18.0,6.0,8.0,4.0,1.0,1.0,6.0,9.0,0.888888888888889,24.0,火力強勢,27.0,9.0,13.0,1.0,1.0,5.0,1.55555555555556,5.0,-2.0,失分偏高
1116,CPBL-2024-xa-111,中職2024年,2024,111,2024-05-22 18:35:00,澄清湖棒球場,v0.1.0-2024,G1-G360 regular season,https://github.com/rebas-tw/rebas.tw-open-data/releases/download/v0.1.0-2024/CPBL-2024-OpenData.zip,CPBL-2024-OpenData/CPBL-2024-OpenData.json,中信兄弟,台鋼雄鷹,False,10,0,10,1,5,0,5,1,1,1,37,11,5,5,5,0,1,6,8,0.9090909090909091,18.5,27,9.0,3,0,0,7,0.3333333333333333,7.0,7,客場,勝,大勝,高得分,低失分,領先守成型,火力強勢,壓制力強,5,中職2024年,111.0,2024-05-22 18:35,澄清湖棒球場,台鋼雄鷹,False,10.0,0.0,10.0,True,客場,勝,大勝,高得分,低失分,5.0,0.0,5.0,True,True,True,全場壓制型,37.0,11.0,5.0,5.0,5.0,0.0,1.0,6.0,8.0,0.909090909090909,18.5,火力強勢,27.0,9.0,3.0,0.0,0.0,7.0,0.333333333333333,7.0,7.0,壓制力強
1117,CPBL-2024-xa-111,中職2024年,2024,111,2024-05-22 18:35:00,澄清湖棒球場,v0.1.0-2024,G1-G360 regular season,https://github.com/rebas-tw/rebas.tw-open-data/releases/download/v0.1.0-2024/CPBL-2024-OpenData.zip,CPBL-2024-OpenData/CPBL-2024-OpenData.json,台鋼雄鷹,中信兄弟,True,0,10,-10,0,0,0,0,0,0,0,30,3,0,7,0,1,0,1,2,0.0,-2.5,27,9.0,11,5,1,5,1.7777777777777777,1.0,-11,主場,敗,大敗,低得分,高失分,一般拉鋸型,攻勢受阻,失分偏高,5,中職2024年,111.0,2024-05-22 18:35,澄清湖棒球場,中信兄弟,True,0.0,10.0,-10.0,False,主場,敗,大敗,低得分,高失分,0.0,0.0,0.0,False,False,False,被壓制型,30.0,3.0,0.0,7.0,0.0,1.0,0.0,1.0,2.0,0.0,-2.5,低效進攻,27.0,9.0,11.0,5.0,1.0,5.0,1.77777777777778,1.0,-11.0,失分偏高
1118,CPBL-2024-xa-110,中職2024年,2024,110,2024-05-22 18:35:00,臺北市立天母棒球場,v0.1.0-2024,G1-G360 regular season,https://github.com/rebas-tw/rebas.tw-open-data/releases/download/v0.1.0-2024/CPBL-2024-OpenData.zip,CPBL-2024-OpenData/CPBL-2024-OpenData.json,統一7-ELEVEn獅,味全龍,False,4,2,2,1,1,1,2,0,0,1,32,8,3,7,1,0,1,2,4,0.5,5.5,27,9.0,5,3,2,6,0.8888888888888888,2.0,-1,客場,勝,中幅勝,中等得分,低失分,領先守成型,穩定攻擊,穩定守成,5,中職2024年,110.0,2024-05-22 18:35,臺北市立天母棒球場,味全龍,False,4.0,2.0,2.0,True,客場,勝,小勝,中等得分,低失分,1.0,1.0,2.0,False,False,True,後段追分型,32.0,8.0,3.0,7.0,1.0,0.0,1.0,2.0,4.0,0.5,5.5,穩定攻擊,27.0,9.0,5.0,3.0,2.0,6.0,0.888888888888889,2.0,-1.0,壓制力強
1119,CPBL-2024-xa-110,中職2024年,2024,110,2024-05-22 18:35:00,臺北市立天母棒球場,v0.1.0-2024,G1-G360 regular season,https://github.com/rebas-tw/rebas.tw-open-data/releases/download/v0.1.0-2024/CPBL-2024-OpenData.zip,CPBL-2024-OpenData/CPBL-2024-OpenData.json,味全龍,統一7-ELEVEn獅,True,2,4,-2,0,1,0,1,1,0,0,30,5,3,6,1,1,2,4,9,0.4,6.0,27,9.0,8,3,1,7,1.2222222222222223,2.3333333333333335,-1,主場,敗,小敗,低得分,中等失分,一般拉鋸型,穩定攻擊,穩定守成,5,中職2024年,110.0,2024-05-22 18:35,臺北市立天母棒球場,統一7-ELEVEn獅,True,2.0,4.0,-2.0,False,主場,敗,小敗,低得分,中等失分,1.0,0.0,1.0,True,False,False,被壓制型,30.0,5.0,3.0,6.0,1.0,1.0,2.0,4.0,9.0,0.4,6.0,低效進攻,27.0,9.0,8.0,3.0,1.0,7.0,1.22222222222222,2.33333333333333,-1.0,普通防守
1120,CPBL-2024-xa-109,中職2024年,2024,109,2024-05-22 18:36:00,新北市立新莊棒球場,v0.1.0-2024,G1-G360 regular season,https://github.com/rebas-tw/rebas.tw-open-data/releases/download/v0.1.0-2024/CPBL-2024-OpenData.zip,CPBL-2024-OpenData/CPBL-2024-OpenData.json,樂天桃猿,富邦悍將,False,4,3,1,1,1,3,0,1,0,1,35,11,0,7,1,0,0,1,1,0.36363636363636365,1.5,27,9.0,10,4,0,6,1.5555555555555556,1.5,-1,客場,勝,小勝,中等得分,中等失分,領先守成型,攻勢受阻,穩定守成,5,中職2024年,109.0,2024-05-22 18:36,新北市立新莊棒球場,富邦悍將,False,4.0,3.0,1.0,True,客場,勝,小勝,中等得分,中等失分,1.0,3.0,0.0,True,False,True,拉鋸型,35.0,11.0,0.0,7.0,1.0,0.0,0.0,1.0,1.0,0.363636363636364,1.5,穩定攻擊,27.0,9.0,10.0,4.0,0.0,6.0,1.55555555555556,1.5,-1.0,普通防守
1121,CPBL-2024-xa-109,中職2024年,2024,109,2024-05-22 18:36:00,新北市立新莊棒球場,v0.1.0-2024,G1-G360 regular season,https://github.com/rebas-tw/rebas.tw-open-data/releases/download/v0.1.0-2024/CPBL-2024-OpenData.zip,CPBL-2024-OpenData/CPBL-2024-OpenData.json,富邦悍將,樂天桃猿,True,3,4,-1,0,2,1,0,0,1,0,35,10,4,6,1,0,0,1,1,0.3,5.0,27,9.0,11,0,0,7,1.2222222222222223,7.0,3,主場,敗,小敗,中等得分,中等失分,一般拉鋸型,穩定攻擊,壓制力強,5,中職2024年,109.0,2024-05-22 18:36,新北市立新莊棒球場,樂天桃猿,True,3.0,4.0,-1.0,False,主場,敗,小敗,中等得分,中等失分,2.0,1.0,0.0,False,True,False,拉鋸型,35.0,10.0,4.0,6.0,1.0,0.0,0.0,1.0,1.0,0.3,5.0,穩定攻擊,27.0,9.0,11.0,0.0,0.0,7.0,1.22222222222222,7.0,3.0,穩定守成
1122,CPBL-2024-xa-108,中職2024年,2024,108,2024-05-21 19:00:00,臺北市立天母棒球場,v0.1.0-2024,G1-G360 regular season,https://github.com/rebas-tw/rebas.tw-open-data/releases/download/v0.1.0-2024/CPBL-2024-OpenData.zip,CPBL-2024-OpenData/CPBL-2024-OpenData.json,統一7-ELEVEn獅,味全龍,False,5,0,5,1,2,2,1,1,1,1,33,9,6,8,1,0,1,2,4,0.5555555555555556,9.0,27,9.0,4,3,0,9,0.7777777777777778,3.0,6,客場,勝,大勝,中等得分,低失分,領先守成型,火力強勢,壓制力強,5,中職2024年,108.0,2024-05-21 19:00,臺北市立天母棒球場,味全龍,False,5.0,0.0,5.0,True,客場,勝,大勝,中等得分,低失分,2.0,2.0,1.0,True,True,True,全場壓制型,33.0,9.0,6.0,8.0,1.0,0.0,1.0,2.0,4.0,0.555555555555556,9.0,穩定攻擊,27.0,9.0,4.0,3.0,0.0,9.0,0.777777777777778,3.0,6.0,壓制力強
1123,CPBL-2024-xa-108,中職2024年,2024,108,2024-05-21 19:00:00,臺北市立天母棒球場,v0.1.0-2024,G1-G360 regular season,https://github.com/rebas-tw/rebas.tw-open-data/releases/download/v0.1.0-2024/CPBL-2024-OpenData.zip,CPBL-2024-OpenData/CPBL-2024-OpenData.json,味全龍,統一7-ELEVEn獅,True,0,5,-5,0,0,0,0,0,0,0,30,4,3,9,1,0,0,1,1,0.0,-0.5,27,9.0,9,6,1,8,1.6666666666666667,1.3333333333333333,-4,主場,敗,大敗,低得分,中等失分,一般拉鋸型,攻勢受阻,失分偏高,5,中職2024年,108.0,2024-05-21 19:00,臺北市立天母棒球場,統一7-ELEVEn獅,True,0.0,5.0,-5.0,False,主場,敗,大敗,低得分,中等失分,0.0,0.0,0.0,False,False,False,被壓制型,30.0,4.0,3.0,9.0,1.0,0.0,0.0,1.0,1.0,0.0,-0.5,攻勢受阻,27.0,9.0,9.0,6.0,1.0,8.0,1.66666666666667,1.33333333333333,-4.0,失分偏高
1124,CPBL-2024-xa-106,中職2024年,2024,106,2024-05-19 17:00:00,澄清湖棒球場,v0.1.0-2024,G1-G360 regular season,https://github.com/rebas-tw/rebas.tw-open-data/releases/download/v0.1.0-2024/CPBL-2024-OpenData.zip,CPBL-2024-OpenData/CPBL-2024-OpenData.json,統一7-ELEVEn獅,台鋼雄鷹,False,3,4,-1,0,1,0,2,1,0,0,38,9,1,3,4,0,0,4,4,0.3333333333333333,6.5,27,9.0,11,4,0,9,1.6666666666666667,2.25,1,客場,敗,小敗,中等得分,中等失分,一般拉鋸型,穩定攻擊,穩定守成,5,中職2024年,106.0,2024-05-19 17:00,澄清湖棒球場,台鋼雄鷹,False,3.0,4.0,-1.0,False,客場,敗,小敗,中等得分,中等失分,1.0,0.0,2.0,True,False,False,被壓制型,38.0,9.0,1.0,3.0,4.0,0.0,0.0,4.0,4.0,0.333333333333333,6.5,穩定攻擊,27.0,9.0,11.0,4.0,0.0,9.0,1.66666666666667,2.25,1.0,穩定守成
1125,CPBL-2024-xa-106,中職2024年,2024,106,2024-05-19 17:00:00,澄清湖棒球場,v0.1.0-2024,G1-G360 regular season,https://github.com/rebas-tw/rebas.tw-open-data/releases/download/v0.1.0-2024/CPBL-2024-OpenData.zip,CPBL-2024-OpenData/CPBL-2024-OpenData.json,台鋼雄鷹,統一7-ELEVEn獅,True,4,3,1,1,1,2,0,0,0,1,36,11,4,9,1,0,0,1,1,0.36363636363636365,4.5,30,10.0,9,1,0,3,1.0,3.0,-1,主場,勝,小勝,中等得分,中等失分,領先守成型,穩定攻擊,穩定守成,5,中職2024年,106.0,2024-05-19 17:00,澄清湖棒球場,統一7-ELEVEn獅,True,4.0,3.0,1.0,True,主場,勝,小勝,中等得分,中等失分,1.0,2.0,0.0,False,False,True,拉鋸型,36.0,11.0,4.0,9.0,1.0,0.0,0.0,1.0,1.0,0.363636363636364,4.5,穩定攻擊,30.0,10.0,9.0,1.0,0.0,3.0,1.0,3.0,-1.0,普通防守
1126,CPBL-2024-xa-105,中職2024年,2024,105,2024-05-19 17:05:00,臺北市立天母棒球場,v0.1.0-2024,G1-G360 regular season,https://github.com/rebas-tw/rebas.tw-open-data/releases/download/v0.1.0-2024/CPBL-2024-OpenData.zip,CPBL-2024-OpenData/CPBL-2024-OpenData.json,富邦悍將,味全龍,False,11,3,8,1,0,0,11,0,0,0,36,11,5,3,2,0,1,3,5,1.0,17.5,27,9.0,6,2,0,7,0.8888888888888888,3.5,2,客場,勝,大勝,高得分,中等失分,後段逆轉型,火力強勢,壓制力強,5,中職2024年,105.0,2024-05-19 17:05,臺北市立天母棒球場,味全龍,False,11.0,3.0,8.0,True,客場,勝,大勝,高得分,中等失分,0.0,0.0,11.0,False,False,False,後段逆轉型,36.0,11.0,5.0,3.0,2.0,0.0,1.0,3.0,5.0,1.0,17.5,火力強勢,27.0,9.0,6.0,2.0,0.0,7.0,0.888888888888889,3.5,2.0,穩定守成
1127,CPBL-2024-xa-105,中職2024年,2024,105,2024-05-19 17:05:00,臺北市立天母棒球場,v0.1.0-2024,G1-G360 regular season,https://github.com/rebas-tw/rebas.tw-open-data/releases/download/v0.1.0-2024/CPBL-2024-OpenData.zip,CPBL-2024-OpenData/CPBL-2024-OpenData.json,味全龍,富邦悍將,True,3,11,-8,0,2,1,0,1,1,1,34,6,2,7,2,0,0,2,2,0.5,3.5,27,9.0,11,5,1,3,1.7777777777777777,0.6,-14,主場,敗,大敗,中等得分,高失分,後段失守型,穩定攻擊,失分偏高,5,中職2024年,105.0,2024-05-19 17:05,臺北市立天母棒球場,富邦悍將,True,3.0,11.0,-8.0,False,主場,敗,大敗,中等得分,高失分,2.0,1.0,0.0,True,True,True,拉鋸型,34.0,6.0,2.0,7.0,2.0,0.0,0.0,2.0,2.0,0.5,3.5,零星攻勢,27.0,9.0,11.0,5.0,1.0,3.0,1.77777777777778,0.6,-14.0,失分偏高
1128,CPBL-2024-xa-104,中職2024年,2024,104,2024-05-19 17:05:00,臺中市洲際棒球場,v0.1.0-2024,G1-G360 regular season,https://github.com/rebas-tw/rebas.tw-open-data/releases/download/v0.1.0-2024/CPBL-2024-OpenData.zip,CPBL-2024-OpenData/CPBL-2024-OpenData.json,樂天桃猿,中信兄弟,False,4,3,1,1,2,1,1,0,0,1,35,8,2,3,2,1,1,4,7,0.5,8.5,27,9.0,8,3,1,11,1.2222222222222223,3.6666666666666665,4,客場,勝,小勝,中等得分,中等失分,領先守成型,火力強勢,壓制力強,5,中職2024年,104.0,2024-05-19 17:05,臺中市洲際棒球場,中信兄弟,False,4.0,3.0,1.0,True,客場,勝,小勝,中等得分,中等失分,2.0,1.0,1.0,False,False,True,拉鋸型,35.0,8.0,2.0,3.0,2.0,1.0,1.0,4.0,7.0,0.5,8.5,穩定攻擊,27.0,9.0,8.0,3.0,1.0,11.0,1.22222222222222,3.66666666666667,4.0,穩定守成
1129,CPBL-2024-xa-104,中職2024年,2024,104,2024-05-19 17:05:00,臺中市洲際棒球場,v0.1.0-2024,G1-G360 regular season,https://github.com/rebas-tw/rebas.tw-open-data/releases/download/v0.1.0-2024/CPBL-2024-OpenData.zip,CPBL-2024-OpenData/CPBL-2024-OpenData.json,中信兄弟,樂天桃猿,True,3,4,-1,0,2,0,1,1,0,0,34,8,3,11,2,1,1,4,7,0.375,4.5,27,9.0,8,2,1,3,1.1111111111111112,1.5,-4,主場,敗,小敗,中等得分,中等失分,一般拉鋸型,穩定攻擊,失分偏高,5,中職2024年,104.0,2024-05-19 17:05,臺中市洲際棒球場,樂天桃猿,True,3.0,4.0,-1.0,False,主場,敗,小敗,中等得分,中等失分,2.0,0.0,1.0,True,False,False,被壓制型,34.0,8.0,3.0,11.0,2.0,1.0,1.0,4.0,7.0,0.375,4.5,穩定攻擊,27.0,9.0,8.0,2.0,1.0,3.0,1.11111111111111,1.5,-4.0,普通防守
1130,CPBL-2024-xa-103,中職2024年,2024,103,2024-05-18 17:00:00,澄清湖棒球場,v0.1.0-2024,G1-G360 regular season,https://github.com/rebas-tw/rebas.tw-open-data/releases/download/v0.1.0-2024/CPBL-2024-OpenData.zip,CPBL-2024-OpenData/CPBL-2024-OpenData.json,統一7-ELEVEn獅,台鋼雄鷹,False,1,7,-6,0,0,0,1,0,0,0,32,5,2,3,0,1,0,1,2,0.2,2.5,24,8.0,12,2,1,2,1.75,1.0,-8,客場,敗,大敗,低得分,高失分,一般拉鋸型,攻勢受阻,失分偏高,5,中職2024年,103.0,2024-05-18 17:00,澄清湖棒球場,台鋼雄鷹,False,1.0,7.0,-6.0,False,客場,敗,大敗,低得分,高失分,0.0,0.0,1.0,False,False,False,被壓制型,32.0,5.0,2.0,3.0,0.0,1.0,0.0,1.0,2.0,0.2,2.5,低效進攻,24.0,8.0,12.0,2.0,1.0,2.0,1.75,1.0,-8.0,失分偏高
1131,CPBL-2024-xa-103,中職2024年,2024,103,2024-05-18 17:00:00,澄清湖棒球場,v0.1.0-2024,G1-G360 regular season,https://github.com/rebas-tw/rebas.tw-open-data/releases/download/v0.1.0-2024/CPBL-2024-OpenData.zip,CPBL-2024-OpenData/CPBL-2024-OpenData.json,台鋼雄鷹,統一7-ELEVEn獅,True,7,1,6,1,0,5,2,1,0,1,35,12,2,2,1,1,1,3,6,0.5833333333333334,11.0,27,9.0,5,2,0,3,0.7777777777777778,1.5,0,主場,勝,大勝,高得分,低失分,領先守成型,火力強勢,穩定守成,5,中職2024年,103.0,2024-05-18 17:00,澄清湖棒球場,統一7-ELEVEn獅,True,7.0,1.0,6.0,True,主場,勝,大勝,高得分,低失分,0.0,5.0,2.0,True,False,True,後段追分型,35.0,12.0,2.0,2.0,1.0,1.0,1.0,3.0,6.0,0.583333333333333,11.0,火力強勢,27.0,9.0,5.0,2.0,0.0,3.0,0.777777777777778,1.5,0.0,壓制力強
1132,CPBL-2024-xa-102,中職2024年,2024,102,2024-05-18 17:06:00,臺北市立天母棒球場,v0.1.0-2024,G1-G360 regular season,https://github.com/rebas-tw/rebas.tw-open-data/releases/download/v0.1.0-2024/CPBL-2024-OpenData.zip,CPBL-2024-OpenData/CPBL-2024-OpenData.json,富邦悍將,味全龍,False,0,1,-1,0,0,0,0,0,0,0,31,5,3,7,1,0,0,1,1,0.0,0.5,26,8.666666666666666,7,0,1,13,0.8076923076923077,13.0,11,客場,敗,小敗,低得分,低失分,一般拉鋸型,攻勢受阻,壓制力強,5,中職2024年,102.0,2024-05-18 17:06,臺北市立天母棒球場,味全龍,False,0.0,1.0,-1.0,False,客場,敗,小敗,低得分,低失分,0.0,0.0,0.0,False,False,False,被壓制型,31.0,5.0,3.0,7.0,1.0,0.0,0.0,1.0,1.0,0.0,0.5,低效進攻,26.0,8.66666666666667,7.0,0.0,1.0,13.0,0.807692307692308,13.0,11.0,壓制力強
1133,CPBL-2024-xa-102,中職2024年,2024,102,2024-05-18 17:06:00,臺北市立天母棒球場,v0.1.0-2024,G1-G360 regular season,https://github.com/rebas-tw/rebas.tw-open-data/releases/download/v0.1.0-2024/CPBL-2024-OpenData.zip,CPBL-2024-OpenData/CPBL-2024-OpenData.json,味全龍,富邦悍將,True,1,0,1,1,0,0,1,1,0,0,32,7,0,13,0,0,1,1,3,0.14285714285714285,-4.5,27,9.0,5,3,0,7,0.8888888888888888,2.3333333333333335,4,主場,勝,小勝,低得分,低失分,後段逆轉型,攻勢受阻,壓制力強,5,中職2024年,102.0,2024-05-18 17:06,臺北市立天母棒球場,富邦悍將,True,1.0,0.0,1.0,True,主場,勝,小勝,低得分,低失分,0.0,0.0,1.0,True,False,False,後段逆轉型,32.0,7.0,0.0,13.0,0.0,0.0,1.0,1.0,3.0,0.142857142857143,-4.5,攻勢受阻,27.0,9.0,5.0,3.0,0.0,7.0,0.888888888888889,2.33333333333333,4.0,壓制力強
1134,CPBL-2024-xa-101,中職2024年,2024,101,2024-05-18 17:05:00,臺中市洲際棒球場,v0.1.0-2024,G1-G360 regular season,https://github.com/rebas-tw/rebas.tw-open-data/releases/download/v0.1.0-2024/CPBL-2024-OpenData.zip,CPBL-2024-OpenData/CPBL-2024-OpenData.json,樂天桃猿,中信兄弟,False,1,12,-11,0,0,0,1,0,0,0,33,7,3,5,0,0,0,0,0,0.14285714285714285,1.5,24,8.0,12,8,3,5,2.5,0.625,-18,客場,敗,大敗,低得分,高失分,一般拉鋸型,攻勢受阻,失分偏高,5,中職2024年,101.0,2024-05-18 17:05,臺中市洲際棒球場,中信兄弟,False,1.0,12.0,-11.0,False,客場,敗,大敗,低得分,高失分,0.0,0.0,1.0,False,False,False,被壓制型,33.0,7.0,3.0,5.0,0.0,0.0,0.0,0.0,0.0,0.142857142857143,1.5,低效進攻,24.0,8.0,12.0,8.0,3.0,5.0,2.5,0.625,-18.0,投打被突破
1135,CPBL-2024-xa-101,中職2024年,2024,101,2024-05-18 17:05:00,臺中市洲際棒球場,v0.1.0-2024,G1-G360 regular season,https://github.com/rebas-tw/rebas.tw-open-data/releases/download/v0.1.0-2024/CPBL-2024-OpenData.zip,CPBL-2024-OpenData/CPBL-2024-OpenData.json,中信兄弟,樂天桃猿,True,12,1,11,1,5,6,1,1,1,1,36,12,8,5,1,0,3,4,10,1.0,21.5,27,9.0,7,3,0,5,1.1111111111111112,1.6666666666666667,1,主場,勝,大勝,高得分,低失分,領先守成型,火力強勢,穩定守成,5,中職2024年,101.0,2024-05-18 17:05,臺中市洲際棒球場,樂天桃猿,True,12.0,1.0,11.0,True,主場,勝,大勝,高得分,低失分,5.0,6.0,1.0,True,True,True,全場壓制型,36.0,12.0,8.0,5.0,1.0,0.0,3.0,4.0,10.0,1.0,21.5,火力強勢,27.0,9.0,7.0,3.0,0.0,5.0,1.11111111111111,1.66666666666667,1.0,壓制力強
1136,CPBL-2024-xa-100,中職2024年,2024,100,2024-05-17 18:30:00,澄清湖棒球場,v0.1.0-2024,G1-G360 regular season,https://github.com/rebas-tw/rebas.tw-open-data/releases/download/v0.1.0-2024/CPBL-2024-OpenData.zip,CPBL-2024-OpenData/CPBL-2024-OpenData.json,統一7-ELEVEn獅,台鋼雄鷹,False,9,5,4,1,0,7,2,0,0,1,41,14,2,7,1,1,0,2,3,0.6428571428571429,9.5,27,9.0,12,1,0,4,1.4444444444444444,4.0,-2,客場,勝,中幅勝,高得分,中等失分,領先守成型,火力強勢,穩定守成,5,中職2024年,100.0,2024-05-17 18:30,澄清湖棒球場,台鋼雄鷹,False,9.0,5.0,4.0,True,客場,勝,小勝,高得分,中等失分,0.0,7.0,2.0,False,False,True,後段追分型,41.0,14.0,2.0,7.0,1.0,1.0,0.0,2.0,3.0,0.642857142857143,9.5,穩定攻擊,27.0,9.0,12.0,1.0,0.0,4.0,1.44444444444444,4.0,-2.0,失分偏高
1137,CPBL-2024-xa-100,中職2024年,2024,100,2024-05-17 18:30:00,澄清湖棒球場,v0.1.0-2024,G1-G360 regular season,https://github.com/rebas-tw/rebas.tw-open-data/releases/download/v0.1.0-2024/CPBL-2024-OpenData.zip,CPBL-2024-OpenData/CPBL-2024-OpenData.json,台鋼雄鷹,統一7-ELEVEn獅,True,5,9,-4,0,1,1,3,1,1,0,35,12,1,4,2,0,0,2,2,0.4166666666666667,6.0,27,9.0,14,2,0,7,1.7777777777777777,3.5,-4,主場,敗,大敗,中等得分,高失分,一般拉鋸型,穩定攻擊,失分偏高,5,中職2024年,100.0,2024-05-17 18:30,澄清湖棒球場,統一7-ELEVEn獅,True,5.0,9.0,-4.0,False,主場,敗,小敗,中等得分,高失分,1.0,1.0,3.0,True,True,False,後段追分型,35.0,12.0,1.0,4.0,2.0,0.0,0.0,2.0,2.0,0.416666666666667,6.0,穩定攻擊,27.0,9.0,14.0,2.0,0.0,7.0,1.77777777777778,3.5,-4.0,失分偏高
1138,CPBL-2024-xa-99,中職2024年,2024,99,2024-05-17 18:35:00,臺北市立天母棒球場,v0.1.0-2024,G1-G360 regular season,https://github.com/rebas-tw/rebas.tw-open-data/releases/download/v0.1.0-2024/CPBL-2024-OpenData.zip,CPBL-2024-OpenData/CPBL-2024-OpenData.json,富邦悍將,味全龍,False,1,8,-7,0,0,1,0,1,0,0,29,5,5,7,0,0,1,1,3,0.2,3.5,24,8.0,10,3,1,3,1.625,1.0,-9,客場,敗,大敗,低得分,高失分,一般拉鋸型,穩定攻擊,失分偏高,5,中職2024年,99.0,2024-05-17 18:35,臺北市立天母棒球場,味全龍,False,1.0,8.0,-7.0,False,客場,敗,大敗,低得分,高失分,0.0,1.0,0.0,True,False,False,被壓制型,29.0,5.0,5.0,7.0,0.0,0.0,1.0,1.0,3.0,0.2,3.5,低效進攻,24.0,8.0,10.0,3.0,1.0,3.0,1.625,1.0,-9.0,失分偏高
1139,CPBL-2024-xa-99,中職2024年,2024,99,2024-05-17 18:35:00,臺北市立天母棒球場,v0.1.0-2024,G1-G360 regular season,https://github.com/rebas-tw/rebas.tw-open-data/releases/download/v0.1.0-2024/CPBL-2024-OpenData.zip,CPBL-2024-OpenData/CPBL-2024-OpenData.json,味全龍,富邦悍將,True,8,1,7,1,0,1,7,0,0,0,31,10,3,3,1,0,1,2,4,0.8,11.5,27,9.0,5,5,1,7,1.1111111111111112,1.4,0,主場,勝,大勝,高得分,低失分,後段逆轉型,火力強勢,穩定守成,5,中職2024年,99.0,2024-05-17 18:35,臺北市立天母棒球場,富邦悍將,True,8.0,1.0,7.0,True,主場,勝,大勝,高得分,低失分,0.0,1.0,7.0,False,False,False,後段逆轉型,31.0,10.0,3.0,3.0,1.0,0.0,1.0,2.0,4.0,0.8,11.5,穩定攻擊,27.0,9.0,5.0,5.0,1.0,7.0,1.11111111111111,1.4,0.0,壓制力強
1140,CPBL-2024-xa-98,中職2024年,2024,98,2024-05-17 18:35:00,臺中市洲際棒球場,v0.1.0-2024,G1-G360 regular season,https://github.com/rebas-tw/rebas.tw-open-data/releases/download/v0.1.0-2024/CPBL-2024-OpenData.zip,CPBL-2024-OpenData/CPBL-2024-OpenData.json,樂天桃猿,中信兄弟,False,4,8,-4,0,1,1,2,1,0,0,41,15,4,6,0,0,0,0,0,0.26666666666666666,5.0,24,8.0,11,4,0,7,1.875,1.75,-5,客場,敗,大敗,中等得分,高失分,一般拉鋸型,穩定攻擊,失分偏高,5,中職2024年,98.0,2024-05-17 18:35,臺中市洲際棒球場,中信兄弟,False,4.0,8.0,-4.0,False,客場,敗,小敗,中等得分,高失分,1.0,1.0,2.0,True,False,False,被壓制型,41.0,15.0,4.0,6.0,0.0,0.0,0.0,0.0,0.0,0.266666666666667,5.0,穩定攻擊,24.0,8.0,11.0,4.0,0.0,7.0,1.875,1.75,-5.0,投打被突破
1141,CPBL-2024-xa-98,中職2024年,2024,98,2024-05-17 18:35:00,臺中市洲際棒球場,v0.1.0-2024,G1-G360 regular season,https://github.com/rebas-tw/rebas.tw-open-data/releases/download/v0.1.0-2024/CPBL-2024-OpenData.zip,CPBL-2024-OpenData/CPBL-2024-OpenData.json,中信兄弟,樂天桃猿,True,8,4,4,1,3,5,0,0,1,1,31,11,4,7,3,1,0,4,5,0.7272727272727273,12.5,27,9.0,15,4,0,6,2.111111111111111,1.5,-2,主場,勝,中幅勝,高得分,中等失分,領先守成型,火力強勢,穩定守成,5,中職2024年,98.0,2024-05-17 18:35,臺中市洲際棒球場,樂天桃猿,True,8.0,4.0,4.0,True,主場,勝,小勝,高得分,中等失分,3.0,5.0,0.0,False,True,True,全場壓制型,31.0,11.0,4.0,7.0,3.0,1.0,0.0,4.0,5.0,0.727272727272727,12.5,火力強勢,27.0,9.0,15.0,4.0,0.0,6.0,2.11111111111111,1.5,-2.0,普通防守
1142,CPBL-2024-xa-97,中職2024年,2024,97,2024-05-15 18:30:00,臺南市立棒球場,v0.1.0-2024,G1-G360 regular season,https://github.com/rebas-tw/rebas.tw-open-data/releases/download/v0.1.0-2024/CPBL-2024-OpenData.zip,CPBL-2024-OpenData/CPBL-2024-OpenData.json,富邦悍將,統一7-ELEVEn獅,False,3,0,3,1,0,1,2,1,0,1,32,5,6,10,0,0,2,2,6,0.6,6.0,27,9.0,4,1,0,8,0.5555555555555556,8.0,7,客場,勝,中幅勝,中等得分,低失分,領先守成型,穩定攻擊,壓制力強,5,中職2024年,97.0,2024-05-15 18:30,臺南市立棒球場,統一7-ELEVEn獅,False,3.0,0.0,3.0,True,客場,勝,小勝,中等得分,低失分,0.0,1.0,2.0,True,False,True,後段追分型,32.0,5.0,6.0,10.0,0.0,0.0,2.0,2.0,6.0,0.6,6.0,零星攻勢,27.0,9.0,4.0,1.0,0.0,8.0,0.555555555555556,8.0,7.0,壓制力強
1143,CPBL-2024-xa-97,中職2024年,2024,97,2024-05-15 18:30:00,臺南市立棒球場,v0.1.0-2024,G1-G360 regular season,https://github.com/rebas-tw/rebas.tw-open-data/releases/download/v0.1.0-2024/CPBL-2024-OpenData.zip,CPBL-2024-OpenData/CPBL-2024-OpenData.json,統一7-ELEVEn獅,富邦悍將,True,0,3,-3,0,0,0,0,0,0,0,30,4,1,8,1,0,0,1,1,0.0,-2.0,27,9.0,5,6,2,10,1.2222222222222223,1.6666666666666667,-1,主場,敗,小敗,低得分,中等失分,一般拉鋸型,攻勢受阻,穩定守成,5,中職2024年,97.0,2024-05-15 18:30,臺南市立棒球場,富邦悍將,True,0.0,3.0,-3.0,False,主場,敗,小敗,低得分,中等失分,0.0,0.0,0.0,False,False,False,被壓制型,30.0,4.0,1.0,8.0,1.0,0.0,0.0,1.0,1.0,0.0,-2.0,攻勢受阻,27.0,9.0,5.0,6.0,2.0,10.0,1.22222222222222,1.66666666666667,-1.0,普通防守
1144,CPBL-2024-xa-96,中職2024年,2024,96,2024-05-15 18:36:00,樂天桃園棒球場,v0.1.0-2024,G1-G360 regular season,https://github.com/rebas-tw/rebas.tw-open-data/releases/download/v0.1.0-2024/CPBL-2024-OpenData.zip,CPBL-2024-OpenData/CPBL-2024-OpenData.json,台鋼雄鷹,樂天桃猿,False,5,0,5,1,2,1,2,1,1,1,38,12,2,5,3,0,1,4,6,0.4166666666666667,8.5,27,9.0,8,1,0,11,1.0,11.0,10,客場,勝,大勝,中等得分,低失分,領先守成型,火力強勢,壓制力強,5,中職2024年,96.0,2024-05-15 18:36,樂天桃園棒球場,樂天桃猿,False,5.0,0.0,5.0,True,客場,勝,大勝,中等得分,低失分,2.0,1.0,2.0,True,True,True,全場壓制型,38.0,12.0,2.0,5.0,3.0,0.0,1.0,4.0,6.0,0.416666666666667,8.5,穩定攻擊,27.0,9.0,8.0,1.0,0.0,11.0,1.0,11.0,10.0,壓制力強
1145,CPBL-2024-xa-96,中職2024年,2024,96,2024-05-15 18:36:00,樂天桃園棒球場,v0.1.0-2024,G1-G360 regular season,https://github.com/rebas-tw/rebas.tw-open-data/releases/download/v0.1.0-2024/CPBL-2024-OpenData.zip,CPBL-2024-OpenData/CPBL-2024-OpenData.json,樂天桃猿,台鋼雄鷹,True,0,5,-5,0,0,0,0,0,0,0,35,8,1,11,1,0,0,1,1,0.0,-3.5,27,9.0,12,2,1,5,1.5555555555555556,2.5,-3,主場,敗,大敗,低得分,中等失分,一般拉鋸型,攻勢受阻,穩定守成,5,中職2024年,96.0,2024-05-15 18:36,樂天桃園棒球場,台鋼雄鷹,True,0.0,5.0,-5.0,False,主場,敗,大敗,低得分,中等失分,0.0,0.0,0.0,False,False,False,被壓制型,35.0,8.0,1.0,11.0,1.0,0.0,0.0,1.0,1.0,0.0,-3.5,攻勢受阻,27.0,9.0,12.0,2.0,1.0,5.0,1.55555555555556,2.5,-3.0,失分偏高
1146,CPBL-2024-xa-95,中職2024年,2024,95,2024-05-15 18:35:00,臺中市洲際棒球場,v0.1.0-2024,G1-G360 regular season,https://github.com/rebas-tw/rebas.tw-open-data/releases/download/v0.1.0-2024/CPBL-2024-OpenData.zip,CPBL-2024-OpenData/CPBL-2024-OpenData.json,味全龍,中信兄弟,False,5,2,3,1,0,1,4,0,0,0,37,13,4,8,2,0,0,2,2,0.38461538461538464,7.0,27,9.0,8,3,0,7,1.2222222222222223,2.3333333333333335,2,客場,勝,中幅勝,中等得分,低失分,後段逆轉型,穩定攻擊,壓制力強,5,中職2024年,95.0,2024-05-15 18:35,臺中市洲際棒球場,中信兄弟,False,5.0,2.0,3.0,True,客場,勝,小勝,中等得分,低失分,0.0,1.0,4.0,False,False,False,後段逆轉型,37.0,13.0,4.0,8.0,2.0,0.0,0.0,2.0,2.0,0.384615384615385,7.0,穩定攻擊,27.0,9.0,8.0,3.0,0.0,7.0,1.22222222222222,2.33333333333333,2.0,穩定守成
1147,CPBL-2024-xa-95,中職2024年,2024,95,2024-05-15 18:35:00,臺中市洲際棒球場,v0.1.0-2024,G1-G360 regular season,https://github.com/rebas-tw/rebas.tw-open-data/releases/download/v0.1.0-2024/CPBL-2024-OpenData.zip,CPBL-2024-OpenData/CPBL-2024-OpenData.json,中信兄弟,味全龍,True,2,5,-3,0,1,1,0,1,1,1,34,8,3,7,2,0,0,2,2,0.25,3.5,27,9.0,13,4,0,8,1.8888888888888888,2.0,-1,主場,敗,小敗,低得分,中等失分,後段失守型,穩定攻擊,穩定守成,5,中職2024年,95.0,2024-05-15 18:35,臺中市洲際棒球場,味全龍,True,2.0,5.0,-3.0,False,主場,敗,小敗,低得分,中等失分,1.0,1.0,0.0,True,True,True,拉鋸型,34.0,8.0,3.0,7.0,2.0,0.0,0.0,2.0,2.0,0.25,3.5,低效進攻,27.0,9.0,13.0,4.0,0.0,8.0,1.88888888888889,2.0,-1.0,失分偏高
1148,CPBL-2024-xa-94,中職2024年,2024,94,2024-05-14 18:35:00,樂天桃園棒球場,v0.1.0-2024,G1-G360 regular season,https://github.com/rebas-tw/rebas.tw-open-data/releases/download/v0.1.0-2024/CPBL-2024-OpenData.zip,CPBL-2024-OpenData/CPBL-2024-OpenData.json,台鋼雄鷹,樂天桃猿,False,1,5,-4,0,1,0,0,1,0,0,35,9,3,7,1,0,0,1,1,0.1111111111111111,1.5,24,8.0,11,2,1,1,1.625,0.5,-7,客場,敗,大敗,低得分,中等失分,一般拉鋸型,攻勢受阻,失分偏高,5,中職2024年,94.0,2024-05-14 18:35,樂天桃園棒球場,樂天桃猿,False,1.0,5.0,-4.0,False,客場,敗,小敗,低得分,中等失分,1.0,0.0,0.0,True,False,False,被壓制型,35.0,9.0,3.0,7.0,1.0,0.0,0.0,1.0,1.0,0.111111111111111,1.5,低效進攻,24.0,8.0,11.0,2.0,1.0,1.0,1.625,0.5,-7.0,失分偏高
1149,CPBL-2024-xa-94,中職2024年,2024,94,2024-05-14 18:35:00,樂天桃園棒球場,v0.1.0-2024,G1-G360 regular season,https://github.com/rebas-tw/rebas.tw-open-data/releases/download/v0.1.0-2024/CPBL-2024-OpenData.zip,CPBL-2024-OpenData/CPBL-2024-OpenData.json,樂天桃猿,台鋼雄鷹,True,5,1,4,1,2,2,1,0,1,1,32,11,2,1,1,0,1,2,4,0.45454545454545453,8.5,27,9.0,9,3,0,7,1.3333333333333333,2.3333333333333335,3,主場,勝,中幅勝,中等得分,低失分,領先守成型,火力強勢,壓制力強,5,中職2024年,94.0,2024-05-14 18:35,樂天桃園棒球場,台鋼雄鷹,True,5.0,1.0,4.0,True,主場,勝,小勝,中等得分,低失分,2.0,2.0,1.0,False,True,True,全場壓制型,32.0,11.0,2.0,1.0,1.0,0.0,1.0,2.0,4.0,0.454545454545455,8.5,穩定攻擊,27.0,9.0,9.0,3.0,0.0,7.0,1.33333333333333,2.33333333333333,3.0,穩定守成
1150,CPBL-2024-xa-93,中職2024年,2024,93,2024-05-14 18:35:00,臺中市洲際棒球場,v0.1.0-2024,G1-G360 regular season,https://github.com/rebas-tw/rebas.tw-open-data/releases/download/v0.1.0-2024/CPBL-2024-OpenData.zip,CPBL-2024-OpenData/CPBL-2024-OpenData.json,味全龍,中信兄弟,False,2,9,-7,0,0,2,0,0,0,0,37,11,3,13,2,0,0,2,2,0.18181818181818182,0.5,24,8.0,15,2,1,5,2.125,2.5,-7,客場,敗,大敗,低得分,高失分,一般拉鋸型,攻勢受阻,失分偏高,5,中職2024年,93.0,2024-05-14 18:35,臺中市洲際棒球場,中信兄弟,False,2.0,9.0,-7.0,False,客場,敗,大敗,低得分,高失分,0.0,2.0,0.0,False,False,False,被壓制型,37.0,11.0,3.0,13.0,2.0,0.0,0.0,2.0,2.0,0.181818181818182,0.5,攻勢受阻,24.0,8.0,15.0,2.0,1.0,5.0,2.125,2.5,-7.0,投打被突破
1151,CPBL-2024-xa-93,中職2024年,2024,93,2024-05-14 18:35:00,臺中市洲際棒球場,v0.1.0-2024,G1-G360 regular season,https://github.com/rebas-tw/rebas.tw-open-data/releases/download/v0.1.0-2024/CPBL-2024-OpenData.zip,CPBL-2024-OpenData/CPBL-2024-OpenData.json,中信兄弟,味全龍,True,9,2,7,1,6,0,3,1,1,1,37,15,2,5,4,0,1,5,7,0.6,13.5,27,9.0,11,3,0,13,1.5555555555555556,4.333333333333333,8,主場,勝,大勝,高得分,低失分,領先守成型,火力強勢,壓制力強,5,中職2024年,93.0,2024-05-14 18:35,臺中市洲際棒球場,味全龍,True,9.0,2.0,7.0,True,主場,勝,大勝,高得分,低失分,6.0,0.0,3.0,True,True,True,全場壓制型,37.0,15.0,2.0,5.0,4.0,0.0,1.0,5.0,7.0,0.6,13.5,火力強勢,27.0,9.0,11.0,3.0,0.0,13.0,1.55555555555556,4.33333333333333,8.0,穩定守成
1152,CPBL-2024-xa-92,中職2024年,2024,92,2024-05-12 14:06:00,樂天桃園棒球場,v0.1.0-2024,G1-G360 regular season,https://github.com/rebas-tw/rebas.tw-open-data/releases/download/v0.1.0-2024/CPBL-2024-OpenData.zip,CPBL-2024-OpenData/CPBL-2024-OpenData.json,統一7-ELEVEn獅,樂天桃猿,False,2,5,-3,0,0,2,0,0,0,0,37,11,0,5,0,0,0,0,0,0.18181818181818182,-0.5,24,8.0,11,1,0,3,1.5,3.0,-3,客場,敗,小敗,低得分,中等失分,一般拉鋸型,攻勢受阻,穩定守成,5,中職2024年,92.0,2024-05-12 14:06,樂天桃園棒球場,樂天桃猿,False,2.0,5.0,-3.0,False,客場,敗,小敗,低得分,中等失分,0.0,2.0,0.0,False,False,False,被壓制型,37.0,11.0,0.0,5.0,0.0,0.0,0.0,0.0,0.0,0.181818181818182,-0.5,低效進攻,24.0,8.0,11.0,1.0,0.0,3.0,1.5,3.0,-3.0,失分偏高
1153,CPBL-2024-xa-92,中職2024年,2024,92,2024-05-12 14:06:00,樂天桃園棒球場,v0.1.0-2024,G1-G360 regular season,https://github.com/rebas-tw/rebas.tw-open-data/releases/download/v0.1.0-2024/CPBL-2024-OpenData.zip,CPBL-2024-OpenData/CPBL-2024-OpenData.json,樂天桃猿,統一7-ELEVEn獅,True,5,2,3,1,1,2,2,1,1,1,34,11,1,3,4,0,0,4,4,0.45454545454545453,8.5,27,9.0,11,0,0,5,1.2222222222222223,5.0,3,主場,勝,中幅勝,中等得分,低失分,領先守成型,火力強勢,壓制力強,5,中職2024年,92.0,2024-05-12 14:06,樂天桃園棒球場,統一7-ELEVEn獅,True,5.0,2.0,3.0,True,主場,勝,小勝,中等得分,低失分,1.0,2.0,2.0,True,True,True,全場壓制型,34.0,11.0,1.0,3.0,4.0,0.0,0.0,4.0,4.0,0.454545454545455,8.5,穩定攻擊,27.0,9.0,11.0,0.0,0.0,5.0,1.22222222222222,5.0,3.0,穩定守成
1154,CPBL-2024-xa-91,中職2024年,2024,91,2024-05-12 14:05:00,新北市立新莊棒球場,v0.1.0-2024,G1-G360 regular season,https://github.com/rebas-tw/rebas.tw-open-data/releases/download/v0.1.0-2024/CPBL-2024-OpenData.zip,CPBL-2024-OpenData/CPBL-2024-OpenData.json,中信兄弟,富邦悍將,False,2,3,-1,0,2,0,0,1,1,0,34,6,3,13,0,0,0,0,0,0.3333333333333333,-1.5,27,9.0,13,0,0,6,1.4444444444444444,6.0,3,客場,敗,小敗,低得分,中等失分,一般拉鋸型,攻勢受阻,壓制力強,5,中職2024年,91.0,2024-05-12 14:05,新北市立新莊棒球場,富邦悍將,False,2.0,3.0,-1.0,False,客場,敗,小敗,低得分,中等失分,2.0,0.0,0.0,True,True,False,拉鋸型,34.0,6.0,3.0,13.0,0.0,0.0,0.0,0.0,0.0,0.333333333333333,-1.5,攻勢受阻,27.0,9.0,13.0,0.0,0.0,6.0,1.44444444444444,6.0,3.0,穩定守成
1155,CPBL-2024-xa-91,中職2024年,2024,91,2024-05-12 14:05:00,新北市立新莊棒球場,v0.1.0-2024,G1-G360 regular season,https://github.com/rebas-tw/rebas.tw-open-data/releases/download/v0.1.0-2024/CPBL-2024-OpenData.zip,CPBL-2024-OpenData/CPBL-2024-OpenData.json,富邦悍將,中信兄弟,True,3,2,1,1,1,1,0,0,0,0,38,13,0,6,1,0,0,1,1,0.23076923076923078,1.0,30,10.0,6,3,0,13,0.9,4.333333333333333,8,主場,勝,小勝,中等得分,低失分,一般拉鋸型,攻勢受阻,壓制力強,5,中職2024年,91.0,2024-05-12 14:05,新北市立新莊棒球場,中信兄弟,True,3.0,2.0,1.0,True,主場,勝,小勝,中等得分,低失分,1.0,1.0,0.0,False,False,False,拉鋸型,38.0,13.0,0.0,6.0,1.0,0.0,0.0,1.0,1.0,0.230769230769231,1.0,穩定攻擊,30.0,10.0,6.0,3.0,0.0,13.0,0.9,4.33333333333333,8.0,壓制力強
1156,CPBL-2024-xa-90,中職2024年,2024,90,2024-05-12 14:00:00,澄清湖棒球場,v0.1.0-2024,G1-G360 regular season,https://github.com/rebas-tw/rebas.tw-open-data/releases/download/v0.1.0-2024/CPBL-2024-OpenData.zip,CPBL-2024-OpenData/CPBL-2024-OpenData.json,味全龍,台鋼雄鷹,False,3,4,-1,0,0,1,1,0,0,0,32,8,5,3,0,0,1,1,3,0.375,7.5,29,9.666666666666666,9,4,0,14,1.3448275862068966,3.5,6,客場,敗,小敗,中等得分,中等失分,一般拉鋸型,穩定攻擊,壓制力強,5,中職2024年,90.0,2024-05-12 14:00,澄清湖棒球場,台鋼雄鷹,False,3.0,4.0,-1.0,False,客場,敗,小敗,中等得分,中等失分,0.0,1.0,1.0,False,False,False,被壓制型,32.0,8.0,5.0,3.0,0.0,0.0,1.0,1.0,3.0,0.375,7.5,穩定攻擊,29.0,9.66666666666667,9.0,4.0,0.0,14.0,1.3448275862069,3.5,6.0,穩定守成
1157,CPBL-2024-xa-90,中職2024年,2024,90,2024-05-12 14:00:00,澄清湖棒球場,v0.1.0-2024,G1-G360 regular season,https://github.com/rebas-tw/rebas.tw-open-data/releases/download/v0.1.0-2024/CPBL-2024-OpenData.zip,CPBL-2024-OpenData/CPBL-2024-OpenData.json,台鋼雄鷹,味全龍,True,4,3,1,1,0,1,1,1,0,0,35,9,4,14,3,0,0,3,3,0.4444444444444444,4.0,30,10.0,8,5,1,3,1.3,0.6,-6,主場,勝,小勝,中等得分,中等失分,後段逆轉型,穩定攻擊,失分偏高,5,中職2024年,90.0,2024-05-12 14:00,澄清湖棒球場,味全龍,True,4.0,3.0,1.0,True,主場,勝,小勝,中等得分,中等失分,0.0,1.0,1.0,True,False,False,後段逆轉型,35.0,9.0,4.0,14.0,3.0,0.0,0.0,3.0,3.0,0.444444444444444,4.0,穩定攻擊,30.0,10.0,8.0,5.0,1.0,3.0,1.3,0.6,-6.0,普通防守
1158,CPBL-2024-xa-89,中職2024年,2024,89,2024-05-11 17:05:00,樂天桃園棒球場,v0.1.0-2024,G1-G360 regular season,https://github.com/rebas-tw/rebas.tw-open-data/releases/download/v0.1.0-2024/CPBL-2024-OpenData.zip,CPBL-2024-OpenData/CPBL-2024-OpenData.json,統一7-ELEVEn獅,樂天桃猿,False,9,4,5,1,2,0,2,0,1,0,41,13,4,9,0,1,0,1,2,0.6923076923076923,9.5,30,10.0,8,3,1,7,1.1,2.3333333333333335,-1,客場,勝,大勝,高得分,中等失分,後段逆轉型,火力強勢,穩定守成,5,中職2024年,89.0,2024-05-11 17:05,樂天桃園棒球場,樂天桃猿,False,9.0,4.0,5.0,True,客場,勝,大勝,高得分,中等失分,2.0,0.0,2.0,False,True,False,後段逆轉型,41.0,13.0,4.0,9.0,0.0,1.0,0.0,1.0,2.0,0.692307692307692,9.5,穩定攻擊,30.0,10.0,8.0,3.0,1.0,7.0,1.1,2.33333333333333,-1.0,普通防守
1159,CPBL-2024-xa-89,中職2024年,2024,89,2024-05-11 17:05:00,樂天桃園棒球場,v0.1.0-2024,G1-G360 regular season,https://github.com/rebas-tw/rebas.tw-open-data/releases/download/v0.1.0-2024/CPBL-2024-OpenData.zip,CPBL-2024-OpenData/CPBL-2024-OpenData.json,樂天桃猿,統一7-ELEVEn獅,True,4,9,-5,0,1,1,2,0,0,0,37,8,3,7,0,1,1,2,5,0.5,5.5,30,10.0,13,4,0,9,1.7,2.25,-4,主場,敗,大敗,中等得分,高失分,一般拉鋸型,穩定攻擊,失分偏高,5,中職2024年,89.0,2024-05-11 17:05,樂天桃園棒球場,統一7-ELEVEn獅,True,4.0,9.0,-5.0,False,主場,敗,大敗,中等得分,高失分,1.0,1.0,2.0,False,False,False,被壓制型,37.0,8.0,3.0,7.0,0.0,1.0,1.0,2.0,5.0,0.5,5.5,穩定攻擊,30.0,10.0,13.0,4.0,0.0,9.0,1.7,2.25,-4.0,失分偏高
1160,CPBL-2024-xa-88,中職2024年,2024,88,2024-05-11 17:06:00,新北市立新莊棒球場,v0.1.0-2024,G1-G360 regular season,https://github.com/rebas-tw/rebas.tw-open-data/releases/download/v0.1.0-2024/CPBL-2024-OpenData.zip,CPBL-2024-OpenData/CPBL-2024-OpenData.json,中信兄弟,富邦悍將,False,0,3,-3,0,0,0,0,0,0,0,32,7,3,8,0,0,0,0,0,0.0,-1.0,24,8.0,8,0,0,8,1.0,8.0,5,客場,敗,小敗,低得分,中等失分,一般拉鋸型,攻勢受阻,壓制力強,5,中職2024年,88.0,2024-05-11 17:06,新北市立新莊棒球場,富邦悍將,False,0.0,3.0,-3.0,False,客場,敗,小敗,低得分,中等失分,0.0,0.0,0.0,False,False,False,被壓制型,32.0,7.0,3.0,8.0,0.0,0.0,0.0,0.0,0.0,0.0,-1.0,攻勢受阻,24.0,8.0,8.0,0.0,0.0,8.0,1.0,8.0,5.0,穩定守成
1161,CPBL-2024-xa-88,中職2024年,2024,88,2024-05-11 17:06:00,新北市立新莊棒球場,v0.1.0-2024,G1-G360 regular season,https://github.com/rebas-tw/rebas.tw-open-data/releases/download/v0.1.0-2024/CPBL-2024-OpenData.zip,CPBL-2024-OpenData/CPBL-2024-OpenData.json,富邦悍將,中信兄弟,True,3,0,3,1,1,2,0,1,1,1,31,8,0,8,0,0,0,0,0,0.375,-1.0,27,9.0,7,3,0,8,1.1111111111111112,2.6666666666666665,5,主場,勝,中幅勝,中等得分,低失分,領先守成型,攻勢受阻,壓制力強,5,中職2024年,88.0,2024-05-11 17:06,新北市立新莊棒球場,中信兄弟,True,3.0,0.0,3.0,True,主場,勝,小勝,中等得分,低失分,1.0,2.0,0.0,True,True,True,全場壓制型,31.0,8.0,0.0,8.0,0.0,0.0,0.0,0.0,0.0,0.375,-1.0,穩定攻擊,27.0,9.0,7.0,3.0,0.0,8.0,1.11111111111111,2.66666666666667,5.0,壓制力強
1162,CPBL-2024-xa-87,中職2024年,2024,87,2024-05-11 17:00:00,澄清湖棒球場,v0.1.0-2024,G1-G360 regular season,https://github.com/rebas-tw/rebas.tw-open-data/releases/download/v0.1.0-2024/CPBL-2024-OpenData.zip,CPBL-2024-OpenData/CPBL-2024-OpenData.json,味全龍,台鋼雄鷹,False,1,5,-4,0,0,0,1,0,0,0,31,3,1,8,1,0,1,2,4,0.3333333333333333,0.0,24,8.0,8,3,0,5,1.375,1.6666666666666667,-3,客場,敗,大敗,低得分,中等失分,一般拉鋸型,攻勢受阻,穩定守成,5,中職2024年,87.0,2024-05-11 17:00,澄清湖棒球場,台鋼雄鷹,False,1.0,5.0,-4.0,False,客場,敗,小敗,低得分,中等失分,0.0,0.0,1.0,False,False,False,被壓制型,31.0,3.0,1.0,8.0,1.0,0.0,1.0,2.0,4.0,0.333333333333333,0.0,攻勢受阻,24.0,8.0,8.0,3.0,0.0,5.0,1.375,1.66666666666667,-3.0,失分偏高
1163,CPBL-2024-xa-87,中職2024年,2024,87,2024-05-11 17:00:00,澄清湖棒球場,v0.1.0-2024,G1-G360 regular season,https://github.com/rebas-tw/rebas.tw-open-data/releases/download/v0.1.0-2024/CPBL-2024-OpenData.zip,CPBL-2024-OpenData/CPBL-2024-OpenData.json,台鋼雄鷹,味全龍,True,5,1,4,1,2,0,3,1,1,1,31,8,3,5,2,1,0,3,4,0.625,8.5,27,9.0,3,1,1,8,0.4444444444444444,8.0,5,主場,勝,中幅勝,中等得分,低失分,領先守成型,火力強勢,壓制力強,5,中職2024年,87.0,2024-05-11 17:00,澄清湖棒球場,味全龍,True,5.0,1.0,4.0,True,主場,勝,小勝,中等得分,低失分,2.0,0.0,3.0,True,True,True,全場壓制型,31.0,8.0,3.0,5.0,2.0,1.0,0.0,3.0,4.0,0.625,8.5,穩定攻擊,27.0,9.0,3.0,1.0,1.0,8.0,0.444444444444444,8.0,5.0,壓制力強
1164,CPBL-2024-xa-86,中職2024年,2024,86,2024-05-10 18:36:00,樂天桃園棒球場,v0.1.0-2024,G1-G360 regular season,https://github.com/rebas-tw/rebas.tw-open-data/releases/download/v0.1.0-2024/CPBL-2024-OpenData.zip,CPBL-2024-OpenData/CPBL-2024-OpenData.json,統一7-ELEVEn獅,樂天桃猿,False,3,5,-2,0,2,0,1,0,0,0,34,11,4,10,1,0,1,2,4,0.2727272727272727,4.0,24,8.0,10,2,1,6,1.5,3.0,-2,客場,敗,小敗,中等得分,中等失分,一般拉鋸型,穩定攻擊,穩定守成,5,中職2024年,86.0,2024-05-10 18:36,樂天桃園棒球場,樂天桃猿,False,3.0,5.0,-2.0,False,客場,敗,小敗,中等得分,中等失分,2.0,0.0,1.0,False,False,False,被壓制型,34.0,11.0,4.0,10.0,1.0,0.0,1.0,2.0,4.0,0.272727272727273,4.0,穩定攻擊,24.0,8.0,10.0,2.0,1.0,6.0,1.5,3.0,-2.0,失分偏高
1165,CPBL-2024-xa-86,中職2024年,2024,86,2024-05-10 18:36:00,樂天桃園棒球場,v0.1.0-2024,G1-G360 regular season,https://github.com/rebas-tw/rebas.tw-open-data/releases/download/v0.1.0-2024/CPBL-2024-OpenData.zip,CPBL-2024-OpenData/CPBL-2024-OpenData.json,樂天桃猿,統一7-ELEVEn獅,True,5,3,2,1,2,3,0,0,0,1,32,10,2,6,0,2,1,3,7,0.5,7.0,27,9.0,11,4,1,10,1.6666666666666667,2.5,2,主場,勝,中幅勝,中等得分,中等失分,領先守成型,穩定攻擊,壓制力強,5,中職2024年,86.0,2024-05-10 18:36,樂天桃園棒球場,統一7-ELEVEn獅,True,5.0,3.0,2.0,True,主場,勝,小勝,中等得分,中等失分,2.0,3.0,0.0,False,False,True,拉鋸型,32.0,10.0,2.0,6.0,0.0,2.0,1.0,3.0,7.0,0.5,7.0,穩定攻擊,27.0,9.0,11.0,4.0,1.0,10.0,1.66666666666667,2.5,2.0,穩定守成
1166,CPBL-2024-xa-85,中職2024年,2024,85,2024-05-10 18:35:00,新北市立新莊棒球場,v0.1.0-2024,G1-G360 regular season,https://github.com/rebas-tw/rebas.tw-open-data/releases/download/v0.1.0-2024/CPBL-2024-OpenData.zip,CPBL-2024-OpenData/CPBL-2024-OpenData.json,中信兄弟,富邦悍將,False,6,3,3,1,3,3,0,1,1,1,37,11,6,9,3,0,0,3,3,0.5454545454545454,10.5,27,9.0,7,3,0,4,1.1111111111111112,1.3333333333333333,-2,客場,勝,中幅勝,高得分,中等失分,領先守成型,火力強勢,穩定守成,5,中職2024年,85.0,2024-05-10 18:35,新北市立新莊棒球場,富邦悍將,False,6.0,3.0,3.0,True,客場,勝,小勝,高得分,中等失分,3.0,3.0,0.0,True,True,True,全場壓制型,37.0,11.0,6.0,9.0,3.0,0.0,0.0,3.0,3.0,0.545454545454545,10.5,火力強勢,27.0,9.0,7.0,3.0,0.0,4.0,1.11111111111111,1.33333333333333,-2.0,普通防守
1167,CPBL-2024-xa-85,中職2024年,2024,85,2024-05-10 18:35:00,新北市立新莊棒球場,v0.1.0-2024,G1-G360 regular season,https://github.com/rebas-tw/rebas.tw-open-data/releases/download/v0.1.0-2024/CPBL-2024-OpenData.zip,CPBL-2024-OpenData/CPBL-2024-OpenData.json,富邦悍將,中信兄弟,True,3,6,-3,0,0,2,1,0,0,0,34,7,3,4,3,0,0,3,3,0.42857142857142855,7.0,27,9.0,11,6,0,9,1.8888888888888888,1.5,-3,主場,敗,小敗,中等得分,高失分,一般拉鋸型,穩定攻擊,穩定守成,5,中職2024年,85.0,2024-05-10 18:35,新北市立新莊棒球場,中信兄弟,True,3.0,6.0,-3.0,False,主場,敗,小敗,中等得分,高失分,0.0,2.0,1.0,False,False,False,被壓制型,34.0,7.0,3.0,4.0,3.0,0.0,0.0,3.0,3.0,0.428571428571429,7.0,零星攻勢,27.0,9.0,11.0,6.0,0.0,9.0,1.88888888888889,1.5,-3.0,投打被突破
1168,CPBL-2024-xa-84,中職2024年,2024,84,2024-05-10 18:30:00,澄清湖棒球場,v0.1.0-2024,G1-G360 regular season,https://github.com/rebas-tw/rebas.tw-open-data/releases/download/v0.1.0-2024/CPBL-2024-OpenData.zip,CPBL-2024-OpenData/CPBL-2024-OpenData.json,味全龍,台鋼雄鷹,False,5,3,2,1,0,2,3,0,0,0,38,13,2,2,4,1,0,5,6,0.38461538461538464,11.0,27,9.0,8,4,1,6,1.3333333333333333,1.5,-2,客場,勝,中幅勝,中等得分,中等失分,後段逆轉型,火力強勢,穩定守成,5,中職2024年,84.0,2024-05-10 18:30,澄清湖棒球場,台鋼雄鷹,False,5.0,3.0,2.0,True,客場,勝,小勝,中等得分,中等失分,0.0,2.0,3.0,False,False,False,後段逆轉型,38.0,13.0,2.0,2.0,4.0,1.0,0.0,5.0,6.0,0.384615384615385,11.0,穩定攻擊,27.0,9.0,8.0,4.0,1.0,6.0,1.33333333333333,1.5,-2.0,普通防守
1169,CPBL-2024-xa-84,中職2024年,2024,84,2024-05-10 18:30:00,澄清湖棒球場,v0.1.0-2024,G1-G360 regular season,https://github.com/rebas-tw/rebas.tw-open-data/releases/download/v0.1.0-2024/CPBL-2024-OpenData.zip,CPBL-2024-OpenData/CPBL-2024-OpenData.json,台鋼雄鷹,味全龍,True,3,5,-2,0,0,2,1,0,0,0,35,8,4,6,2,1,1,4,7,0.375,8.0,27,9.0,13,2,0,2,1.6666666666666667,1.0,-5,主場,敗,小敗,中等得分,中等失分,一般拉鋸型,火力強勢,失分偏高,5,中職2024年,84.0,2024-05-10 18:30,澄清湖棒球場,味全龍,True,3.0,5.0,-2.0,False,主場,敗,小敗,中等得分,中等失分,0.0,2.0,1.0,False,False,False,被壓制型,35.0,8.0,4.0,6.0,2.0,1.0,1.0,4.0,7.0,0.375,8.0,穩定攻擊,27.0,9.0,13.0,2.0,0.0,2.0,1.66666666666667,1.0,-5.0,失分偏高
1170,CPBL-2024-xa-83,中職2024年,2024,83,2024-05-09 18:35:00,臺中市洲際棒球場,v0.1.0-2024,G1-G360 regular season,https://github.com/rebas-tw/rebas.tw-open-data/releases/download/v0.1.0-2024/CPBL-2024-OpenData.zip,CPBL-2024-OpenData/CPBL-2024-OpenData.json,統一7-ELEVEn獅,中信兄弟,False,10,2,8,1,2,3,5,1,1,1,42,16,4,7,5,0,0,5,5,0.625,15.5,27,9.0,8,3,0,8,1.2222222222222223,2.6666666666666665,3,客場,勝,大勝,高得分,低失分,領先守成型,火力強勢,壓制力強,5,中職2024年,83.0,2024-05-09 18:35,臺中市洲際棒球場,中信兄弟,False,10.0,2.0,8.0,True,客場,勝,大勝,高得分,低失分,2.0,3.0,5.0,True,True,True,全場壓制型,42.0,16.0,4.0,7.0,5.0,0.0,0.0,5.0,5.0,0.625,15.5,火力強勢,27.0,9.0,8.0,3.0,0.0,8.0,1.22222222222222,2.66666666666667,3.0,穩定守成
1171,CPBL-2024-xa-83,中職2024年,2024,83,2024-05-09 18:35:00,臺中市洲際棒球場,v0.1.0-2024,G1-G360 regular season,https://github.com/rebas-tw/rebas.tw-open-data/releases/download/v0.1.0-2024/CPBL-2024-OpenData.zip,CPBL-2024-OpenData/CPBL-2024-OpenData.json,中信兄弟,統一7-ELEVEn獅,True,2,10,-8,0,0,0,2,0,0,0,35,8,3,8,1,2,0,3,5,0.25,4.0,27,9.0,16,4,0,7,2.2222222222222223,1.75,-7,主場,敗,大敗,低得分,高失分,一般拉鋸型,穩定攻擊,失分偏高,5,中職2024年,83.0,2024-05-09 18:35,臺中市洲際棒球場,統一7-ELEVEn獅,True,2.0,10.0,-8.0,False,主場,敗,大敗,低得分,高失分,0.0,0.0,2.0,False,False,False,被壓制型,35.0,8.0,3.0,8.0,1.0,2.0,0.0,3.0,5.0,0.25,4.0,攻勢受阻,27.0,9.0,16.0,4.0,0.0,7.0,2.22222222222222,1.75,-7.0,投打被突破
1172,CPBL-2024-xa-82,中職2024年,2024,82,2024-05-08 18:35:00,臺中市洲際棒球場,v0.1.0-2024,G1-G360 regular season,https://github.com/rebas-tw/rebas.tw-open-data/releases/download/v0.1.0-2024/CPBL-2024-OpenData.zip,CPBL-2024-OpenData/CPBL-2024-OpenData.json,統一7-ELEVEn獅,中信兄弟,False,8,0,8,1,3,1,4,1,1,1,35,12,4,6,0,1,0,1,2,0.6666666666666666,10.0,27,9.0,6,4,0,14,1.1111111111111112,3.5,10,客場,勝,大勝,高得分,低失分,領先守成型,火力強勢,壓制力強,5,中職2024年,82.0,2024-05-08 18:35,臺中市洲際棒球場,中信兄弟,False,8.0,0.0,8.0,True,客場,勝,大勝,高得分,低失分,3.0,1.0,4.0,True,True,True,全場壓制型,35.0,12.0,4.0,6.0,0.0,1.0,0.0,1.0,2.0,0.666666666666667,10.0,穩定攻擊,27.0,9.0,6.0,4.0,0.0,14.0,1.11111111111111,3.5,10.0,壓制力強
1173,CPBL-2024-xa-82,中職2024年,2024,82,2024-05-08 18:35:00,臺中市洲際棒球場,v0.1.0-2024,G1-G360 regular season,https://github.com/rebas-tw/rebas.tw-open-data/releases/download/v0.1.0-2024/CPBL-2024-OpenData.zip,CPBL-2024-OpenData/CPBL-2024-OpenData.json,中信兄弟,統一7-ELEVEn獅,True,0,8,-8,0,0,0,0,0,0,0,32,6,4,14,0,0,0,0,0,0.0,-3.0,27,9.0,12,4,0,6,1.7777777777777777,1.5,-6,主場,敗,大敗,低得分,高失分,一般拉鋸型,攻勢受阻,失分偏高,5,中職2024年,82.0,2024-05-08 18:35,臺中市洲際棒球場,統一7-ELEVEn獅,True,0.0,8.0,-8.0,False,主場,敗,大敗,低得分,高失分,0.0,0.0,0.0,False,False,False,被壓制型,32.0,6.0,4.0,14.0,0.0,0.0,0.0,0.0,0.0,0.0,-3.0,攻勢受阻,27.0,9.0,12.0,4.0,0.0,6.0,1.77777777777778,1.5,-6.0,失分偏高
1174,CPBL-2024-xa-81,中職2024年,2024,81,2024-05-08 18:35:00,臺北市立天母棒球場,v0.1.0-2024,G1-G360 regular season,https://github.com/rebas-tw/rebas.tw-open-data/releases/download/v0.1.0-2024/CPBL-2024-OpenData.zip,CPBL-2024-OpenData/CPBL-2024-OpenData.json,樂天桃猿,味全龍,False,0,4,-4,0,0,0,0,0,0,0,30,4,3,5,1,0,0,1,1,0.0,1.5,24,8.0,8,7,0,0,1.875,0.0,-11,客場,敗,大敗,低得分,中等失分,一般拉鋸型,攻勢受阻,失分偏高,5,中職2024年,81.0,2024-05-08 18:35,臺北市立天母棒球場,味全龍,False,0.0,4.0,-4.0,False,客場,敗,小敗,低得分,中等失分,0.0,0.0,0.0,False,False,False,被壓制型,30.0,4.0,3.0,5.0,1.0,0.0,0.0,1.0,1.0,0.0,1.5,低效進攻,24.0,8.0,8.0,7.0,0.0,0.0,1.875,0.0,-11.0,普通防守
1175,CPBL-2024-xa-81,中職2024年,2024,81,2024-05-08 18:35:00,臺北市立天母棒球場,v0.1.0-2024,G1-G360 regular season,https://github.com/rebas-tw/rebas.tw-open-data/releases/download/v0.1.0-2024/CPBL-2024-OpenData.zip,CPBL-2024-OpenData/CPBL-2024-OpenData.json,味全龍,樂天桃猿,True,4,0,4,1,2,0,2,1,1,1,29,8,7,0,2,0,0,2,2,0.5,13.0,27,9.0,4,3,0,5,0.7777777777777778,1.6666666666666667,2,主場,勝,中幅勝,中等得分,低失分,領先守成型,火力強勢,壓制力強,5,中職2024年,81.0,2024-05-08 18:35,臺北市立天母棒球場,樂天桃猿,True,4.0,0.0,4.0,True,主場,勝,小勝,中等得分,低失分,2.0,0.0,2.0,True,True,True,全場壓制型,29.0,8.0,7.0,0.0,2.0,0.0,0.0,2.0,2.0,0.5,13.0,穩定攻擊,27.0,9.0,4.0,3.0,0.0,5.0,0.777777777777778,1.66666666666667,2.0,壓制力強
1176,CPBL-2024-xa-79,中職2024年,2024,79,2024-05-07 18:23:00,臺東棒球村第一棒球場,v0.1.0-2024,G1-G360 regular season,https://github.com/rebas-tw/rebas.tw-open-data/releases/download/v0.1.0-2024/CPBL-2024-OpenData.zip,CPBL-2024-OpenData/CPBL-2024-OpenData.json,富邦悍將,台鋼雄鷹,False,1,0,1,1,0,0,0,1,0,0,35,6,1,7,0,0,0,0,0,0.16666666666666666,-1.5,30,10.0,6,2,0,12,0.8,6.0,10,客場,勝,小勝,低得分,低失分,先馳得點壓制型,攻勢受阻,壓制力強,5,中職2024年,79.0,2024-05-07 18:23,臺東棒球村第一棒球場,台鋼雄鷹,False,1.0,0.0,1.0,True,客場,勝,小勝,低得分,低失分,0.0,0.0,0.0,True,False,False,拉鋸型,35.0,6.0,1.0,7.0,0.0,0.0,0.0,0.0,0.0,0.166666666666667,-1.5,低效進攻,30.0,10.0,6.0,2.0,0.0,12.0,0.8,6.0,10.0,壓制力強
1177,CPBL-2024-xa-79,中職2024年,2024,79,2024-05-07 18:23:00,臺東棒球村第一棒球場,v0.1.0-2024,G1-G360 regular season,https://github.com/rebas-tw/rebas.tw-open-data/releases/download/v0.1.0-2024/CPBL-2024-OpenData.zip,CPBL-2024-OpenData/CPBL-2024-OpenData.json,台鋼雄鷹,富邦悍將,True,0,1,-1,0,0,0,0,0,0,0,32,6,2,12,0,0,0,0,0,0.0,-4.0,30,10.0,6,1,0,7,0.7,7.0,5,主場,敗,小敗,低得分,低失分,一般拉鋸型,攻勢受阻,壓制力強,5,中職2024年,79.0,2024-05-07 18:23,臺東棒球村第一棒球場,富邦悍將,True,0.0,1.0,-1.0,False,主場,敗,小敗,低得分,低失分,0.0,0.0,0.0,False,False,False,被壓制型,32.0,6.0,2.0,12.0,0.0,0.0,0.0,0.0,0.0,0.0,-4.0,攻勢受阻,30.0,10.0,6.0,1.0,0.0,7.0,0.7,7.0,5.0,壓制力強
1178,CPBL-2024-xa-78,中職2024年,2024,78,2024-05-05 13:59:00,臺南市立棒球場,v0.1.0-2024,G1-G360 regular season,https://github.com/rebas-tw/rebas.tw-open-data/releases/download/v0.1.0-2024/CPBL-2024-OpenData.zip,CPBL-2024-OpenData/CPBL-2024-OpenData.json,樂天桃猿,統一7-ELEVEn獅,False,3,5,-2,0,3,0,0,1,1,0,33,7,4,5,0,0,0,0,0,0.42857142857142855,4.5,24,8.0,13,4,0,8,2.125,2.0,-1,客場,敗,小敗,中等得分,中等失分,一般拉鋸型,穩定攻擊,穩定守成,5,中職2024年,78.0,2024-05-05 13:59,臺南市立棒球場,統一7-ELEVEn獅,False,3.0,5.0,-2.0,False,客場,敗,小敗,中等得分,中等失分,3.0,0.0,0.0,True,True,False,拉鋸型,33.0,7.0,4.0,5.0,0.0,0.0,0.0,0.0,0.0,0.428571428571429,4.5,零星攻勢,24.0,8.0,13.0,4.0,0.0,8.0,2.125,2.0,-1.0,失分偏高
1179,CPBL-2024-xa-78,中職2024年,2024,78,2024-05-05 13:59:00,臺南市立棒球場,v0.1.0-2024,G1-G360 regular season,https://github.com/rebas-tw/rebas.tw-open-data/releases/download/v0.1.0-2024/CPBL-2024-OpenData.zip,CPBL-2024-OpenData/CPBL-2024-OpenData.json,統一7-ELEVEn獅,樂天桃猿,True,5,3,2,1,1,3,1,0,0,1,36,13,4,8,4,0,0,4,4,0.38461538461538464,9.0,27,9.0,7,4,0,5,1.2222222222222223,1.25,-2,主場,勝,中幅勝,中等得分,中等失分,領先守成型,火力強勢,穩定守成,5,中職2024年,78.0,2024-05-05 13:59,臺南市立棒球場,樂天桃猿,True,5.0,3.0,2.0,True,主場,勝,小勝,中等得分,中等失分,1.0,3.0,1.0,False,False,True,拉鋸型,36.0,13.0,4.0,8.0,4.0,0.0,0.0,4.0,4.0,0.384615384615385,9.0,穩定攻擊,27.0,9.0,7.0,4.0,0.0,5.0,1.22222222222222,1.25,-2.0,普通防守
1180,CPBL-2024-xa-77,中職2024年,2024,77,2024-05-05 14:05:00,臺中市洲際棒球場,v0.1.0-2024,G1-G360 regular season,https://github.com/rebas-tw/rebas.tw-open-data/releases/download/v0.1.0-2024/CPBL-2024-OpenData.zip,CPBL-2024-OpenData/CPBL-2024-OpenData.json,富邦悍將,中信兄弟,False,7,8,-1,0,4,0,1,0,1,0,37,8,4,12,5,0,0,5,5,0.875,10.0,32,10.666666666666666,13,3,3,5,1.5,1.6666666666666667,-9,客場,敗,小敗,高得分,高失分,一般拉鋸型,火力強勢,失分偏高,5,中職2024年,77.0,2024-05-05 14:05,臺中市洲際棒球場,中信兄弟,False,7.0,8.0,-1.0,False,客場,敗,小敗,高得分,高失分,4.0,0.0,1.0,False,True,False,拉鋸型,37.0,8.0,4.0,12.0,5.0,0.0,0.0,5.0,5.0,0.875,10.0,火力強勢,32.0,10.6666666666667,13.0,3.0,3.0,5.0,1.5,1.66666666666667,-9.0,失分偏高
1181,CPBL-2024-xa-77,中職2024年,2024,77,2024-05-05 14:05:00,臺中市洲際棒球場,v0.1.0-2024,G1-G360 regular season,https://github.com/rebas-tw/rebas.tw-open-data/releases/download/v0.1.0-2024/CPBL-2024-OpenData.zip,CPBL-2024-OpenData/CPBL-2024-OpenData.json,中信兄弟,富邦悍將,True,8,7,1,1,3,1,1,0,0,0,42,13,3,5,1,0,3,4,10,0.6153846153846154,12.5,33,11.0,8,4,0,12,1.0909090909090908,3.0,1,主場,勝,小勝,高得分,高失分,後段逆轉型,火力強勢,穩定守成,5,中職2024年,77.0,2024-05-05 14:05,臺中市洲際棒球場,富邦悍將,True,8.0,7.0,1.0,True,主場,勝,小勝,高得分,高失分,3.0,1.0,1.0,False,False,False,後段逆轉型,42.0,13.0,3.0,5.0,1.0,0.0,3.0,4.0,10.0,0.615384615384615,12.5,火力強勢,33.0,11.0,8.0,4.0,0.0,12.0,1.09090909090909,3.0,1.0,失分偏高
1182,CPBL-2024-xa-76,中職2024年,2024,76,2024-05-05 14:05:00,臺北市立天母棒球場,v0.1.0-2024,G1-G360 regular season,https://github.com/rebas-tw/rebas.tw-open-data/releases/download/v0.1.0-2024/CPBL-2024-OpenData.zip,CPBL-2024-OpenData/CPBL-2024-OpenData.json,台鋼雄鷹,味全龍,False,0,7,-7,0,0,0,0,0,0,0,35,9,5,11,0,0,0,0,0,0.0,-0.5,24,8.0,10,3,1,1,1.625,0.3333333333333333,-10,客場,敗,大敗,低得分,高失分,一般拉鋸型,攻勢受阻,失分偏高,5,中職2024年,76.0,2024-05-05 14:05,臺北市立天母棒球場,味全龍,False,0.0,7.0,-7.0,False,客場,敗,大敗,低得分,高失分,0.0,0.0,0.0,False,False,False,被壓制型,35.0,9.0,5.0,11.0,0.0,0.0,0.0,0.0,0.0,0.0,-0.5,攻勢受阻,24.0,8.0,10.0,3.0,1.0,1.0,1.625,0.333333333333333,-10.0,失分偏高
1183,CPBL-2024-xa-76,中職2024年,2024,76,2024-05-05 14:05:00,臺北市立天母棒球場,v0.1.0-2024,G1-G360 regular season,https://github.com/rebas-tw/rebas.tw-open-data/releases/download/v0.1.0-2024/CPBL-2024-OpenData.zip,CPBL-2024-OpenData/CPBL-2024-OpenData.json,味全龍,台鋼雄鷹,True,7,0,7,1,4,3,0,1,1,1,33,10,3,1,1,0,1,2,4,0.7,11.5,27,9.0,9,5,0,11,1.5555555555555556,2.2,6,主場,勝,大勝,高得分,低失分,領先守成型,火力強勢,壓制力強,5,中職2024年,76.0,2024-05-05 14:05,臺北市立天母棒球場,台鋼雄鷹,True,7.0,0.0,7.0,True,主場,勝,大勝,高得分,低失分,4.0,3.0,0.0,True,True,True,全場壓制型,33.0,10.0,3.0,1.0,1.0,0.0,1.0,2.0,4.0,0.7,11.5,穩定攻擊,27.0,9.0,9.0,5.0,0.0,11.0,1.55555555555556,2.2,6.0,穩定守成
1184,CPBL-2024-xa-75,中職2024年,2024,75,2024-05-04 16:58:00,臺南市立棒球場,v0.1.0-2024,G1-G360 regular season,https://github.com/rebas-tw/rebas.tw-open-data/releases/download/v0.1.0-2024/CPBL-2024-OpenData.zip,CPBL-2024-OpenData/CPBL-2024-OpenData.json,樂天桃猿,統一7-ELEVEn獅,False,3,0,3,1,3,0,0,1,1,1,30,6,2,6,1,0,1,2,4,0.5,4.0,27,9.0,3,1,0,12,0.4444444444444444,12.0,11,客場,勝,中幅勝,中等得分,低失分,領先守成型,穩定攻擊,壓制力強,5,中職2024年,75.0,2024-05-04 16:58,臺南市立棒球場,統一7-ELEVEn獅,False,3.0,0.0,3.0,True,客場,勝,小勝,中等得分,低失分,3.0,0.0,0.0,True,True,True,全場壓制型,30.0,6.0,2.0,6.0,1.0,0.0,1.0,2.0,4.0,0.5,4.0,零星攻勢,27.0,9.0,3.0,1.0,0.0,12.0,0.444444444444444,12.0,11.0,壓制力強
1185,CPBL-2024-xa-75,中職2024年,2024,75,2024-05-04 16:58:00,臺南市立棒球場,v0.1.0-2024,G1-G360 regular season,https://github.com/rebas-tw/rebas.tw-open-data/releases/download/v0.1.0-2024/CPBL-2024-OpenData.zip,CPBL-2024-OpenData/CPBL-2024-OpenData.json,統一7-ELEVEn獅,樂天桃猿,True,0,3,-3,0,0,0,0,0,0,0,30,3,1,12,1,0,0,1,1,0.0,-4.0,27,9.0,6,2,1,6,0.8888888888888888,3.0,0,主場,敗,小敗,低得分,中等失分,一般拉鋸型,攻勢受阻,穩定守成,5,中職2024年,75.0,2024-05-04 16:58,臺南市立棒球場,樂天桃猿,True,0.0,3.0,-3.0,False,主場,敗,小敗,低得分,中等失分,0.0,0.0,0.0,False,False,False,被壓制型,30.0,3.0,1.0,12.0,1.0,0.0,0.0,1.0,1.0,0.0,-4.0,攻勢受阻,27.0,9.0,6.0,2.0,1.0,6.0,0.888888888888889,3.0,0.0,穩定守成
1186,CPBL-2024-xa-74,中職2024年,2024,74,2024-05-04 17:05:00,臺中市洲際棒球場,v0.1.0-2024,G1-G360 regular season,https://github.com/rebas-tw/rebas.tw-open-data/releases/download/v0.1.0-2024/CPBL-2024-OpenData.zip,CPBL-2024-OpenData/CPBL-2024-OpenData.json,富邦悍將,中信兄弟,False,4,5,-1,0,2,2,0,0,1,1,30,6,5,9,0,0,0,0,0,0.6666666666666666,4.5,24,8.0,8,4,1,13,1.5,3.25,3,客場,敗,小敗,中等得分,中等失分,後段失守型,穩定攻擊,壓制力強,5,中職2024年,74.0,2024-05-04 17:05,臺中市洲際棒球場,中信兄弟,False,4.0,5.0,-1.0,False,客場,敗,小敗,中等得分,中等失分,2.0,2.0,0.0,False,True,True,拉鋸型,30.0,6.0,5.0,9.0,0.0,0.0,0.0,0.0,0.0,0.666666666666667,4.5,零星攻勢,24.0,8.0,8.0,4.0,1.0,13.0,1.5,3.25,3.0,失分偏高
1187,CPBL-2024-xa-74,中職2024年,2024,74,2024-05-04 17:05:00,臺中市洲際棒球場,v0.1.0-2024,G1-G360 regular season,https://github.com/rebas-tw/rebas.tw-open-data/releases/download/v0.1.0-2024/CPBL-2024-OpenData.zip,CPBL-2024-OpenData/CPBL-2024-OpenData.json,中信兄弟,富邦悍將,True,5,4,1,1,1,2,2,0,0,0,32,8,4,13,4,0,1,5,7,0.625,7.5,27,9.0,6,5,0,9,1.2222222222222223,1.8,0,主場,勝,小勝,中等得分,中等失分,後段逆轉型,穩定攻擊,穩定守成,5,中職2024年,74.0,2024-05-04 17:05,臺中市洲際棒球場,富邦悍將,True,5.0,4.0,1.0,True,主場,勝,小勝,中等得分,中等失分,1.0,2.0,2.0,False,False,False,後段逆轉型,32.0,8.0,4.0,13.0,4.0,0.0,1.0,5.0,7.0,0.625,7.5,穩定攻擊,27.0,9.0,6.0,5.0,0.0,9.0,1.22222222222222,1.8,0.0,穩定守成
1188,CPBL-2024-xa-73,中職2024年,2024,73,2024-05-04 17:05:00,臺北市立天母棒球場,v0.1.0-2024,G1-G360 regular season,https://github.com/rebas-tw/rebas.tw-open-data/releases/download/v0.1.0-2024/CPBL-2024-OpenData.zip,CPBL-2024-OpenData/CPBL-2024-OpenData.json,台鋼雄鷹,味全龍,False,2,3,-1,0,0,2,0,0,0,1,29,4,4,9,0,0,0,0,0,0.5,1.5,24,8.0,7,0,0,3,0.875,3.0,0,客場,敗,小敗,低得分,中等失分,後段失守型,攻勢受阻,穩定守成,5,中職2024年,73.0,2024-05-04 17:05,臺北市立天母棒球場,味全龍,False,2.0,3.0,-1.0,False,客場,敗,小敗,低得分,中等失分,0.0,2.0,0.0,False,False,True,拉鋸型,29.0,4.0,4.0,9.0,0.0,0.0,0.0,0.0,0.0,0.5,1.5,攻勢受阻,24.0,8.0,7.0,0.0,0.0,3.0,0.875,3.0,0.0,穩定守成
1189,CPBL-2024-xa-73,中職2024年,2024,73,2024-05-04 17:05:00,臺北市立天母棒球場,v0.1.0-2024,G1-G360 regular season,https://github.com/rebas-tw/rebas.tw-open-data/releases/download/v0.1.0-2024/CPBL-2024-OpenData.zip,CPBL-2024-OpenData/CPBL-2024-OpenData.json,味全龍,台鋼雄鷹,True,3,2,1,1,0,1,2,1,0,0,31,7,0,3,1,0,0,1,1,0.42857142857142855,2.5,27,9.0,4,4,0,9,0.8888888888888888,2.25,3,主場,勝,小勝,中等得分,低失分,後段逆轉型,攻勢受阻,壓制力強,5,中職2024年,73.0,2024-05-04 17:05,臺北市立天母棒球場,台鋼雄鷹,True,3.0,2.0,1.0,True,主場,勝,小勝,中等得分,低失分,0.0,1.0,2.0,True,False,False,後段逆轉型,31.0,7.0,0.0,3.0,1.0,0.0,0.0,1.0,1.0,0.428571428571429,2.5,零星攻勢,27.0,9.0,4.0,4.0,0.0,9.0,0.888888888888889,2.25,3.0,壓制力強
1190,CPBL-2024-xa-72,中職2024年,2024,72,2024-05-03 18:13:00,臺南市立棒球場,v0.1.0-2024,G1-G360 regular season,https://github.com/rebas-tw/rebas.tw-open-data/releases/download/v0.1.0-2024/CPBL-2024-OpenData.zip,CPBL-2024-OpenData/CPBL-2024-OpenData.json,樂天桃猿,統一7-ELEVEn獅,False,3,9,-6,0,0,0,3,0,0,0,36,9,0,10,2,0,0,2,2,0.3333333333333333,0.0,24,8.0,15,5,0,8,2.5,1.6,-6,客場,敗,大敗,中等得分,高失分,一般拉鋸型,攻勢受阻,失分偏高,5,中職2024年,72.0,2024-05-03 18:13,臺南市立棒球場,統一7-ELEVEn獅,False,3.0,9.0,-6.0,False,客場,敗,大敗,中等得分,高失分,0.0,0.0,3.0,False,False,False,被壓制型,36.0,9.0,0.0,10.0,2.0,0.0,0.0,2.0,2.0,0.333333333333333,0.0,穩定攻擊,24.0,8.0,15.0,5.0,0.0,8.0,2.5,1.6,-6.0,投打被突破
1191,CPBL-2024-xa-72,中職2024年,2024,72,2024-05-03 18:13:00,臺南市立棒球場,v0.1.0-2024,G1-G360 regular season,https://github.com/rebas-tw/rebas.tw-open-data/releases/download/v0.1.0-2024/CPBL-2024-OpenData.zip,CPBL-2024-OpenData/CPBL-2024-OpenData.json,統一7-ELEVEn獅,樂天桃猿,True,9,3,6,1,7,2,0,1,1,1,40,15,5,8,3,1,0,4,5,0.6,14.0,27,9.0,9,0,0,10,1.0,10.0,7,主場,勝,大勝,高得分,中等失分,領先守成型,火力強勢,壓制力強,5,中職2024年,72.0,2024-05-03 18:13,臺南市立棒球場,樂天桃猿,True,9.0,3.0,6.0,True,主場,勝,大勝,高得分,中等失分,7.0,2.0,0.0,True,True,True,全場壓制型,40.0,15.0,5.0,8.0,3.0,1.0,0.0,4.0,5.0,0.6,14.0,火力強勢,27.0,9.0,9.0,0.0,0.0,10.0,1.0,10.0,7.0,穩定守成
1192,CPBL-2024-xa-71,中職2024年,2024,71,2024-05-03 18:35:00,臺中市洲際棒球場,v0.1.0-2024,G1-G360 regular season,https://github.com/rebas-tw/rebas.tw-open-data/releases/download/v0.1.0-2024/CPBL-2024-OpenData.zip,CPBL-2024-OpenData/CPBL-2024-OpenData.json,富邦悍將,中信兄弟,False,1,0,1,1,1,0,0,1,1,1,31,8,1,4,3,0,1,4,6,0.125,4.0,27,9.0,3,4,0,9,0.7777777777777778,2.25,5,客場,勝,小勝,低得分,低失分,領先守成型,穩定攻擊,壓制力強,5,中職2024年,71.0,2024-05-03 18:35,臺中市洲際棒球場,中信兄弟,False,1.0,0.0,1.0,True,客場,勝,小勝,低得分,低失分,1.0,0.0,0.0,True,True,True,全場壓制型,31.0,8.0,1.0,4.0,3.0,0.0,1.0,4.0,6.0,0.125,4.0,低效進攻,27.0,9.0,3.0,4.0,0.0,9.0,0.777777777777778,2.25,5.0,壓制力強
1193,CPBL-2024-xa-71,中職2024年,2024,71,2024-05-03 18:35:00,臺中市洲際棒球場,v0.1.0-2024,G1-G360 regular season,https://github.com/rebas-tw/rebas.tw-open-data/releases/download/v0.1.0-2024/CPBL-2024-OpenData.zip,CPBL-2024-OpenData/CPBL-2024-OpenData.json,中信兄弟,富邦悍將,True,0,1,-1,0,0,0,0,0,0,0,28,3,4,9,1,0,0,1,1,0.0,0.5,27,9.0,8,1,1,4,1.0,4.0,1,主場,敗,小敗,低得分,低失分,一般拉鋸型,攻勢受阻,穩定守成,5,中職2024年,71.0,2024-05-03 18:35,臺中市洲際棒球場,富邦悍將,True,0.0,1.0,-1.0,False,主場,敗,小敗,低得分,低失分,0.0,0.0,0.0,False,False,False,被壓制型,28.0,3.0,4.0,9.0,1.0,0.0,0.0,1.0,1.0,0.0,0.5,攻勢受阻,27.0,9.0,8.0,1.0,1.0,4.0,1.0,4.0,1.0,壓制力強
1194,CPBL-2024-xa-70,中職2024年,2024,70,2024-05-03 18:35:00,臺北市立天母棒球場,v0.1.0-2024,G1-G360 regular season,https://github.com/rebas-tw/rebas.tw-open-data/releases/download/v0.1.0-2024/CPBL-2024-OpenData.zip,CPBL-2024-OpenData/CPBL-2024-OpenData.json,台鋼雄鷹,味全龍,False,5,1,4,1,2,0,3,0,1,1,34,8,4,4,0,0,0,0,0,0.625,7.0,27,9.0,5,0,0,5,0.5555555555555556,5.0,4,客場,勝,中幅勝,中等得分,低失分,領先守成型,穩定攻擊,壓制力強,5,中職2024年,70.0,2024-05-03 18:35,臺北市立天母棒球場,味全龍,False,5.0,1.0,4.0,True,客場,勝,小勝,中等得分,低失分,2.0,0.0,3.0,False,True,True,全場壓制型,34.0,8.0,4.0,4.0,0.0,0.0,0.0,0.0,0.0,0.625,7.0,穩定攻擊,27.0,9.0,5.0,0.0,0.0,5.0,0.555555555555556,5.0,4.0,壓制力強
1195,CPBL-2024-xa-70,中職2024年,2024,70,2024-05-03 18:35:00,臺北市立天母棒球場,v0.1.0-2024,G1-G360 regular season,https://github.com/rebas-tw/rebas.tw-open-data/releases/download/v0.1.0-2024/CPBL-2024-OpenData.zip,CPBL-2024-OpenData/CPBL-2024-OpenData.json,味全龍,台鋼雄鷹,True,1,5,-4,0,1,0,0,1,0,0,31,5,0,5,1,0,0,1,1,0.2,-0.5,27,9.0,8,4,0,4,1.3333333333333333,1.0,-5,主場,敗,大敗,低得分,中等失分,一般拉鋸型,攻勢受阻,失分偏高,5,中職2024年,70.0,2024-05-03 18:35,臺北市立天母棒球場,台鋼雄鷹,True,1.0,5.0,-4.0,False,主場,敗,小敗,低得分,中等失分,1.0,0.0,0.0,True,False,False,被壓制型,31.0,5.0,0.0,5.0,1.0,0.0,0.0,1.0,1.0,0.2,-0.5,低效進攻,27.0,9.0,8.0,4.0,0.0,4.0,1.33333333333333,1.0,-5.0,失分偏高
1196,CPBL-2024-xa-69,中職2024年,2024,69,2024-05-02 18:35:00,樂天桃園棒球場,v0.1.0-2024,G1-G360 regular season,https://github.com/rebas-tw/rebas.tw-open-data/releases/download/v0.1.0-2024/CPBL-2024-OpenData.zip,CPBL-2024-OpenData/CPBL-2024-OpenData.json,富邦悍將,樂天桃猿,False,1,2,-1,0,0,1,0,1,0,1,31,5,2,7,1,0,0,1,1,0.2,0.5,24,8.0,8,2,0,10,1.25,5.0,6,客場,敗,小敗,低得分,低失分,後段失守型,攻勢受阻,壓制力強,5,中職2024年,69.0,2024-05-02 18:35,樂天桃園棒球場,樂天桃猿,False,1.0,2.0,-1.0,False,客場,敗,小敗,低得分,低失分,0.0,1.0,0.0,True,False,True,拉鋸型,31.0,5.0,2.0,7.0,1.0,0.0,0.0,1.0,1.0,0.2,0.5,低效進攻,24.0,8.0,8.0,2.0,0.0,10.0,1.25,5.0,6.0,穩定守成
1197,CPBL-2024-xa-69,中職2024年,2024,69,2024-05-02 18:35:00,樂天桃園棒球場,v0.1.0-2024,G1-G360 regular season,https://github.com/rebas-tw/rebas.tw-open-data/releases/download/v0.1.0-2024/CPBL-2024-OpenData.zip,CPBL-2024-OpenData/CPBL-2024-OpenData.json,樂天桃猿,富邦悍將,True,2,1,1,1,0,0,2,0,0,0,32,8,2,10,2,0,0,2,2,0.25,1.0,27,9.0,5,2,0,7,0.7777777777777778,3.5,4,主場,勝,小勝,低得分,低失分,後段逆轉型,攻勢受阻,壓制力強,5,中職2024年,69.0,2024-05-02 18:35,樂天桃園棒球場,富邦悍將,True,2.0,1.0,1.0,True,主場,勝,小勝,低得分,低失分,0.0,0.0,2.0,False,False,False,後段逆轉型,32.0,8.0,2.0,10.0,2.0,0.0,0.0,2.0,2.0,0.25,1.0,攻勢受阻,27.0,9.0,5.0,2.0,0.0,7.0,0.777777777777778,3.5,4.0,壓制力強
1198,CPBL-2024-xa-67,中職2024年,2024,67,2024-05-01 18:18:00,澄清湖棒球場,v0.1.0-2024,G1-G360 regular season,https://github.com/rebas-tw/rebas.tw-open-data/releases/download/v0.1.0-2024/CPBL-2024-OpenData.zip,CPBL-2024-OpenData/CPBL-2024-OpenData.json,統一7-ELEVEn獅,台鋼雄鷹,False,17,6,11,1,0,9,8,0,0,1,43,15,2,8,4,1,1,6,9,1.1333333333333333,21.0,27,9.0,15,5,0,10,2.2222222222222223,2.0,-1,客場,勝,大勝,高得分,高失分,領先守成型,火力強勢,穩定守成,5,中職2024年,67.0,2024-05-01 18:18,澄清湖棒球場,台鋼雄鷹,False,17.0,6.0,11.0,True,客場,勝,大勝,高得分,高失分,0.0,9.0,8.0,False,False,True,後段追分型,43.0,15.0,2.0,8.0,4.0,1.0,1.0,6.0,9.0,1.13333333333333,21.0,火力強勢,27.0,9.0,15.0,5.0,0.0,10.0,2.22222222222222,2.0,-1.0,投打被突破
1199,CPBL-2024-xa-67,中職2024年,2024,67,2024-05-01 18:18:00,澄清湖棒球場,v0.1.0-2024,G1-G360 regular season,https://github.com/rebas-tw/rebas.tw-open-data/releases/download/v0.1.0-2024/CPBL-2024-OpenData.zip,CPBL-2024-OpenData/CPBL-2024-OpenData.json,台鋼雄鷹,統一7-ELEVEn獅,True,6,17,-11,0,0,1,5,1,0,0,41,15,5,10,1,0,0,1,1,0.4,7.0,27,9.0,15,2,1,8,1.8888888888888888,4.0,-12,主場,敗,大敗,高得分,高失分,一般拉鋸型,穩定攻擊,失分偏高,5,中職2024年,67.0,2024-05-01 18:18,澄清湖棒球場,統一7-ELEVEn獅,True,6.0,17.0,-11.0,False,主場,敗,大敗,高得分,高失分,0.0,1.0,5.0,True,False,False,被壓制型,41.0,15.0,5.0,10.0,1.0,0.0,0.0,1.0,1.0,0.4,7.0,穩定攻擊,27.0,9.0,15.0,2.0,1.0,8.0,1.88888888888889,4.0,-12.0,投打被突破
1200,CPBL-2024-xa-66,中職2024年,2024,66,2024-05-01 18:35:00,臺北市立天母棒球場,v0.1.0-2024,G1-G360 regular season,https://github.com/rebas-tw/rebas.tw-open-data/releases/download/v0.1.0-2024/CPBL-2024-OpenData.zip,CPBL-2024-OpenData/CPBL-2024-OpenData.json,中信兄弟,味全龍,False,4,2,2,1,2,2,0,0,1,1,33,8,6,8,0,0,0,0,0,0.5,6.0,27,9.0,9,3,1,5,1.3333333333333333,1.6666666666666667,-1,客場,勝,中幅勝,中等得分,低失分,領先守成型,穩定攻擊,穩定守成,5,中職2024年,66.0,2024-05-01 18:35,臺北市立天母棒球場,味全龍,False,4.0,2.0,2.0,True,客場,勝,小勝,中等得分,低失分,2.0,2.0,0.0,False,True,True,全場壓制型,33.0,8.0,6.0,8.0,0.0,0.0,0.0,0.0,0.0,0.5,6.0,穩定攻擊,27.0,9.0,9.0,3.0,1.0,5.0,1.33333333333333,1.66666666666667,-1.0,普通防守
1201,CPBL-2024-xa-66,中職2024年,2024,66,2024-05-01 18:35:00,臺北市立天母棒球場,v0.1.0-2024,G1-G360 regular season,https://github.com/rebas-tw/rebas.tw-open-data/releases/download/v0.1.0-2024/CPBL-2024-OpenData.zip,CPBL-2024-OpenData/CPBL-2024-OpenData.json,味全龍,中信兄弟,True,2,4,-2,0,1,1,0,0,0,0,32,9,3,5,1,1,1,3,6,0.2222222222222222,5.5,27,9.0,8,6,0,8,1.5555555555555556,1.3333333333333333,-2,主場,敗,小敗,低得分,中等失分,一般拉鋸型,穩定攻擊,穩定守成,5,中職2024年,66.0,2024-05-01 18:35,臺北市立天母棒球場,中信兄弟,True,2.0,4.0,-2.0,False,主場,敗,小敗,低得分,中等失分,1.0,1.0,0.0,False,False,False,被壓制型,32.0,9.0,3.0,5.0,1.0,1.0,1.0,3.0,6.0,0.222222222222222,5.5,低效進攻,27.0,9.0,8.0,6.0,0.0,8.0,1.55555555555556,1.33333333333333,-2.0,普通防守
1202,CPBL-2024-xa-65,中職2024年,2024,65,2024-04-30 18:35:00,澄清湖棒球場,v0.1.0-2024,G1-G360 regular season,https://github.com/rebas-tw/rebas.tw-open-data/releases/download/v0.1.0-2024/CPBL-2024-OpenData.zip,CPBL-2024-OpenData/CPBL-2024-OpenData.json,統一7-ELEVEn獅,台鋼雄鷹,False,10,2,8,1,0,6,4,0,0,1,42,15,2,9,5,0,2,7,11,0.6666666666666666,14.5,27,9.0,9,2,0,11,1.2222222222222223,5.5,7,客場,勝,大勝,高得分,低失分,領先守成型,火力強勢,壓制力強,4,中職2024年,65.0,2024-04-30 18:35,澄清湖棒球場,台鋼雄鷹,False,10.0,2.0,8.0,True,客場,勝,大勝,高得分,低失分,0.0,6.0,4.0,False,False,True,後段追分型,42.0,15.0,2.0,9.0,5.0,0.0,2.0,7.0,11.0,0.666666666666667,14.5,火力強勢,27.0,9.0,9.0,2.0,0.0,11.0,1.22222222222222,5.5,7.0,穩定守成
1203,CPBL-2024-xa-65,中職2024年,2024,65,2024-04-30 18:35:00,澄清湖棒球場,v0.1.0-2024,G1-G360 regular season,https://github.com/rebas-tw/rebas.tw-open-data/releases/download/v0.1.0-2024/CPBL-2024-OpenData.zip,CPBL-2024-OpenData/CPBL-2024-OpenData.json,台鋼雄鷹,統一7-ELEVEn獅,True,2,10,-8,0,1,1,0,1,1,0,34,9,2,11,0,0,0,0,0,0.2222222222222222,-1.5,27,9.0,15,2,2,9,1.8888888888888888,4.5,-5,主場,敗,大敗,低得分,高失分,一般拉鋸型,攻勢受阻,失分偏高,4,中職2024年,65.0,2024-04-30 18:35,澄清湖棒球場,統一7-ELEVEn獅,True,2.0,10.0,-8.0,False,主場,敗,大敗,低得分,高失分,1.0,1.0,0.0,True,True,False,拉鋸型,34.0,9.0,2.0,11.0,0.0,0.0,0.0,0.0,0.0,0.222222222222222,-1.5,攻勢受阻,27.0,9.0,15.0,2.0,2.0,9.0,1.88888888888889,4.5,-5.0,投打被突破
1204,CPBL-2024-xa-64,中職2024年,2024,64,2024-04-28 17:05:00,新北市立新莊棒球場,v0.1.0-2024,G1-G360 regular season,https://github.com/rebas-tw/rebas.tw-open-data/releases/download/v0.1.0-2024/CPBL-2024-OpenData.zip,CPBL-2024-OpenData/CPBL-2024-OpenData.json,味全龍,富邦悍將,False,1,2,-1,0,0,0,1,0,0,0,31,5,5,9,0,0,0,0,0,0.2,1.5,24,8.0,9,1,0,7,1.25,7.0,4,客場,敗,小敗,低得分,低失分,一般拉鋸型,攻勢受阻,壓制力強,4,中職2024年,64.0,2024-04-28 17:05,新北市立新莊棒球場,富邦悍將,False,1.0,2.0,-1.0,False,客場,敗,小敗,低得分,低失分,0.0,0.0,1.0,False,False,False,被壓制型,31.0,5.0,5.0,9.0,0.0,0.0,0.0,0.0,0.0,0.2,1.5,攻勢受阻,24.0,8.0,9.0,1.0,0.0,7.0,1.25,7.0,4.0,穩定守成
1205,CPBL-2024-xa-64,中職2024年,2024,64,2024-04-28 17:05:00,新北市立新莊棒球場,v0.1.0-2024,G1-G360 regular season,https://github.com/rebas-tw/rebas.tw-open-data/releases/download/v0.1.0-2024/CPBL-2024-OpenData.zip,CPBL-2024-OpenData/CPBL-2024-OpenData.json,富邦悍將,味全龍,True,2,1,1,1,0,2,0,1,0,1,33,9,1,7,1,0,0,1,1,0.2222222222222222,0.5,27,9.0,5,5,0,9,1.1111111111111112,1.8,3,主場,勝,小勝,低得分,低失分,領先守成型,攻勢受阻,壓制力強,4,中職2024年,64.0,2024-04-28 17:05,新北市立新莊棒球場,味全龍,True,2.0,1.0,1.0,True,主場,勝,小勝,低得分,低失分,0.0,2.0,0.0,True,False,True,拉鋸型,33.0,9.0,1.0,7.0,1.0,0.0,0.0,1.0,1.0,0.222222222222222,0.5,低效進攻,27.0,9.0,5.0,5.0,0.0,9.0,1.11111111111111,1.8,3.0,壓制力強
1206,CPBL-2024-xa-63,中職2024年,2024,63,2024-04-28 14:05:00,樂天桃園棒球場,v0.1.0-2024,G1-G360 regular season,https://github.com/rebas-tw/rebas.tw-open-data/releases/download/v0.1.0-2024/CPBL-2024-OpenData.zip,CPBL-2024-OpenData/CPBL-2024-OpenData.json,台鋼雄鷹,樂天桃猿,False,3,5,-2,0,3,0,0,1,1,0,34,9,3,5,1,0,0,1,1,0.3333333333333333,4.5,24,8.0,8,5,0,7,1.625,1.4,-3,客場,敗,小敗,中等得分,中等失分,一般拉鋸型,穩定攻擊,穩定守成,4,中職2024年,63.0,2024-04-28 14:05,樂天桃園棒球場,樂天桃猿,False,3.0,5.0,-2.0,False,客場,敗,小敗,中等得分,中等失分,3.0,0.0,0.0,True,True,False,拉鋸型,34.0,9.0,3.0,5.0,1.0,0.0,0.0,1.0,1.0,0.333333333333333,4.5,穩定攻擊,24.0,8.0,8.0,5.0,0.0,7.0,1.625,1.4,-3.0,失分偏高
1207,CPBL-2024-xa-63,中職2024年,2024,63,2024-04-28 14:05:00,樂天桃園棒球場,v0.1.0-2024,G1-G360 regular season,https://github.com/rebas-tw/rebas.tw-open-data/releases/download/v0.1.0-2024/CPBL-2024-OpenData.zip,CPBL-2024-OpenData/CPBL-2024-OpenData.json,樂天桃猿,台鋼雄鷹,True,5,3,2,1,2,3,0,0,0,1,29,8,5,7,1,0,0,1,1,0.625,7.5,27,9.0,9,3,0,5,1.3333333333333333,1.6666666666666667,-1,主場,勝,中幅勝,中等得分,中等失分,領先守成型,穩定攻擊,穩定守成,4,中職2024年,63.0,2024-04-28 14:05,樂天桃園棒球場,台鋼雄鷹,True,5.0,3.0,2.0,True,主場,勝,小勝,中等得分,中等失分,2.0,3.0,0.0,False,False,True,拉鋸型,29.0,8.0,5.0,7.0,1.0,0.0,0.0,1.0,1.0,0.625,7.5,穩定攻擊,27.0,9.0,9.0,3.0,0.0,5.0,1.33333333333333,1.66666666666667,-1.0,普通防守
1208,CPBL-2024-xa-62,中職2024年,2024,62,2024-04-28 14:06:00,臺中市洲際棒球場,v0.1.0-2024,G1-G360 regular season,https://github.com/rebas-tw/rebas.tw-open-data/releases/download/v0.1.0-2024/CPBL-2024-OpenData.zip,CPBL-2024-OpenData/CPBL-2024-OpenData.json,統一7-ELEVEn獅,中信兄弟,False,4,2,2,1,1,2,1,1,1,1,31,7,2,7,1,0,2,3,7,0.5714285714285714,5.5,27,9.0,7,4,1,10,1.2222222222222223,2.5,3,客場,勝,中幅勝,中等得分,低失分,領先守成型,穩定攻擊,壓制力強,4,中職2024年,62.0,2024-04-28 14:06,臺中市洲際棒球場,中信兄弟,False,4.0,2.0,2.0,True,客場,勝,小勝,中等得分,低失分,1.0,2.0,1.0,True,True,True,全場壓制型,31.0,7.0,2.0,7.0,1.0,0.0,2.0,3.0,7.0,0.571428571428571,5.5,零星攻勢,27.0,9.0,7.0,4.0,1.0,10.0,1.22222222222222,2.5,3.0,穩定守成
1209,CPBL-2024-xa-62,中職2024年,2024,62,2024-04-28 14:06:00,臺中市洲際棒球場,v0.1.0-2024,G1-G360 regular season,https://github.com/rebas-tw/rebas.tw-open-data/releases/download/v0.1.0-2024/CPBL-2024-OpenData.zip,CPBL-2024-OpenData/CPBL-2024-OpenData.json,中信兄弟,統一7-ELEVEn獅,True,2,4,-2,0,0,2,0,0,0,0,33,7,4,10,0,0,1,1,3,0.2857142857142857,2.0,27,9.0,7,2,2,7,1.0,3.5,-1,主場,敗,小敗,低得分,中等失分,一般拉鋸型,攻勢受阻,穩定守成,4,中職2024年,62.0,2024-04-28 14:06,臺中市洲際棒球場,統一7-ELEVEn獅,True,2.0,4.0,-2.0,False,主場,敗,小敗,低得分,中等失分,0.0,2.0,0.0,False,False,False,被壓制型,33.0,7.0,4.0,10.0,0.0,0.0,1.0,1.0,3.0,0.285714285714286,2.0,攻勢受阻,27.0,9.0,7.0,2.0,2.0,7.0,1.0,3.5,-1.0,普通防守
1210,CPBL-2024-xa-61,中職2024年,2024,61,2024-04-27 17:05:00,新北市立新莊棒球場,v0.1.0-2024,G1-G360 regular season,https://github.com/rebas-tw/rebas.tw-open-data/releases/download/v0.1.0-2024/CPBL-2024-OpenData.zip,CPBL-2024-OpenData/CPBL-2024-OpenData.json,味全龍,富邦悍將,False,3,4,-1,0,0,1,1,0,0,0,41,9,6,9,1,0,0,1,1,0.3333333333333333,5.5,31,10.333333333333334,8,8,0,6,1.5483870967741935,0.75,-6,客場,敗,小敗,中等得分,中等失分,一般拉鋸型,穩定攻擊,失分偏高,4,中職2024年,61.0,2024-04-27 17:05,新北市立新莊棒球場,富邦悍將,False,3.0,4.0,-1.0,False,客場,敗,小敗,中等得分,中等失分,0.0,1.0,1.0,False,False,False,被壓制型,41.0,9.0,6.0,9.0,1.0,0.0,0.0,1.0,1.0,0.333333333333333,5.5,穩定攻擊,31.0,10.3333333333333,8.0,8.0,0.0,6.0,1.54838709677419,0.75,-6.0,普通防守
1211,CPBL-2024-xa-61,中職2024年,2024,61,2024-04-27 17:05:00,新北市立新莊棒球場,v0.1.0-2024,G1-G360 regular season,https://github.com/rebas-tw/rebas.tw-open-data/releases/download/v0.1.0-2024/CPBL-2024-OpenData.zip,CPBL-2024-OpenData/CPBL-2024-OpenData.json,富邦悍將,味全龍,True,4,3,1,1,1,0,1,1,1,0,32,8,8,6,1,0,0,1,1,0.5,10.0,33,11.0,9,6,0,9,1.3636363636363635,1.5,0,主場,勝,小勝,中等得分,中等失分,後段逆轉型,火力強勢,穩定守成,4,中職2024年,61.0,2024-04-27 17:05,新北市立新莊棒球場,味全龍,True,4.0,3.0,1.0,True,主場,勝,小勝,中等得分,中等失分,1.0,0.0,1.0,True,True,False,後段逆轉型,32.0,8.0,8.0,6.0,1.0,0.0,0.0,1.0,1.0,0.5,10.0,穩定攻擊,33.0,11.0,9.0,6.0,0.0,9.0,1.36363636363636,1.5,0.0,穩定守成
1212,CPBL-2024-xa-60,中職2024年,2024,60,2024-04-27 17:05:00,樂天桃園棒球場,v0.1.0-2024,G1-G360 regular season,https://github.com/rebas-tw/rebas.tw-open-data/releases/download/v0.1.0-2024/CPBL-2024-OpenData.zip,CPBL-2024-OpenData/CPBL-2024-OpenData.json,台鋼雄鷹,樂天桃猿,False,0,1,-1,0,0,0,0,0,0,0,30,4,0,8,0,0,0,0,0,0.0,-4.0,24,8.0,6,1,0,4,0.875,4.0,2,客場,敗,小敗,低得分,低失分,一般拉鋸型,攻勢受阻,壓制力強,4,中職2024年,60.0,2024-04-27 17:05,樂天桃園棒球場,樂天桃猿,False,0.0,1.0,-1.0,False,客場,敗,小敗,低得分,低失分,0.0,0.0,0.0,False,False,False,被壓制型,30.0,4.0,0.0,8.0,0.0,0.0,0.0,0.0,0.0,0.0,-4.0,攻勢受阻,24.0,8.0,6.0,1.0,0.0,4.0,0.875,4.0,2.0,壓制力強
1213,CPBL-2024-xa-60,中職2024年,2024,60,2024-04-27 17:05:00,樂天桃園棒球場,v0.1.0-2024,G1-G360 regular season,https://github.com/rebas-tw/rebas.tw-open-data/releases/download/v0.1.0-2024/CPBL-2024-OpenData.zip,CPBL-2024-OpenData/CPBL-2024-OpenData.json,樂天桃猿,台鋼雄鷹,True,1,0,1,1,1,0,0,1,1,1,26,6,1,4,1,0,0,1,1,0.16666666666666666,1.0,27,9.0,4,0,0,8,0.4444444444444444,8.0,8,主場,勝,小勝,低得分,低失分,領先守成型,攻勢受阻,壓制力強,4,中職2024年,60.0,2024-04-27 17:05,樂天桃園棒球場,台鋼雄鷹,True,1.0,0.0,1.0,True,主場,勝,小勝,低得分,低失分,1.0,0.0,0.0,True,True,True,全場壓制型,26.0,6.0,1.0,4.0,1.0,0.0,0.0,1.0,1.0,0.166666666666667,1.0,低效進攻,27.0,9.0,4.0,0.0,0.0,8.0,0.444444444444444,8.0,8.0,壓制力強
1214,CPBL-2024-xa-59,中職2024年,2024,59,2024-04-27 17:05:00,臺中市洲際棒球場,v0.1.0-2024,G1-G360 regular season,https://github.com/rebas-tw/rebas.tw-open-data/releases/download/v0.1.0-2024/CPBL-2024-OpenData.zip,CPBL-2024-OpenData/CPBL-2024-OpenData.json,統一7-ELEVEn獅,中信兄弟,False,6,7,-1,0,0,0,4,0,0,0,44,11,4,11,1,1,0,2,3,0.5454545454545454,6.5,33,11.0,9,3,2,8,1.0909090909090908,2.6666666666666665,-4,客場,敗,小敗,高得分,高失分,一般拉鋸型,穩定攻擊,失分偏高,4,中職2024年,59.0,2024-04-27 17:05,臺中市洲際棒球場,中信兄弟,False,6.0,7.0,-1.0,False,客場,敗,小敗,高得分,高失分,0.0,0.0,4.0,False,False,False,被壓制型,44.0,11.0,4.0,11.0,1.0,1.0,0.0,2.0,3.0,0.545454545454545,6.5,穩定攻擊,33.0,11.0,9.0,3.0,2.0,8.0,1.09090909090909,2.66666666666667,-4.0,失分偏高
1215,CPBL-2024-xa-59,中職2024年,2024,59,2024-04-27 17:05:00,臺中市洲際棒球場,v0.1.0-2024,G1-G360 regular season,https://github.com/rebas-tw/rebas.tw-open-data/releases/download/v0.1.0-2024/CPBL-2024-OpenData.zip,CPBL-2024-OpenData/CPBL-2024-OpenData.json,中信兄弟,統一7-ELEVEn獅,True,7,6,1,1,4,0,0,1,1,1,41,9,3,8,0,0,2,2,6,0.7777777777777778,8.0,36,12.0,11,4,0,11,1.25,2.75,1,主場,勝,小勝,高得分,高失分,領先守成型,火力強勢,穩定守成,4,中職2024年,59.0,2024-04-27 17:05,臺中市洲際棒球場,統一7-ELEVEn獅,True,7.0,6.0,1.0,True,主場,勝,小勝,高得分,高失分,4.0,0.0,0.0,True,True,True,全場壓制型,41.0,9.0,3.0,8.0,0.0,0.0,2.0,2.0,6.0,0.777777777777778,8.0,穩定攻擊,36.0,12.0,11.0,4.0,0.0,11.0,1.25,2.75,1.0,失分偏高
1216,CPBL-2024-xa-55,中職2024年,2024,55,2024-04-24 18:35:00,臺南市立棒球場,v0.1.0-2024,G1-G360 regular season,https://github.com/rebas-tw/rebas.tw-open-data/releases/download/v0.1.0-2024/CPBL-2024-OpenData.zip,CPBL-2024-OpenData/CPBL-2024-OpenData.json,味全龍,統一7-ELEVEn獅,False,11,2,9,1,5,5,1,1,1,1,45,18,2,5,2,1,1,4,7,0.6111111111111112,14.5,27,9.0,5,3,0,8,0.8888888888888888,2.6666666666666665,3,客場,勝,大勝,高得分,低失分,領先守成型,火力強勢,壓制力強,4,中職2024年,55.0,2024-04-24 18:35,臺南市立棒球場,統一7-ELEVEn獅,False,11.0,2.0,9.0,True,客場,勝,大勝,高得分,低失分,5.0,5.0,1.0,True,True,True,全場壓制型,45.0,18.0,2.0,5.0,2.0,1.0,1.0,4.0,7.0,0.611111111111111,14.5,火力強勢,27.0,9.0,5.0,3.0,0.0,8.0,0.888888888888889,2.66666666666667,3.0,壓制力強
1217,CPBL-2024-xa-55,中職2024年,2024,55,2024-04-24 18:35:00,臺南市立棒球場,v0.1.0-2024,G1-G360 regular season,https://github.com/rebas-tw/rebas.tw-open-data/releases/download/v0.1.0-2024/CPBL-2024-OpenData.zip,CPBL-2024-OpenData/CPBL-2024-OpenData.json,統一7-ELEVEn獅,味全龍,True,2,11,-9,0,0,1,1,0,0,0,31,5,3,8,2,0,0,2,2,0.4,3.0,27,9.0,18,2,1,5,2.2222222222222223,2.5,-9,主場,敗,大敗,低得分,高失分,一般拉鋸型,穩定攻擊,失分偏高,4,中職2024年,55.0,2024-04-24 18:35,臺南市立棒球場,味全龍,True,2.0,11.0,-9.0,False,主場,敗,大敗,低得分,高失分,0.0,1.0,1.0,False,False,False,被壓制型,31.0,5.0,3.0,8.0,2.0,0.0,0.0,2.0,2.0,0.4,3.0,攻勢受阻,27.0,9.0,18.0,2.0,1.0,5.0,2.22222222222222,2.5,-9.0,投打被突破
1218,CPBL-2024-xa-52,中職2024年,2024,52,2024-04-23 18:35:00,臺南市立棒球場,v0.1.0-2024,G1-G360 regular season,https://github.com/rebas-tw/rebas.tw-open-data/releases/download/v0.1.0-2024/CPBL-2024-OpenData.zip,CPBL-2024-OpenData/CPBL-2024-OpenData.json,味全龍,統一7-ELEVEn獅,False,5,10,-5,0,1,1,3,0,0,0,33,8,3,11,1,0,0,1,1,0.625,3.5,24,8.0,14,3,3,7,2.125,2.3333333333333335,-9,客場,敗,大敗,中等得分,高失分,一般拉鋸型,穩定攻擊,失分偏高,4,中職2024年,52.0,2024-04-23 18:35,臺南市立棒球場,統一7-ELEVEn獅,False,5.0,10.0,-5.0,False,客場,敗,大敗,中等得分,高失分,1.0,1.0,3.0,False,False,False,被壓制型,33.0,8.0,3.0,11.0,1.0,0.0,0.0,1.0,1.0,0.625,3.5,穩定攻擊,24.0,8.0,14.0,3.0,3.0,7.0,2.125,2.33333333333333,-9.0,投打被突破
1219,CPBL-2024-xa-52,中職2024年,2024,52,2024-04-23 18:35:00,臺南市立棒球場,v0.1.0-2024,G1-G360 regular season,https://github.com/rebas-tw/rebas.tw-open-data/releases/download/v0.1.0-2024/CPBL-2024-OpenData.zip,CPBL-2024-OpenData/CPBL-2024-OpenData.json,統一7-ELEVEn獅,味全龍,True,10,5,5,1,2,0,8,1,1,0,39,14,3,7,0,0,3,3,9,0.7142857142857143,12.5,27,9.0,8,3,0,11,1.2222222222222223,3.6666666666666665,3,主場,勝,大勝,高得分,中等失分,後段逆轉型,火力強勢,壓制力強,4,中職2024年,52.0,2024-04-23 18:35,臺南市立棒球場,味全龍,True,10.0,5.0,5.0,True,主場,勝,大勝,高得分,中等失分,2.0,0.0,8.0,True,True,False,後段逆轉型,39.0,14.0,3.0,7.0,0.0,0.0,3.0,3.0,9.0,0.714285714285714,12.5,火力強勢,27.0,9.0,8.0,3.0,0.0,11.0,1.22222222222222,3.66666666666667,3.0,失分偏高
1220,CPBL-2024-xa-51,中職2024年,2024,51,2024-04-23 18:35:00,新北市立新莊棒球場,v0.1.0-2024,G1-G360 regular season,https://github.com/rebas-tw/rebas.tw-open-data/releases/download/v0.1.0-2024/CPBL-2024-OpenData.zip,CPBL-2024-OpenData/CPBL-2024-OpenData.json,台鋼雄鷹,富邦悍將,False,1,4,-3,0,1,0,0,1,0,0,32,7,1,8,1,1,1,3,6,0.14285714285714285,1.0,24,8.0,7,3,1,4,1.25,1.3333333333333333,-4,客場,敗,小敗,低得分,中等失分,一般拉鋸型,攻勢受阻,失分偏高,4,中職2024年,51.0,2024-04-23 18:35,新北市立新莊棒球場,富邦悍將,False,1.0,4.0,-3.0,False,客場,敗,小敗,低得分,中等失分,1.0,0.0,0.0,True,False,False,被壓制型,32.0,7.0,1.0,8.0,1.0,1.0,1.0,3.0,6.0,0.142857142857143,1.0,攻勢受阻,24.0,8.0,7.0,3.0,1.0,4.0,1.25,1.33333333333333,-4.0,普通防守
1221,CPBL-2024-xa-51,中職2024年,2024,51,2024-04-23 18:35:00,新北市立新莊棒球場,v0.1.0-2024,G1-G360 regular season,https://github.com/rebas-tw/rebas.tw-open-data/releases/download/v0.1.0-2024/CPBL-2024-OpenData.zip,CPBL-2024-OpenData/CPBL-2024-OpenData.json,富邦悍將,台鋼雄鷹,True,4,1,3,1,1,1,2,0,0,1,29,7,3,4,0,0,1,1,3,0.5714285714285714,6.0,27,9.0,7,1,1,8,0.8888888888888888,8.0,5,主場,勝,中幅勝,中等得分,低失分,領先守成型,穩定攻擊,壓制力強,4,中職2024年,51.0,2024-04-23 18:35,新北市立新莊棒球場,台鋼雄鷹,True,4.0,1.0,3.0,True,主場,勝,小勝,中等得分,低失分,1.0,1.0,2.0,False,False,True,後段追分型,29.0,7.0,3.0,4.0,0.0,0.0,1.0,1.0,3.0,0.571428571428571,6.0,零星攻勢,27.0,9.0,7.0,1.0,1.0,8.0,0.888888888888889,8.0,5.0,壓制力強
1222,CPBL-2024-xa-50,中職2024年,2024,50,2024-04-23 18:35:00,臺中市洲際棒球場,v0.1.0-2024,G1-G360 regular season,https://github.com/rebas-tw/rebas.tw-open-data/releases/download/v0.1.0-2024/CPBL-2024-OpenData.zip,CPBL-2024-OpenData/CPBL-2024-OpenData.json,樂天桃猿,中信兄弟,False,6,2,4,1,1,0,5,1,1,0,35,12,0,4,3,0,0,3,3,0.5,7.0,27,9.0,7,4,1,8,1.2222222222222223,2.0,1,客場,勝,中幅勝,高得分,低失分,後段逆轉型,穩定攻擊,穩定守成,4,中職2024年,50.0,2024-04-23 18:35,臺中市洲際棒球場,中信兄弟,False,6.0,2.0,4.0,True,客場,勝,小勝,高得分,低失分,1.0,0.0,5.0,True,True,False,後段逆轉型,35.0,12.0,0.0,4.0,3.0,0.0,0.0,3.0,3.0,0.5,7.0,火力強勢,27.0,9.0,7.0,4.0,1.0,8.0,1.22222222222222,2.0,1.0,穩定守成
1223,CPBL-2024-xa-50,中職2024年,2024,50,2024-04-23 18:35:00,臺中市洲際棒球場,v0.1.0-2024,G1-G360 regular season,https://github.com/rebas-tw/rebas.tw-open-data/releases/download/v0.1.0-2024/CPBL-2024-OpenData.zip,CPBL-2024-OpenData/CPBL-2024-OpenData.json,中信兄弟,樂天桃猿,True,2,6,-4,0,0,1,1,0,0,0,33,7,4,8,2,0,1,3,5,0.2857142857142857,5.0,27,9.0,12,0,0,4,1.3333333333333333,4.0,-2,主場,敗,大敗,低得分,高失分,一般拉鋸型,穩定攻擊,穩定守成,4,中職2024年,50.0,2024-04-23 18:35,臺中市洲際棒球場,樂天桃猿,True,2.0,6.0,-4.0,False,主場,敗,小敗,低得分,高失分,0.0,1.0,1.0,False,False,False,被壓制型,33.0,7.0,4.0,8.0,2.0,0.0,1.0,3.0,5.0,0.285714285714286,5.0,攻勢受阻,27.0,9.0,12.0,0.0,0.0,4.0,1.33333333333333,4.0,-2.0,失分偏高
1224,CPBL-2024-xa-49,中職2024年,2024,49,2024-04-21 14:05:00,臺南市立棒球場,v0.1.0-2024,G1-G360 regular season,https://github.com/rebas-tw/rebas.tw-open-data/releases/download/v0.1.0-2024/CPBL-2024-OpenData.zip,CPBL-2024-OpenData/CPBL-2024-OpenData.json,富邦悍將,統一7-ELEVEn獅,False,3,1,2,1,1,0,2,0,0,0,35,8,4,12,1,0,0,1,1,0.375,2.0,27,9.0,8,3,0,5,1.2222222222222223,1.6666666666666667,1,客場,勝,中幅勝,中等得分,低失分,後段逆轉型,攻勢受阻,穩定守成,4,中職2024年,49.0,2024-04-21 14:05,臺南市立棒球場,統一7-ELEVEn獅,False,3.0,1.0,2.0,True,客場,勝,小勝,中等得分,低失分,1.0,0.0,2.0,False,False,False,後段逆轉型,35.0,8.0,4.0,12.0,1.0,0.0,0.0,1.0,1.0,0.375,2.0,穩定攻擊,27.0,9.0,8.0,3.0,0.0,5.0,1.22222222222222,1.66666666666667,1.0,穩定守成
1225,CPBL-2024-xa-49,中職2024年,2024,49,2024-04-21 14:05:00,臺南市立棒球場,v0.1.0-2024,G1-G360 regular season,https://github.com/rebas-tw/rebas.tw-open-data/releases/download/v0.1.0-2024/CPBL-2024-OpenData.zip,CPBL-2024-OpenData/CPBL-2024-OpenData.json,統一7-ELEVEn獅,富邦悍將,True,1,3,-2,0,1,0,0,1,0,0,32,8,3,5,1,0,0,1,1,0.125,2.5,27,9.0,8,4,0,12,1.3333333333333333,3.0,5,主場,敗,小敗,低得分,中等失分,一般拉鋸型,攻勢受阻,壓制力強,4,中職2024年,49.0,2024-04-21 14:05,臺南市立棒球場,富邦悍將,True,1.0,3.0,-2.0,False,主場,敗,小敗,低得分,中等失分,1.0,0.0,0.0,True,False,False,被壓制型,32.0,8.0,3.0,5.0,1.0,0.0,0.0,1.0,1.0,0.125,2.5,低效進攻,27.0,9.0,8.0,4.0,0.0,12.0,1.33333333333333,3.0,5.0,穩定守成
1226,CPBL-2024-xa-48,中職2024年,2024,48,2024-04-21 14:05:00,臺北市立天母棒球場,v0.1.0-2024,G1-G360 regular season,https://github.com/rebas-tw/rebas.tw-open-data/releases/download/v0.1.0-2024/CPBL-2024-OpenData.zip,CPBL-2024-OpenData/CPBL-2024-OpenData.json,樂天桃猿,味全龍,False,4,7,-3,0,0,3,1,0,0,0,34,7,0,5,2,0,2,4,8,0.5714285714285714,5.5,24,8.0,11,2,1,3,1.625,1.5,-7,客場,敗,小敗,中等得分,高失分,一般拉鋸型,穩定攻擊,失分偏高,4,中職2024年,48.0,2024-04-21 14:05,臺北市立天母棒球場,味全龍,False,4.0,7.0,-3.0,False,客場,敗,小敗,中等得分,高失分,0.0,3.0,1.0,False,False,False,被壓制型,34.0,7.0,0.0,5.0,2.0,0.0,2.0,4.0,8.0,0.571428571428571,5.5,零星攻勢,24.0,8.0,11.0,2.0,1.0,3.0,1.625,1.5,-7.0,失分偏高
1227,CPBL-2024-xa-48,中職2024年,2024,48,2024-04-21 14:05:00,臺北市立天母棒球場,v0.1.0-2024,G1-G360 regular season,https://github.com/rebas-tw/rebas.tw-open-data/releases/download/v0.1.0-2024/CPBL-2024-OpenData.zip,CPBL-2024-OpenData/CPBL-2024-OpenData.json,味全龍,樂天桃猿,True,7,4,3,1,2,2,3,1,1,1,31,11,2,3,1,0,1,2,4,0.6363636363636364,9.5,27,9.0,7,0,2,5,0.7777777777777778,5.0,-1,主場,勝,中幅勝,高得分,中等失分,領先守成型,火力強勢,穩定守成,4,中職2024年,48.0,2024-04-21 14:05,臺北市立天母棒球場,樂天桃猿,True,7.0,4.0,3.0,True,主場,勝,小勝,高得分,中等失分,2.0,2.0,3.0,True,True,True,全場壓制型,31.0,11.0,2.0,3.0,1.0,0.0,1.0,2.0,4.0,0.636363636363636,9.5,穩定攻擊,27.0,9.0,7.0,0.0,2.0,5.0,0.777777777777778,5.0,-1.0,普通防守
1228,CPBL-2024-xa-47,中職2024年,2024,47,2024-04-21 14:05:00,澄清湖棒球場,v0.1.0-2024,G1-G360 regular season,https://github.com/rebas-tw/rebas.tw-open-data/releases/download/v0.1.0-2024/CPBL-2024-OpenData.zip,CPBL-2024-OpenData/CPBL-2024-OpenData.json,中信兄弟,台鋼雄鷹,False,8,0,8,1,1,6,1,1,1,1,37,12,4,7,2,0,0,2,2,0.6666666666666666,10.5,27,9.0,6,2,0,5,0.8888888888888888,2.5,3,客場,勝,大勝,高得分,低失分,領先守成型,火力強勢,壓制力強,4,中職2024年,47.0,2024-04-21 14:05,澄清湖棒球場,台鋼雄鷹,False,8.0,0.0,8.0,True,客場,勝,大勝,高得分,低失分,1.0,6.0,1.0,True,True,True,全場壓制型,37.0,12.0,4.0,7.0,2.0,0.0,0.0,2.0,2.0,0.666666666666667,10.5,穩定攻擊,27.0,9.0,6.0,2.0,0.0,5.0,0.888888888888889,2.5,3.0,壓制力強
1229,CPBL-2024-xa-47,中職2024年,2024,47,2024-04-21 14:05:00,澄清湖棒球場,v0.1.0-2024,G1-G360 regular season,https://github.com/rebas-tw/rebas.tw-open-data/releases/download/v0.1.0-2024/CPBL-2024-OpenData.zip,CPBL-2024-OpenData/CPBL-2024-OpenData.json,台鋼雄鷹,中信兄弟,True,0,8,-8,0,0,0,0,0,0,0,31,6,2,5,1,0,0,1,1,0.0,0.5,27,9.0,12,4,0,7,1.7777777777777777,1.75,-5,主場,敗,大敗,低得分,高失分,一般拉鋸型,攻勢受阻,失分偏高,4,中職2024年,47.0,2024-04-21 14:05,澄清湖棒球場,中信兄弟,True,0.0,8.0,-8.0,False,主場,敗,大敗,低得分,高失分,0.0,0.0,0.0,False,False,False,被壓制型,31.0,6.0,2.0,5.0,1.0,0.0,0.0,1.0,1.0,0.0,0.5,低效進攻,27.0,9.0,12.0,4.0,0.0,7.0,1.77777777777778,1.75,-5.0,失分偏高
1230,CPBL-2024-xa-46,中職2024年,2024,46,2024-04-20 17:05:00,臺南市立棒球場,v0.1.0-2024,G1-G360 regular season,https://github.com/rebas-tw/rebas.tw-open-data/releases/download/v0.1.0-2024/CPBL-2024-OpenData.zip,CPBL-2024-OpenData/CPBL-2024-OpenData.json,富邦悍將,統一7-ELEVEn獅,False,1,7,-6,0,1,0,0,0,0,0,34,10,1,0,0,0,0,0,0,0.1,2.0,24,8.0,11,2,1,4,1.625,2.0,-6,客場,敗,大敗,低得分,高失分,一般拉鋸型,攻勢受阻,失分偏高,4,中職2024年,46.0,2024-04-20 17:05,臺南市立棒球場,統一7-ELEVEn獅,False,1.0,7.0,-6.0,False,客場,敗,大敗,低得分,高失分,1.0,0.0,0.0,False,False,False,被壓制型,34.0,10.0,1.0,0.0,0.0,0.0,0.0,0.0,0.0,0.1,2.0,低效進攻,24.0,8.0,11.0,2.0,1.0,4.0,1.625,2.0,-6.0,失分偏高
1231,CPBL-2024-xa-46,中職2024年,2024,46,2024-04-20 17:05:00,臺南市立棒球場,v0.1.0-2024,G1-G360 regular season,https://github.com/rebas-tw/rebas.tw-open-data/releases/download/v0.1.0-2024/CPBL-2024-OpenData.zip,CPBL-2024-OpenData/CPBL-2024-OpenData.json,統一7-ELEVEn獅,富邦悍將,True,7,1,6,1,2,3,2,0,1,1,34,11,2,4,2,0,1,3,5,0.6363636363636364,10.0,27,9.0,10,1,0,0,1.2222222222222223,0.0,-2,主場,勝,大勝,高得分,低失分,領先守成型,火力強勢,穩定守成,4,中職2024年,46.0,2024-04-20 17:05,臺南市立棒球場,富邦悍將,True,7.0,1.0,6.0,True,主場,勝,大勝,高得分,低失分,2.0,3.0,2.0,False,True,True,全場壓制型,34.0,11.0,2.0,4.0,2.0,0.0,1.0,3.0,5.0,0.636363636363636,10.0,火力強勢,27.0,9.0,10.0,1.0,0.0,0.0,1.22222222222222,0.0,-2.0,普通防守
1232,CPBL-2024-xa-45,中職2024年,2024,45,2024-04-20 17:05:00,臺北市立天母棒球場,v0.1.0-2024,G1-G360 regular season,https://github.com/rebas-tw/rebas.tw-open-data/releases/download/v0.1.0-2024/CPBL-2024-OpenData.zip,CPBL-2024-OpenData/CPBL-2024-OpenData.json,樂天桃猿,味全龍,False,2,3,-1,0,0,1,1,0,0,0,42,8,5,13,0,0,1,1,3,0.25,1.5,34,11.333333333333334,7,6,0,5,1.1470588235294117,0.8333333333333334,-4,客場,敗,小敗,低得分,中等失分,一般拉鋸型,攻勢受阻,失分偏高,4,中職2024年,45.0,2024-04-20 17:05,臺北市立天母棒球場,味全龍,False,2.0,3.0,-1.0,False,客場,敗,小敗,低得分,中等失分,0.0,1.0,1.0,False,False,False,被壓制型,42.0,8.0,5.0,13.0,0.0,0.0,1.0,1.0,3.0,0.25,1.5,攻勢受阻,34.0,11.3333333333333,7.0,6.0,0.0,5.0,1.14705882352941,0.833333333333333,-4.0,普通防守
1233,CPBL-2024-xa-45,中職2024年,2024,45,2024-04-20 17:05:00,臺北市立天母棒球場,v0.1.0-2024,G1-G360 regular season,https://github.com/rebas-tw/rebas.tw-open-data/releases/download/v0.1.0-2024/CPBL-2024-OpenData.zip,CPBL-2024-OpenData/CPBL-2024-OpenData.json,味全龍,樂天桃猿,True,3,2,1,1,1,0,1,1,1,0,35,7,6,5,2,0,0,2,2,0.42857142857142855,8.5,36,12.0,8,5,1,13,1.0833333333333333,2.6,5,主場,勝,小勝,中等得分,低失分,後段逆轉型,火力強勢,壓制力強,4,中職2024年,45.0,2024-04-20 17:05,臺北市立天母棒球場,樂天桃猿,True,3.0,2.0,1.0,True,主場,勝,小勝,中等得分,低失分,1.0,0.0,1.0,True,True,False,後段逆轉型,35.0,7.0,6.0,5.0,2.0,0.0,0.0,2.0,2.0,0.428571428571429,8.5,零星攻勢,36.0,12.0,8.0,5.0,1.0,13.0,1.08333333333333,2.6,5.0,壓制力強
1234,CPBL-2024-xa-44,中職2024年,2024,44,2024-04-20 17:07:00,澄清湖棒球場,v0.1.0-2024,G1-G360 regular season,https://github.com/rebas-tw/rebas.tw-open-data/releases/download/v0.1.0-2024/CPBL-2024-OpenData.zip,CPBL-2024-OpenData/CPBL-2024-OpenData.json,中信兄弟,台鋼雄鷹,False,0,3,-3,0,0,0,0,0,0,0,29,1,4,2,0,0,0,0,0,0.0,3.0,24,8.0,10,2,2,6,1.5,3.0,-1,客場,敗,小敗,低得分,中等失分,一般拉鋸型,穩定攻擊,穩定守成,4,中職2024年,44.0,2024-04-20 17:07,澄清湖棒球場,台鋼雄鷹,False,0.0,3.0,-3.0,False,客場,敗,小敗,低得分,中等失分,0.0,0.0,0.0,False,False,False,被壓制型,29.0,1.0,4.0,2.0,0.0,0.0,0.0,0.0,0.0,0.0,3.0,低效進攻,24.0,8.0,10.0,2.0,2.0,6.0,1.5,3.0,-1.0,普通防守
1235,CPBL-2024-xa-44,中職2024年,2024,44,2024-04-20 17:07:00,澄清湖棒球場,v0.1.0-2024,G1-G360 regular season,https://github.com/rebas-tw/rebas.tw-open-data/releases/download/v0.1.0-2024/CPBL-2024-OpenData.zip,CPBL-2024-OpenData/CPBL-2024-OpenData.json,台鋼雄鷹,中信兄弟,True,3,0,3,1,1,1,1,1,1,1,34,10,2,6,0,0,2,2,6,0.3,4.0,27,9.0,1,4,0,2,0.5555555555555556,0.5,-2,主場,勝,中幅勝,中等得分,低失分,領先守成型,穩定攻擊,穩定守成,4,中職2024年,44.0,2024-04-20 17:07,澄清湖棒球場,中信兄弟,True,3.0,0.0,3.0,True,主場,勝,小勝,中等得分,低失分,1.0,1.0,1.0,True,True,True,全場壓制型,34.0,10.0,2.0,6.0,0.0,0.0,2.0,2.0,6.0,0.3,4.0,穩定攻擊,27.0,9.0,1.0,4.0,0.0,2.0,0.555555555555556,0.5,-2.0,壓制力強
1236,CPBL-2024-xa-43,中職2024年,2024,43,2024-04-19 18:35:00,臺南市立棒球場,v0.1.0-2024,G1-G360 regular season,https://github.com/rebas-tw/rebas.tw-open-data/releases/download/v0.1.0-2024/CPBL-2024-OpenData.zip,CPBL-2024-OpenData/CPBL-2024-OpenData.json,富邦悍將,統一7-ELEVEn獅,False,1,3,-2,0,0,0,1,0,0,0,29,4,5,11,1,0,0,1,1,0.25,1.5,24,8.0,6,3,0,8,1.125,2.6666666666666665,2,客場,敗,小敗,低得分,中等失分,一般拉鋸型,攻勢受阻,壓制力強,4,中職2024年,43.0,2024-04-19 18:35,臺南市立棒球場,統一7-ELEVEn獅,False,1.0,3.0,-2.0,False,客場,敗,小敗,低得分,中等失分,0.0,0.0,1.0,False,False,False,被壓制型,29.0,4.0,5.0,11.0,1.0,0.0,0.0,1.0,1.0,0.25,1.5,攻勢受阻,24.0,8.0,6.0,3.0,0.0,8.0,1.125,2.66666666666667,2.0,穩定守成
1237,CPBL-2024-xa-43,中職2024年,2024,43,2024-04-19 18:35:00,臺南市立棒球場,v0.1.0-2024,G1-G360 regular season,https://github.com/rebas-tw/rebas.tw-open-data/releases/download/v0.1.0-2024/CPBL-2024-OpenData.zip,CPBL-2024-OpenData/CPBL-2024-OpenData.json,統一7-ELEVEn獅,富邦悍將,True,3,1,2,1,3,0,0,1,1,1,27,6,3,8,2,0,0,2,2,0.5,4.0,27,9.0,4,5,0,11,1.0,2.2,5,主場,勝,中幅勝,中等得分,低失分,領先守成型,穩定攻擊,壓制力強,4,中職2024年,43.0,2024-04-19 18:35,臺南市立棒球場,富邦悍將,True,3.0,1.0,2.0,True,主場,勝,小勝,中等得分,低失分,3.0,0.0,0.0,True,True,True,全場壓制型,27.0,6.0,3.0,8.0,2.0,0.0,0.0,2.0,2.0,0.5,4.0,零星攻勢,27.0,9.0,4.0,5.0,0.0,11.0,1.0,2.2,5.0,壓制力強
1238,CPBL-2024-xa-42,中職2024年,2024,42,2024-04-19 18:35:00,臺北市立天母棒球場,v0.1.0-2024,G1-G360 regular season,https://github.com/rebas-tw/rebas.tw-open-data/releases/download/v0.1.0-2024/CPBL-2024-OpenData.zip,CPBL-2024-OpenData/CPBL-2024-OpenData.json,樂天桃猿,味全龍,False,3,0,3,1,2,1,0,1,1,1,33,7,2,6,1,0,1,2,4,0.42857142857142855,4.0,27,9.0,3,2,0,4,0.5555555555555556,2.0,2,客場,勝,中幅勝,中等得分,低失分,領先守成型,穩定攻擊,壓制力強,4,中職2024年,42.0,2024-04-19 18:35,臺北市立天母棒球場,味全龍,False,3.0,0.0,3.0,True,客場,勝,小勝,中等得分,低失分,2.0,1.0,0.0,True,True,True,全場壓制型,33.0,7.0,2.0,6.0,1.0,0.0,1.0,2.0,4.0,0.428571428571429,4.0,零星攻勢,27.0,9.0,3.0,2.0,0.0,4.0,0.555555555555556,2.0,2.0,壓制力強
1239,CPBL-2024-xa-42,中職2024年,2024,42,2024-04-19 18:35:00,臺北市立天母棒球場,v0.1.0-2024,G1-G360 regular season,https://github.com/rebas-tw/rebas.tw-open-data/releases/download/v0.1.0-2024/CPBL-2024-OpenData.zip,CPBL-2024-OpenData/CPBL-2024-OpenData.json,味全龍,樂天桃猿,True,0,3,-3,0,0,0,0,0,0,0,28,3,2,4,2,0,0,2,2,0.0,2.0,27,9.0,7,2,1,6,1.0,3.0,0,主場,敗,小敗,低得分,中等失分,一般拉鋸型,攻勢受阻,穩定守成,4,中職2024年,42.0,2024-04-19 18:35,臺北市立天母棒球場,樂天桃猿,True,0.0,3.0,-3.0,False,主場,敗,小敗,低得分,中等失分,0.0,0.0,0.0,False,False,False,被壓制型,28.0,3.0,2.0,4.0,2.0,0.0,0.0,2.0,2.0,0.0,2.0,低效進攻,27.0,9.0,7.0,2.0,1.0,6.0,1.0,3.0,0.0,穩定守成
1240,CPBL-2024-xa-41,中職2024年,2024,41,2024-04-19 18:35:00,澄清湖棒球場,v0.1.0-2024,G1-G360 regular season,https://github.com/rebas-tw/rebas.tw-open-data/releases/download/v0.1.0-2024/CPBL-2024-OpenData.zip,CPBL-2024-OpenData/CPBL-2024-OpenData.json,中信兄弟,台鋼雄鷹,False,3,2,1,1,0,3,0,1,0,1,31,5,6,4,0,0,0,0,0,0.6,7.0,27,9.0,9,4,1,9,1.4444444444444444,2.25,2,客場,勝,小勝,中等得分,低失分,領先守成型,穩定攻擊,壓制力強,4,中職2024年,41.0,2024-04-19 18:35,澄清湖棒球場,台鋼雄鷹,False,3.0,2.0,1.0,True,客場,勝,小勝,中等得分,低失分,0.0,3.0,0.0,True,False,True,拉鋸型,31.0,5.0,6.0,4.0,0.0,0.0,0.0,0.0,0.0,0.6,7.0,零星攻勢,27.0,9.0,9.0,4.0,1.0,9.0,1.44444444444444,2.25,2.0,穩定守成
1241,CPBL-2024-xa-41,中職2024年,2024,41,2024-04-19 18:35:00,澄清湖棒球場,v0.1.0-2024,G1-G360 regular season,https://github.com/rebas-tw/rebas.tw-open-data/releases/download/v0.1.0-2024/CPBL-2024-OpenData.zip,CPBL-2024-OpenData/CPBL-2024-OpenData.json,台鋼雄鷹,中信兄弟,True,2,3,-1,0,0,0,2,0,0,0,33,9,4,9,0,0,1,1,3,0.2222222222222222,2.5,27,9.0,5,6,0,4,1.2222222222222223,0.6666666666666666,-5,主場,敗,小敗,低得分,中等失分,一般拉鋸型,攻勢受阻,失分偏高,4,中職2024年,41.0,2024-04-19 18:35,澄清湖棒球場,中信兄弟,True,2.0,3.0,-1.0,False,主場,敗,小敗,低得分,中等失分,0.0,0.0,2.0,False,False,False,被壓制型,33.0,9.0,4.0,9.0,0.0,0.0,1.0,1.0,3.0,0.222222222222222,2.5,攻勢受阻,27.0,9.0,5.0,6.0,0.0,4.0,1.22222222222222,0.666666666666667,-5.0,普通防守
1242,CPBL-2024-xa-40,中職2024年,2024,40,2024-04-18 18:35:00,新北市立新莊棒球場,v0.1.0-2024,G1-G360 regular season,https://github.com/rebas-tw/rebas.tw-open-data/releases/download/v0.1.0-2024/CPBL-2024-OpenData.zip,CPBL-2024-OpenData/CPBL-2024-OpenData.json,中信兄弟,富邦悍將,False,6,2,4,1,2,3,1,1,1,1,38,15,5,2,2,0,0,2,2,0.4,12.0,27,9.0,6,2,0,4,0.8888888888888888,2.0,0,客場,勝,中幅勝,高得分,低失分,領先守成型,火力強勢,穩定守成,4,中職2024年,40.0,2024-04-18 18:35,新北市立新莊棒球場,富邦悍將,False,6.0,2.0,4.0,True,客場,勝,小勝,高得分,低失分,2.0,3.0,1.0,True,True,True,全場壓制型,38.0,15.0,5.0,2.0,2.0,0.0,0.0,2.0,2.0,0.4,12.0,穩定攻擊,27.0,9.0,6.0,2.0,0.0,4.0,0.888888888888889,2.0,0.0,壓制力強
1243,CPBL-2024-xa-40,中職2024年,2024,40,2024-04-18 18:35:00,新北市立新莊棒球場,v0.1.0-2024,G1-G360 regular season,https://github.com/rebas-tw/rebas.tw-open-data/releases/download/v0.1.0-2024/CPBL-2024-OpenData.zip,CPBL-2024-OpenData/CPBL-2024-OpenData.json,富邦悍將,中信兄弟,True,2,6,-4,0,0,0,2,0,0,0,32,6,2,4,1,0,0,1,1,0.3333333333333333,3.0,27,9.0,15,5,0,2,2.2222222222222223,0.4,-9,主場,敗,大敗,低得分,高失分,一般拉鋸型,穩定攻擊,失分偏高,4,中職2024年,40.0,2024-04-18 18:35,新北市立新莊棒球場,中信兄弟,True,2.0,6.0,-4.0,False,主場,敗,小敗,低得分,高失分,0.0,0.0,2.0,False,False,False,被壓制型,32.0,6.0,2.0,4.0,1.0,0.0,0.0,1.0,1.0,0.333333333333333,3.0,低效進攻,27.0,9.0,15.0,5.0,0.0,2.0,2.22222222222222,0.4,-9.0,投打被突破
1244,CPBL-2024-xa-39,中職2024年,2024,39,2024-04-17 18:35:00,新北市立新莊棒球場,v0.1.0-2024,G1-G360 regular season,https://github.com/rebas-tw/rebas.tw-open-data/releases/download/v0.1.0-2024/CPBL-2024-OpenData.zip,CPBL-2024-OpenData/CPBL-2024-OpenData.json,中信兄弟,富邦悍將,False,4,10,-6,0,2,2,0,0,1,0,28,6,7,9,1,0,0,1,1,0.6666666666666666,7.5,24,8.0,9,3,1,6,1.5,2.0,-8,客場,敗,大敗,中等得分,高失分,一般拉鋸型,穩定攻擊,失分偏高,4,中職2024年,39.0,2024-04-17 18:35,新北市立新莊棒球場,富邦悍將,False,4.0,10.0,-6.0,False,客場,敗,大敗,中等得分,高失分,2.0,2.0,0.0,False,True,False,拉鋸型,28.0,6.0,7.0,9.0,1.0,0.0,0.0,1.0,1.0,0.666666666666667,7.5,零星攻勢,24.0,8.0,9.0,3.0,1.0,6.0,1.5,2.0,-8.0,失分偏高
1245,CPBL-2024-xa-39,中職2024年,2024,39,2024-04-17 18:35:00,新北市立新莊棒球場,v0.1.0-2024,G1-G360 regular season,https://github.com/rebas-tw/rebas.tw-open-data/releases/download/v0.1.0-2024/CPBL-2024-OpenData.zip,CPBL-2024-OpenData/CPBL-2024-OpenData.json,富邦悍將,中信兄弟,True,10,4,6,1,1,4,5,1,0,1,35,9,3,6,1,1,1,3,6,1.1111111111111112,13.0,27,9.0,6,7,0,9,1.4444444444444444,1.2857142857142858,-2,主場,勝,大勝,高得分,中等失分,領先守成型,火力強勢,穩定守成,4,中職2024年,39.0,2024-04-17 18:35,新北市立新莊棒球場,中信兄弟,True,10.0,4.0,6.0,True,主場,勝,大勝,高得分,中等失分,1.0,4.0,5.0,True,False,True,後段追分型,35.0,9.0,3.0,6.0,1.0,1.0,1.0,3.0,6.0,1.11111111111111,13.0,火力強勢,27.0,9.0,6.0,7.0,0.0,9.0,1.44444444444444,1.28571428571429,-2.0,普通防守
1246,CPBL-2024-xa-38,中職2024年,2024,38,2024-04-17 18:36:00,臺南市立棒球場,v0.1.0-2024,G1-G360 regular season,https://github.com/rebas-tw/rebas.tw-open-data/releases/download/v0.1.0-2024/CPBL-2024-OpenData.zip,CPBL-2024-OpenData/CPBL-2024-OpenData.json,統一7-ELEVEn獅,樂天桃猿,False,10,0,10,1,2,3,5,1,1,1,43,19,4,8,5,0,1,6,8,0.5263157894736842,16.0,27,9.0,7,2,0,12,1.0,6.0,10,客場,勝,大勝,高得分,低失分,領先守成型,火力強勢,壓制力強,4,中職2024年,38.0,2024-04-17 18:36,臺南市立棒球場,樂天桃猿,False,10.0,0.0,10.0,True,客場,勝,大勝,高得分,低失分,2.0,3.0,5.0,True,True,True,全場壓制型,43.0,19.0,4.0,8.0,5.0,0.0,1.0,6.0,8.0,0.526315789473684,16.0,火力強勢,27.0,9.0,7.0,2.0,0.0,12.0,1.0,6.0,10.0,壓制力強
1247,CPBL-2024-xa-38,中職2024年,2024,38,2024-04-17 18:36:00,臺南市立棒球場,v0.1.0-2024,G1-G360 regular season,https://github.com/rebas-tw/rebas.tw-open-data/releases/download/v0.1.0-2024/CPBL-2024-OpenData.zip,CPBL-2024-OpenData/CPBL-2024-OpenData.json,樂天桃猿,統一7-ELEVEn獅,True,0,10,-10,0,0,0,0,0,0,0,34,7,2,12,0,0,0,0,0,0.0,-4.0,27,9.0,19,4,1,8,2.5555555555555554,2.0,-7,主場,敗,大敗,低得分,高失分,一般拉鋸型,攻勢受阻,失分偏高,4,中職2024年,38.0,2024-04-17 18:36,臺南市立棒球場,統一7-ELEVEn獅,True,0.0,10.0,-10.0,False,主場,敗,大敗,低得分,高失分,0.0,0.0,0.0,False,False,False,被壓制型,34.0,7.0,2.0,12.0,0.0,0.0,0.0,0.0,0.0,0.0,-4.0,攻勢受阻,27.0,9.0,19.0,4.0,1.0,8.0,2.55555555555556,2.0,-7.0,投打被突破
1248,CPBL-2024-xa-37,中職2024年,2024,37,2024-04-17 18:23:00,斗六棒球場,v0.1.0-2024,G1-G360 regular season,https://github.com/rebas-tw/rebas.tw-open-data/releases/download/v0.1.0-2024/CPBL-2024-OpenData.zip,CPBL-2024-OpenData/CPBL-2024-OpenData.json,味全龍,台鋼雄鷹,False,12,3,9,1,0,1,11,0,0,0,40,17,3,11,2,1,0,3,4,0.7058823529411765,12.5,27,9.0,5,2,0,11,0.7777777777777778,5.5,6,客場,勝,大勝,高得分,中等失分,後段逆轉型,火力強勢,壓制力強,4,中職2024年,37.0,2024-04-17 18:23,斗六棒球場,台鋼雄鷹,False,12.0,3.0,9.0,True,客場,勝,大勝,高得分,中等失分,0.0,1.0,11.0,False,False,False,後段逆轉型,40.0,17.0,3.0,11.0,2.0,1.0,0.0,3.0,4.0,0.705882352941177,12.5,火力強勢,27.0,9.0,5.0,2.0,0.0,11.0,0.777777777777778,5.5,6.0,穩定守成
1249,CPBL-2024-xa-37,中職2024年,2024,37,2024-04-17 18:23:00,斗六棒球場,v0.1.0-2024,G1-G360 regular season,https://github.com/rebas-tw/rebas.tw-open-data/releases/download/v0.1.0-2024/CPBL-2024-OpenData.zip,CPBL-2024-OpenData/CPBL-2024-OpenData.json,台鋼雄鷹,味全龍,True,3,12,-9,0,3,0,0,1,1,1,30,5,2,11,2,0,0,2,2,0.6,1.5,27,9.0,17,3,0,11,2.2222222222222223,3.6666666666666665,-4,主場,敗,大敗,中等得分,高失分,後段失守型,攻勢受阻,失分偏高,4,中職2024年,37.0,2024-04-17 18:23,斗六棒球場,味全龍,True,3.0,12.0,-9.0,False,主場,敗,大敗,中等得分,高失分,3.0,0.0,0.0,True,True,True,拉鋸型,30.0,5.0,2.0,11.0,2.0,0.0,0.0,2.0,2.0,0.6,1.5,零星攻勢,27.0,9.0,17.0,3.0,0.0,11.0,2.22222222222222,3.66666666666667,-4.0,投打被突破
1250,CPBL-2024-xa-36,中職2024年,2024,36,2024-04-16 18:35:00,臺南市立棒球場,v0.1.0-2024,G1-G360 regular season,https://github.com/rebas-tw/rebas.tw-open-data/releases/download/v0.1.0-2024/CPBL-2024-OpenData.zip,CPBL-2024-OpenData/CPBL-2024-OpenData.json,統一7-ELEVEn獅,樂天桃猿,False,11,1,10,1,3,5,3,1,1,1,45,17,7,9,2,0,0,2,2,0.6470588235294118,15.5,27,9.0,6,5,0,7,1.2222222222222223,1.4,1,客場,勝,大勝,高得分,低失分,領先守成型,火力強勢,穩定守成,4,中職2024年,36.0,2024-04-16 18:35,臺南市立棒球場,樂天桃猿,False,11.0,1.0,10.0,True,客場,勝,大勝,高得分,低失分,3.0,5.0,3.0,True,True,True,全場壓制型,45.0,17.0,7.0,9.0,2.0,0.0,0.0,2.0,2.0,0.647058823529412,15.5,穩定攻擊,27.0,9.0,6.0,5.0,0.0,7.0,1.22222222222222,1.4,1.0,穩定守成
1251,CPBL-2024-xa-36,中職2024年,2024,36,2024-04-16 18:35:00,臺南市立棒球場,v0.1.0-2024,G1-G360 regular season,https://github.com/rebas-tw/rebas.tw-open-data/releases/download/v0.1.0-2024/CPBL-2024-OpenData.zip,CPBL-2024-OpenData/CPBL-2024-OpenData.json,樂天桃猿,統一7-ELEVEn獅,True,1,11,-10,0,1,0,0,0,0,0,33,6,5,7,2,0,0,2,2,0.16666666666666666,4.5,27,9.0,17,7,0,9,2.6666666666666665,1.2857142857142858,-9,主場,敗,大敗,低得分,高失分,一般拉鋸型,穩定攻擊,失分偏高,4,中職2024年,36.0,2024-04-16 18:35,臺南市立棒球場,統一7-ELEVEn獅,True,1.0,11.0,-10.0,False,主場,敗,大敗,低得分,高失分,1.0,0.0,0.0,False,False,False,被壓制型,33.0,6.0,5.0,7.0,2.0,0.0,0.0,2.0,2.0,0.166666666666667,4.5,低效進攻,27.0,9.0,17.0,7.0,0.0,9.0,2.66666666666667,1.28571428571429,-9.0,投打被突破
1252,CPBL-2024-xa-35,中職2024年,2024,35,2024-04-16 18:30:00,斗六棒球場,v0.1.0-2024,G1-G360 regular season,https://github.com/rebas-tw/rebas.tw-open-data/releases/download/v0.1.0-2024/CPBL-2024-OpenData.zip,CPBL-2024-OpenData/CPBL-2024-OpenData.json,味全龍,台鋼雄鷹,False,1,0,1,1,0,1,0,1,0,1,31,7,2,6,1,1,0,2,3,0.14285714285714285,2.0,27,9.0,6,3,0,5,1.0,1.6666666666666667,2,客場,勝,小勝,低得分,低失分,領先守成型,攻勢受阻,壓制力強,4,中職2024年,35.0,2024-04-16 18:30,斗六棒球場,台鋼雄鷹,False,1.0,0.0,1.0,True,客場,勝,小勝,低得分,低失分,0.0,1.0,0.0,True,False,True,拉鋸型,31.0,7.0,2.0,6.0,1.0,1.0,0.0,2.0,3.0,0.142857142857143,2.0,低效進攻,27.0,9.0,6.0,3.0,0.0,5.0,1.0,1.66666666666667,2.0,壓制力強
1253,CPBL-2024-xa-35,中職2024年,2024,35,2024-04-16 18:30:00,斗六棒球場,v0.1.0-2024,G1-G360 regular season,https://github.com/rebas-tw/rebas.tw-open-data/releases/download/v0.1.0-2024/CPBL-2024-OpenData.zip,CPBL-2024-OpenData/CPBL-2024-OpenData.json,台鋼雄鷹,味全龍,True,0,1,-1,0,0,0,0,0,0,0,28,6,3,5,0,0,0,0,0,0.0,0.5,27,9.0,7,2,0,6,1.0,3.0,3,主場,敗,小敗,低得分,低失分,一般拉鋸型,攻勢受阻,壓制力強,4,中職2024年,35.0,2024-04-16 18:30,斗六棒球場,味全龍,True,0.0,1.0,-1.0,False,主場,敗,小敗,低得分,低失分,0.0,0.0,0.0,False,False,False,被壓制型,28.0,6.0,3.0,5.0,0.0,0.0,0.0,0.0,0.0,0.0,0.5,低效進攻,27.0,9.0,7.0,2.0,0.0,6.0,1.0,3.0,3.0,壓制力強
1254,CPBL-2024-xa-34,中職2024年,2024,34,2024-04-14 14:05:00,新北市立新莊棒球場,v0.1.0-2024,G1-G360 regular season,https://github.com/rebas-tw/rebas.tw-open-data/releases/download/v0.1.0-2024/CPBL-2024-OpenData.zip,CPBL-2024-OpenData/CPBL-2024-OpenData.json,樂天桃猿,富邦悍將,False,0,7,-7,0,0,0,0,0,0,0,32,6,5,6,1,0,0,1,1,0.0,3.0,24,8.0,10,3,1,8,1.625,2.6666666666666665,-3,客場,敗,大敗,低得分,高失分,一般拉鋸型,穩定攻擊,穩定守成,4,中職2024年,34.0,2024-04-14 14:05,新北市立新莊棒球場,富邦悍將,False,0.0,7.0,-7.0,False,客場,敗,大敗,低得分,高失分,0.0,0.0,0.0,False,False,False,被壓制型,32.0,6.0,5.0,6.0,1.0,0.0,0.0,1.0,1.0,0.0,3.0,低效進攻,24.0,8.0,10.0,3.0,1.0,8.0,1.625,2.66666666666667,-3.0,失分偏高
1255,CPBL-2024-xa-34,中職2024年,2024,34,2024-04-14 14:05:00,新北市立新莊棒球場,v0.1.0-2024,G1-G360 regular season,https://github.com/rebas-tw/rebas.tw-open-data/releases/download/v0.1.0-2024/CPBL-2024-OpenData.zip,CPBL-2024-OpenData/CPBL-2024-OpenData.json,富邦悍將,樂天桃猿,True,7,0,7,1,3,1,3,1,1,1,32,10,3,8,4,1,1,6,9,0.7,12.0,27,9.0,6,5,0,6,1.2222222222222223,1.2,1,主場,勝,大勝,高得分,低失分,領先守成型,火力強勢,穩定守成,4,中職2024年,34.0,2024-04-14 14:05,新北市立新莊棒球場,樂天桃猿,True,7.0,0.0,7.0,True,主場,勝,大勝,高得分,低失分,3.0,1.0,3.0,True,True,True,全場壓制型,32.0,10.0,3.0,8.0,4.0,1.0,1.0,6.0,9.0,0.7,12.0,火力強勢,27.0,9.0,6.0,5.0,0.0,6.0,1.22222222222222,1.2,1.0,穩定守成
1256,CPBL-2024-xa-33,中職2024年,2024,33,2024-04-14 14:05:00,臺中市洲際棒球場,v0.1.0-2024,G1-G360 regular season,https://github.com/rebas-tw/rebas.tw-open-data/releases/download/v0.1.0-2024/CPBL-2024-OpenData.zip,CPBL-2024-OpenData/CPBL-2024-OpenData.json,味全龍,中信兄弟,False,2,5,-3,0,2,0,0,0,0,0,36,11,2,9,1,0,1,2,4,0.18181818181818182,1.5,24,8.0,7,2,1,7,1.125,3.5,-1,客場,敗,小敗,低得分,中等失分,一般拉鋸型,攻勢受阻,穩定守成,4,中職2024年,33.0,2024-04-14 14:05,臺中市洲際棒球場,中信兄弟,False,2.0,5.0,-3.0,False,客場,敗,小敗,低得分,中等失分,2.0,0.0,0.0,False,False,False,被壓制型,36.0,11.0,2.0,9.0,1.0,0.0,1.0,2.0,4.0,0.181818181818182,1.5,攻勢受阻,24.0,8.0,7.0,2.0,1.0,7.0,1.125,3.5,-1.0,失分偏高
1257,CPBL-2024-xa-33,中職2024年,2024,33,2024-04-14 14:05:00,臺中市洲際棒球場,v0.1.0-2024,G1-G360 regular season,https://github.com/rebas-tw/rebas.tw-open-data/releases/download/v0.1.0-2024/CPBL-2024-OpenData.zip,CPBL-2024-OpenData/CPBL-2024-OpenData.json,中信兄弟,味全龍,True,5,2,3,1,2,3,0,0,0,1,28,7,2,7,1,0,1,2,4,0.7142857142857143,5.5,27,9.0,11,2,1,9,1.4444444444444444,4.5,4,主場,勝,中幅勝,中等得分,低失分,領先守成型,穩定攻擊,壓制力強,4,中職2024年,33.0,2024-04-14 14:05,臺中市洲際棒球場,味全龍,True,5.0,2.0,3.0,True,主場,勝,小勝,中等得分,低失分,2.0,3.0,0.0,False,False,True,拉鋸型,28.0,7.0,2.0,7.0,1.0,0.0,1.0,2.0,4.0,0.714285714285714,5.5,零星攻勢,27.0,9.0,11.0,2.0,1.0,9.0,1.44444444444444,4.5,4.0,穩定守成
1258,CPBL-2024-xa-32,中職2024年,2024,32,2024-04-14 13:42:00,臺南市立棒球場,v0.1.0-2024,G1-G360 regular season,https://github.com/rebas-tw/rebas.tw-open-data/releases/download/v0.1.0-2024/CPBL-2024-OpenData.zip,CPBL-2024-OpenData/CPBL-2024-OpenData.json,台鋼雄鷹,統一7-ELEVEn獅,False,3,4,-1,0,2,0,1,1,1,1,32,8,6,9,0,0,0,0,0,0.375,4.5,24,8.0,10,4,0,3,1.75,0.75,-5,客場,敗,小敗,中等得分,中等失分,後段失守型,穩定攻擊,失分偏高,4,中職2024年,32.0,2024-04-14 13:42,臺南市立棒球場,統一7-ELEVEn獅,False,3.0,4.0,-1.0,False,客場,敗,小敗,中等得分,中等失分,2.0,0.0,1.0,True,True,True,拉鋸型,32.0,8.0,6.0,9.0,0.0,0.0,0.0,0.0,0.0,0.375,4.5,穩定攻擊,24.0,8.0,10.0,4.0,0.0,3.0,1.75,0.75,-5.0,普通防守
1259,CPBL-2024-xa-32,中職2024年,2024,32,2024-04-14 13:42:00,臺南市立棒球場,v0.1.0-2024,G1-G360 regular season,https://github.com/rebas-tw/rebas.tw-open-data/releases/download/v0.1.0-2024/CPBL-2024-OpenData.zip,CPBL-2024-OpenData/CPBL-2024-OpenData.json,統一7-ELEVEn獅,台鋼雄鷹,True,4,3,1,1,1,0,3,0,0,0,31,10,4,3,1,0,0,1,1,0.4,7.5,27,9.0,8,6,0,9,1.5555555555555556,1.5,0,主場,勝,小勝,中等得分,中等失分,後段逆轉型,穩定攻擊,穩定守成,4,中職2024年,32.0,2024-04-14 13:42,臺南市立棒球場,台鋼雄鷹,True,4.0,3.0,1.0,True,主場,勝,小勝,中等得分,中等失分,1.0,0.0,3.0,False,False,False,後段逆轉型,31.0,10.0,4.0,3.0,1.0,0.0,0.0,1.0,1.0,0.4,7.5,穩定攻擊,27.0,9.0,8.0,6.0,0.0,9.0,1.55555555555556,1.5,0.0,穩定守成
1260,CPBL-2024-xa-31,中職2024年,2024,31,2024-04-13 17:05:00,新北市立新莊棒球場,v0.1.0-2024,G1-G360 regular season,https://github.com/rebas-tw/rebas.tw-open-data/releases/download/v0.1.0-2024/CPBL-2024-OpenData.zip,CPBL-2024-OpenData/CPBL-2024-OpenData.json,樂天桃猿,富邦悍將,False,8,1,7,1,0,1,7,1,0,0,32,12,5,3,2,1,1,4,7,0.6666666666666666,15.5,27,9.0,12,2,0,7,1.5555555555555556,3.5,4,客場,勝,大勝,高得分,低失分,後段逆轉型,火力強勢,壓制力強,4,中職2024年,31.0,2024-04-13 17:05,新北市立新莊棒球場,富邦悍將,False,8.0,1.0,7.0,True,客場,勝,大勝,高得分,低失分,0.0,1.0,7.0,True,False,False,後段逆轉型,32.0,12.0,5.0,3.0,2.0,1.0,1.0,4.0,7.0,0.666666666666667,15.5,火力強勢,27.0,9.0,12.0,2.0,0.0,7.0,1.55555555555556,3.5,4.0,穩定守成
1261,CPBL-2024-xa-31,中職2024年,2024,31,2024-04-13 17:05:00,新北市立新莊棒球場,v0.1.0-2024,G1-G360 regular season,https://github.com/rebas-tw/rebas.tw-open-data/releases/download/v0.1.0-2024/CPBL-2024-OpenData.zip,CPBL-2024-OpenData/CPBL-2024-OpenData.json,富邦悍將,樂天桃猿,True,1,8,-7,0,0,1,0,0,0,0,37,12,2,7,1,0,0,1,1,0.08333333333333333,0.5,27,9.0,12,5,1,3,1.8888888888888888,0.6,-11,主場,敗,大敗,低得分,高失分,一般拉鋸型,攻勢受阻,失分偏高,4,中職2024年,31.0,2024-04-13 17:05,新北市立新莊棒球場,樂天桃猿,True,1.0,8.0,-7.0,False,主場,敗,大敗,低得分,高失分,0.0,1.0,0.0,False,False,False,被壓制型,37.0,12.0,2.0,7.0,1.0,0.0,0.0,1.0,1.0,0.0833333333333333,0.5,低效進攻,27.0,9.0,12.0,5.0,1.0,3.0,1.88888888888889,0.6,-11.0,投打被突破
1262,CPBL-2024-xa-30,中職2024年,2024,30,2024-04-13 17:05:00,臺中市洲際棒球場,v0.1.0-2024,G1-G360 regular season,https://github.com/rebas-tw/rebas.tw-open-data/releases/download/v0.1.0-2024/CPBL-2024-OpenData.zip,CPBL-2024-OpenData/CPBL-2024-OpenData.json,味全龍,中信兄弟,False,13,6,7,1,1,4,8,0,0,1,36,12,6,2,2,0,0,2,2,1.0833333333333333,20.0,27,9.0,5,2,3,12,0.7777777777777778,6.0,1,客場,勝,大勝,高得分,高失分,領先守成型,火力強勢,穩定守成,4,中職2024年,30.0,2024-04-13 17:05,臺中市洲際棒球場,中信兄弟,False,13.0,6.0,7.0,True,客場,勝,大勝,高得分,高失分,1.0,4.0,8.0,False,False,True,後段追分型,36.0,12.0,6.0,2.0,2.0,0.0,0.0,2.0,2.0,1.08333333333333,20.0,穩定攻擊,27.0,9.0,5.0,2.0,3.0,12.0,0.777777777777778,6.0,1.0,失分偏高
1263,CPBL-2024-xa-30,中職2024年,2024,30,2024-04-13 17:05:00,臺中市洲際棒球場,v0.1.0-2024,G1-G360 regular season,https://github.com/rebas-tw/rebas.tw-open-data/releases/download/v0.1.0-2024/CPBL-2024-OpenData.zip,CPBL-2024-OpenData/CPBL-2024-OpenData.json,中信兄弟,味全龍,True,6,13,-7,0,2,0,4,1,1,0,32,5,2,12,0,0,3,3,9,1.2,5.0,27,9.0,12,6,0,2,2.0,0.3333333333333333,-17,主場,敗,大敗,高得分,高失分,一般拉鋸型,穩定攻擊,失分偏高,4,中職2024年,30.0,2024-04-13 17:05,臺中市洲際棒球場,味全龍,True,6.0,13.0,-7.0,False,主場,敗,大敗,高得分,高失分,2.0,0.0,4.0,True,True,False,後段追分型,32.0,5.0,2.0,12.0,0.0,0.0,3.0,3.0,9.0,1.2,5.0,火力強勢,27.0,9.0,12.0,6.0,0.0,2.0,2.0,0.333333333333333,-17.0,投打被突破
1264,CPBL-2024-xa-29,中職2024年,2024,29,2024-04-13 17:00:00,臺南市立棒球場,v0.1.0-2024,G1-G360 regular season,https://github.com/rebas-tw/rebas.tw-open-data/releases/download/v0.1.0-2024/CPBL-2024-OpenData.zip,CPBL-2024-OpenData/CPBL-2024-OpenData.json,台鋼雄鷹,統一7-ELEVEn獅,False,2,10,-8,0,2,0,0,0,0,0,35,9,5,8,0,0,0,0,0,0.2222222222222222,3.0,24,8.0,15,5,0,4,2.5,0.8,-11,客場,敗,大敗,低得分,高失分,一般拉鋸型,穩定攻擊,失分偏高,4,中職2024年,29.0,2024-04-13 17:00,臺南市立棒球場,統一7-ELEVEn獅,False,2.0,10.0,-8.0,False,客場,敗,大敗,低得分,高失分,2.0,0.0,0.0,False,False,False,被壓制型,35.0,9.0,5.0,8.0,0.0,0.0,0.0,0.0,0.0,0.222222222222222,3.0,攻勢受阻,24.0,8.0,15.0,5.0,0.0,4.0,2.5,0.8,-11.0,投打被突破
1265,CPBL-2024-xa-29,中職2024年,2024,29,2024-04-13 17:00:00,臺南市立棒球場,v0.1.0-2024,G1-G360 regular season,https://github.com/rebas-tw/rebas.tw-open-data/releases/download/v0.1.0-2024/CPBL-2024-OpenData.zip,CPBL-2024-OpenData/CPBL-2024-OpenData.json,統一7-ELEVEn獅,台鋼雄鷹,True,10,2,8,1,2,4,4,1,0,1,38,15,5,4,4,1,0,5,6,0.6666666666666666,18.0,27,9.0,9,5,0,8,1.5555555555555556,1.6,1,主場,勝,大勝,高得分,低失分,領先守成型,火力強勢,穩定守成,4,中職2024年,29.0,2024-04-13 17:00,臺南市立棒球場,台鋼雄鷹,True,10.0,2.0,8.0,True,主場,勝,大勝,高得分,低失分,2.0,4.0,4.0,True,False,True,後段追分型,38.0,15.0,5.0,4.0,4.0,1.0,0.0,5.0,6.0,0.666666666666667,18.0,火力強勢,27.0,9.0,9.0,5.0,0.0,8.0,1.55555555555556,1.6,1.0,穩定守成
1266,CPBL-2024-xa-28,中職2024年,2024,28,2024-04-12 18:35:00,新北市立新莊棒球場,v0.1.0-2024,G1-G360 regular season,https://github.com/rebas-tw/rebas.tw-open-data/releases/download/v0.1.0-2024/CPBL-2024-OpenData.zip,CPBL-2024-OpenData/CPBL-2024-OpenData.json,樂天桃猿,富邦悍將,False,4,5,-1,0,2,0,2,0,1,0,34,11,4,17,0,0,0,0,0,0.36363636363636365,-0.5,24,8.0,8,3,1,2,1.375,0.6666666666666666,-7,客場,敗,小敗,中等得分,中等失分,一般拉鋸型,攻勢受阻,失分偏高,4,中職2024年,28.0,2024-04-12 18:35,新北市立新莊棒球場,富邦悍將,False,4.0,5.0,-1.0,False,客場,敗,小敗,中等得分,中等失分,2.0,0.0,2.0,False,True,False,拉鋸型,34.0,11.0,4.0,17.0,0.0,0.0,0.0,0.0,0.0,0.363636363636364,-0.5,穩定攻擊,24.0,8.0,8.0,3.0,1.0,2.0,1.375,0.666666666666667,-7.0,失分偏高
1267,CPBL-2024-xa-28,中職2024年,2024,28,2024-04-12 18:35:00,新北市立新莊棒球場,v0.1.0-2024,G1-G360 regular season,https://github.com/rebas-tw/rebas.tw-open-data/releases/download/v0.1.0-2024/CPBL-2024-OpenData.zip,CPBL-2024-OpenData/CPBL-2024-OpenData.json,富邦悍將,樂天桃猿,True,5,4,1,1,1,4,0,1,0,1,31,8,3,2,2,0,1,3,5,0.625,10.0,27,9.0,11,4,0,17,1.6666666666666667,4.25,9,主場,勝,小勝,中等得分,中等失分,領先守成型,火力強勢,壓制力強,4,中職2024年,28.0,2024-04-12 18:35,新北市立新莊棒球場,樂天桃猿,True,5.0,4.0,1.0,True,主場,勝,小勝,中等得分,中等失分,1.0,4.0,0.0,True,False,True,拉鋸型,31.0,8.0,3.0,2.0,2.0,0.0,1.0,3.0,5.0,0.625,10.0,穩定攻擊,27.0,9.0,11.0,4.0,0.0,17.0,1.66666666666667,4.25,9.0,穩定守成
1268,CPBL-2024-xa-27,中職2024年,2024,27,2024-04-12 18:35:00,臺中市洲際棒球場,v0.1.0-2024,G1-G360 regular season,https://github.com/rebas-tw/rebas.tw-open-data/releases/download/v0.1.0-2024/CPBL-2024-OpenData.zip,CPBL-2024-OpenData/CPBL-2024-OpenData.json,味全龍,中信兄弟,False,2,3,-1,0,2,0,0,0,0,0,30,5,3,8,1,0,1,2,4,0.4,3.0,26,8.666666666666666,6,6,0,7,1.3846153846153848,1.1666666666666667,-2,客場,敗,小敗,低得分,中等失分,一般拉鋸型,穩定攻擊,穩定守成,4,中職2024年,27.0,2024-04-12 18:35,臺中市洲際棒球場,中信兄弟,False,2.0,3.0,-1.0,False,客場,敗,小敗,低得分,中等失分,2.0,0.0,0.0,False,False,False,被壓制型,30.0,5.0,3.0,8.0,1.0,0.0,1.0,2.0,4.0,0.4,3.0,攻勢受阻,26.0,8.66666666666667,6.0,6.0,0.0,7.0,1.38461538461538,1.16666666666667,-2.0,普通防守
1269,CPBL-2024-xa-27,中職2024年,2024,27,2024-04-12 18:35:00,臺中市洲際棒球場,v0.1.0-2024,G1-G360 regular season,https://github.com/rebas-tw/rebas.tw-open-data/releases/download/v0.1.0-2024/CPBL-2024-OpenData.zip,CPBL-2024-OpenData/CPBL-2024-OpenData.json,中信兄弟,味全龍,True,3,2,1,1,2,0,1,0,0,0,32,6,6,7,2,0,0,2,2,0.5,7.5,27,9.0,5,3,1,8,0.8888888888888888,2.6666666666666665,2,主場,勝,小勝,中等得分,低失分,後段逆轉型,穩定攻擊,壓制力強,4,中職2024年,27.0,2024-04-12 18:35,臺中市洲際棒球場,味全龍,True,3.0,2.0,1.0,True,主場,勝,小勝,中等得分,低失分,2.0,0.0,1.0,False,False,False,後段逆轉型,32.0,6.0,6.0,7.0,2.0,0.0,0.0,2.0,2.0,0.5,7.5,零星攻勢,27.0,9.0,5.0,3.0,1.0,8.0,0.888888888888889,2.66666666666667,2.0,壓制力強
1270,CPBL-2024-xa-26,中職2024年,2024,26,2024-04-12 18:41:00,臺南市立棒球場,v0.1.0-2024,G1-G360 regular season,https://github.com/rebas-tw/rebas.tw-open-data/releases/download/v0.1.0-2024/CPBL-2024-OpenData.zip,CPBL-2024-OpenData/CPBL-2024-OpenData.json,台鋼雄鷹,統一7-ELEVEn獅,False,5,9,-4,0,0,1,4,0,0,0,37,13,2,9,1,0,2,3,7,0.38461538461538464,5.5,24,8.0,10,7,2,6,2.125,0.8571428571428571,-12,客場,敗,大敗,中等得分,高失分,一般拉鋸型,穩定攻擊,失分偏高,4,中職2024年,26.0,2024-04-12 18:41,臺南市立棒球場,統一7-ELEVEn獅,False,5.0,9.0,-4.0,False,客場,敗,小敗,中等得分,高失分,0.0,1.0,4.0,False,False,False,被壓制型,37.0,13.0,2.0,9.0,1.0,0.0,2.0,3.0,7.0,0.384615384615385,5.5,穩定攻擊,24.0,8.0,10.0,7.0,2.0,6.0,2.125,0.857142857142857,-12.0,投打被突破
1271,CPBL-2024-xa-26,中職2024年,2024,26,2024-04-12 18:41:00,臺南市立棒球場,v0.1.0-2024,G1-G360 regular season,https://github.com/rebas-tw/rebas.tw-open-data/releases/download/v0.1.0-2024/CPBL-2024-OpenData.zip,CPBL-2024-OpenData/CPBL-2024-OpenData.json,統一7-ELEVEn獅,台鋼雄鷹,True,9,5,4,1,1,3,5,1,1,1,31,10,7,6,0,0,2,2,6,0.9,15.0,27,9.0,13,2,2,9,1.6666666666666667,4.5,0,主場,勝,中幅勝,高得分,中等失分,領先守成型,火力強勢,穩定守成,4,中職2024年,26.0,2024-04-12 18:41,臺南市立棒球場,台鋼雄鷹,True,9.0,5.0,4.0,True,主場,勝,小勝,高得分,中等失分,1.0,3.0,5.0,True,True,True,全場壓制型,31.0,10.0,7.0,6.0,0.0,0.0,2.0,2.0,6.0,0.9,15.0,穩定攻擊,27.0,9.0,13.0,2.0,2.0,9.0,1.66666666666667,4.5,0.0,失分偏高
1272,CPBL-2024-xa-25,中職2024年,2024,25,2024-04-11 18:35:00,臺北市立天母棒球場,v0.1.0-2024,G1-G360 regular season,https://github.com/rebas-tw/rebas.tw-open-data/releases/download/v0.1.0-2024/CPBL-2024-OpenData.zip,CPBL-2024-OpenData/CPBL-2024-OpenData.json,富邦悍將,味全龍,False,4,0,4,1,1,3,0,1,1,1,35,9,2,6,2,0,0,2,2,0.4444444444444444,5.0,27,9.0,5,3,0,8,0.8888888888888888,2.6666666666666665,5,客場,勝,中幅勝,中等得分,低失分,領先守成型,穩定攻擊,壓制力強,4,中職2024年,25.0,2024-04-11 18:35,臺北市立天母棒球場,味全龍,False,4.0,0.0,4.0,True,客場,勝,小勝,中等得分,低失分,1.0,3.0,0.0,True,True,True,全場壓制型,35.0,9.0,2.0,6.0,2.0,0.0,0.0,2.0,2.0,0.444444444444444,5.0,穩定攻擊,27.0,9.0,5.0,3.0,0.0,8.0,0.888888888888889,2.66666666666667,5.0,壓制力強
1273,CPBL-2024-xa-25,中職2024年,2024,25,2024-04-11 18:35:00,臺北市立天母棒球場,v0.1.0-2024,G1-G360 regular season,https://github.com/rebas-tw/rebas.tw-open-data/releases/download/v0.1.0-2024/CPBL-2024-OpenData.zip,CPBL-2024-OpenData/CPBL-2024-OpenData.json,味全龍,富邦悍將,True,0,4,-4,0,0,0,0,0,0,0,32,5,3,8,0,0,0,0,0,0.0,-1.0,27,9.0,9,2,0,6,1.2222222222222223,3.0,0,主場,敗,大敗,低得分,中等失分,一般拉鋸型,攻勢受阻,穩定守成,4,中職2024年,25.0,2024-04-11 18:35,臺北市立天母棒球場,富邦悍將,True,0.0,4.0,-4.0,False,主場,敗,小敗,低得分,中等失分,0.0,0.0,0.0,False,False,False,被壓制型,32.0,5.0,3.0,8.0,0.0,0.0,0.0,0.0,0.0,0.0,-1.0,攻勢受阻,27.0,9.0,9.0,2.0,0.0,6.0,1.22222222222222,3.0,0.0,穩定守成
1274,CPBL-2024-xa-24,中職2024年,2024,24,2024-04-10 18:35:00,臺北市立天母棒球場,v0.1.0-2024,G1-G360 regular season,https://github.com/rebas-tw/rebas.tw-open-data/releases/download/v0.1.0-2024/CPBL-2024-OpenData.zip,CPBL-2024-OpenData/CPBL-2024-OpenData.json,富邦悍將,味全龍,False,1,8,-7,0,1,0,0,1,0,0,28,3,3,9,0,1,0,1,2,0.3333333333333333,0.5,24,8.0,12,9,0,8,2.625,0.8888888888888888,-9,客場,敗,大敗,低得分,高失分,一般拉鋸型,攻勢受阻,失分偏高,4,中職2024年,24.0,2024-04-10 18:35,臺北市立天母棒球場,味全龍,False,1.0,8.0,-7.0,False,客場,敗,大敗,低得分,高失分,1.0,0.0,0.0,True,False,False,被壓制型,28.0,3.0,3.0,9.0,0.0,1.0,0.0,1.0,2.0,0.333333333333333,0.5,攻勢受阻,24.0,8.0,12.0,9.0,0.0,8.0,2.625,0.888888888888889,-9.0,投打被突破
1275,CPBL-2024-xa-24,中職2024年,2024,24,2024-04-10 18:35:00,臺北市立天母棒球場,v0.1.0-2024,G1-G360 regular season,https://github.com/rebas-tw/rebas.tw-open-data/releases/download/v0.1.0-2024/CPBL-2024-OpenData.zip,CPBL-2024-OpenData/CPBL-2024-OpenData.json,味全龍,富邦悍將,True,8,1,7,1,1,5,2,0,0,1,33,12,9,8,3,0,0,3,3,0.6666666666666666,16.0,27,9.0,3,3,0,9,0.6666666666666666,3.0,5,主場,勝,大勝,高得分,低失分,領先守成型,火力強勢,壓制力強,4,中職2024年,24.0,2024-04-10 18:35,臺北市立天母棒球場,富邦悍將,True,8.0,1.0,7.0,True,主場,勝,大勝,高得分,低失分,1.0,5.0,2.0,False,False,True,後段追分型,33.0,12.0,9.0,8.0,3.0,0.0,0.0,3.0,3.0,0.666666666666667,16.0,火力強勢,27.0,9.0,3.0,3.0,0.0,9.0,0.666666666666667,3.0,5.0,壓制力強
1276,CPBL-2024-xa-23,中職2024年,2024,23,2024-04-10 18:52:00,澄清湖棒球場,v0.1.0-2024,G1-G360 regular season,https://github.com/rebas-tw/rebas.tw-open-data/releases/download/v0.1.0-2024/CPBL-2024-OpenData.zip,CPBL-2024-OpenData/CPBL-2024-OpenData.json,樂天桃猿,台鋼雄鷹,False,3,2,1,1,1,0,2,0,0,0,31,7,0,9,1,0,0,1,1,0.42857142857142855,-0.5,27,9.0,10,1,0,8,1.2222222222222223,8.0,5,客場,勝,小勝,中等得分,低失分,後段逆轉型,攻勢受阻,壓制力強,4,中職2024年,23.0,2024-04-10 18:52,澄清湖棒球場,台鋼雄鷹,False,3.0,2.0,1.0,True,客場,勝,小勝,中等得分,低失分,1.0,0.0,2.0,False,False,False,後段逆轉型,31.0,7.0,0.0,9.0,1.0,0.0,0.0,1.0,1.0,0.428571428571429,-0.5,零星攻勢,27.0,9.0,10.0,1.0,0.0,8.0,1.22222222222222,8.0,5.0,穩定守成
1277,CPBL-2024-xa-23,中職2024年,2024,23,2024-04-10 18:52:00,澄清湖棒球場,v0.1.0-2024,G1-G360 regular season,https://github.com/rebas-tw/rebas.tw-open-data/releases/download/v0.1.0-2024/CPBL-2024-OpenData.zip,CPBL-2024-OpenData/CPBL-2024-OpenData.json,台鋼雄鷹,樂天桃猿,True,2,3,-1,0,1,1,0,1,0,1,34,10,1,8,2,0,0,2,2,0.2,1.0,27,9.0,7,0,0,9,0.7777777777777778,9.0,6,主場,敗,小敗,低得分,中等失分,後段失守型,攻勢受阻,壓制力強,4,中職2024年,23.0,2024-04-10 18:52,澄清湖棒球場,樂天桃猿,True,2.0,3.0,-1.0,False,主場,敗,小敗,低得分,中等失分,1.0,1.0,0.0,True,False,True,拉鋸型,34.0,10.0,1.0,8.0,2.0,0.0,0.0,2.0,2.0,0.2,1.0,攻勢受阻,27.0,9.0,7.0,0.0,0.0,9.0,0.777777777777778,9.0,6.0,穩定守成
1278,CPBL-2024-xa-22,中職2024年,2024,22,2024-04-10 18:30:00,臺南市立棒球場,v0.1.0-2024,G1-G360 regular season,https://github.com/rebas-tw/rebas.tw-open-data/releases/download/v0.1.0-2024/CPBL-2024-OpenData.zip,CPBL-2024-OpenData/CPBL-2024-OpenData.json,中信兄弟,統一7-ELEVEn獅,False,14,7,7,1,4,9,1,1,1,1,40,14,4,7,3,1,1,5,8,1.0,19.5,27,9.0,10,4,2,6,1.5555555555555556,1.5,-7,客場,勝,大勝,高得分,高失分,領先守成型,火力強勢,失分偏高,4,中職2024年,22.0,2024-04-10 18:30,臺南市立棒球場,統一7-ELEVEn獅,False,14.0,7.0,7.0,True,客場,勝,大勝,高得分,高失分,4.0,9.0,1.0,True,True,True,全場壓制型,40.0,14.0,4.0,7.0,3.0,1.0,1.0,5.0,8.0,1.0,19.5,火力強勢,27.0,9.0,10.0,4.0,2.0,6.0,1.55555555555556,1.5,-7.0,失分偏高
1279,CPBL-2024-xa-22,中職2024年,2024,22,2024-04-10 18:30:00,臺南市立棒球場,v0.1.0-2024,G1-G360 regular season,https://github.com/rebas-tw/rebas.tw-open-data/releases/download/v0.1.0-2024/CPBL-2024-OpenData.zip,CPBL-2024-OpenData/CPBL-2024-OpenData.json,統一7-ELEVEn獅,中信兄弟,True,7,14,-7,0,1,2,4,0,0,0,33,10,4,6,0,0,2,2,6,0.7,10.0,27,9.0,14,4,1,7,2.0,1.75,-12,主場,敗,大敗,高得分,高失分,一般拉鋸型,火力強勢,失分偏高,4,中職2024年,22.0,2024-04-10 18:30,臺南市立棒球場,中信兄弟,True,7.0,14.0,-7.0,False,主場,敗,大敗,高得分,高失分,1.0,2.0,4.0,False,False,False,被壓制型,33.0,10.0,4.0,6.0,0.0,0.0,2.0,2.0,6.0,0.7,10.0,穩定攻擊,27.0,9.0,14.0,4.0,1.0,7.0,2.0,1.75,-12.0,投打被突破
1280,CPBL-2024-xa-21,中職2024年,2024,21,2024-04-09 18:20:00,澄清湖棒球場,v0.1.0-2024,G1-G360 regular season,https://github.com/rebas-tw/rebas.tw-open-data/releases/download/v0.1.0-2024/CPBL-2024-OpenData.zip,CPBL-2024-OpenData/CPBL-2024-OpenData.json,樂天桃猿,台鋼雄鷹,False,5,6,-1,0,0,1,4,0,0,0,36,9,0,7,4,0,0,4,4,0.5555555555555556,5.5,25,8.333333333333334,10,7,0,6,2.04,0.8571428571428571,-7,客場,敗,小敗,中等得分,高失分,一般拉鋸型,穩定攻擊,失分偏高,4,中職2024年,21.0,2024-04-09 18:20,澄清湖棒球場,台鋼雄鷹,False,5.0,6.0,-1.0,False,客場,敗,小敗,中等得分,高失分,0.0,1.0,4.0,False,False,False,被壓制型,36.0,9.0,0.0,7.0,4.0,0.0,0.0,4.0,4.0,0.555555555555556,5.5,穩定攻擊,25.0,8.33333333333333,10.0,7.0,0.0,6.0,2.04,0.857142857142857,-7.0,投打被突破
1281,CPBL-2024-xa-21,中職2024年,2024,21,2024-04-09 18:20:00,澄清湖棒球場,v0.1.0-2024,G1-G360 regular season,https://github.com/rebas-tw/rebas.tw-open-data/releases/download/v0.1.0-2024/CPBL-2024-OpenData.zip,CPBL-2024-OpenData/CPBL-2024-OpenData.json,台鋼雄鷹,樂天桃猿,True,6,5,1,1,2,1,3,1,1,1,33,10,7,6,6,0,0,6,6,0.6,16.0,27,9.0,9,0,0,7,1.0,7.0,2,主場,勝,小勝,高得分,中等失分,領先守成型,火力強勢,壓制力強,4,中職2024年,21.0,2024-04-09 18:20,澄清湖棒球場,樂天桃猿,True,6.0,5.0,1.0,True,主場,勝,小勝,高得分,中等失分,2.0,1.0,3.0,True,True,True,全場壓制型,33.0,10.0,7.0,6.0,6.0,0.0,0.0,6.0,6.0,0.6,16.0,火力強勢,27.0,9.0,9.0,0.0,0.0,7.0,1.0,7.0,2.0,失分偏高
1282,CPBL-2024-xa-20,中職2024年,2024,20,2024-04-09 18:09:00,臺南市立棒球場,v0.1.0-2024,G1-G360 regular season,https://github.com/rebas-tw/rebas.tw-open-data/releases/download/v0.1.0-2024/CPBL-2024-OpenData.zip,CPBL-2024-OpenData/CPBL-2024-OpenData.json,中信兄弟,統一7-ELEVEn獅,False,1,5,-4,0,1,0,0,0,0,0,31,5,1,12,0,0,0,0,0,0.2,-4.0,24,8.0,12,3,2,6,1.875,2.0,-4,客場,敗,大敗,低得分,中等失分,一般拉鋸型,攻勢受阻,失分偏高,4,中職2024年,20.0,2024-04-09 18:09,臺南市立棒球場,統一7-ELEVEn獅,False,1.0,5.0,-4.0,False,客場,敗,小敗,低得分,中等失分,1.0,0.0,0.0,False,False,False,被壓制型,31.0,5.0,1.0,12.0,0.0,0.0,0.0,0.0,0.0,0.2,-4.0,攻勢受阻,24.0,8.0,12.0,3.0,2.0,6.0,1.875,2.0,-4.0,失分偏高
1283,CPBL-2024-xa-20,中職2024年,2024,20,2024-04-09 18:09:00,臺南市立棒球場,v0.1.0-2024,G1-G360 regular season,https://github.com/rebas-tw/rebas.tw-open-data/releases/download/v0.1.0-2024/CPBL-2024-OpenData.zip,CPBL-2024-OpenData/CPBL-2024-OpenData.json,統一7-ELEVEn獅,中信兄弟,True,5,1,4,1,2,1,2,0,1,1,35,12,3,6,2,0,2,4,8,0.4166666666666667,9.0,27,9.0,5,1,0,12,0.6666666666666666,12.0,10,主場,勝,中幅勝,中等得分,低失分,領先守成型,火力強勢,壓制力強,4,中職2024年,20.0,2024-04-09 18:09,臺南市立棒球場,中信兄弟,True,5.0,1.0,4.0,True,主場,勝,小勝,中等得分,低失分,2.0,1.0,2.0,False,True,True,全場壓制型,35.0,12.0,3.0,6.0,2.0,0.0,2.0,4.0,8.0,0.416666666666667,9.0,穩定攻擊,27.0,9.0,5.0,1.0,0.0,12.0,0.666666666666667,12.0,10.0,壓制力強
1284,CPBL-2024-xa-19,中職2024年,2024,19,2024-04-07 14:05:00,臺北市立天母棒球場,v0.1.0-2024,G1-G360 regular season,https://github.com/rebas-tw/rebas.tw-open-data/releases/download/v0.1.0-2024/CPBL-2024-OpenData.zip,CPBL-2024-OpenData/CPBL-2024-OpenData.json,統一7-ELEVEn獅,味全龍,False,2,3,-1,0,0,2,0,1,0,1,32,9,0,5,0,0,0,0,0,0.2222222222222222,-0.5,24,8.0,8,1,1,10,1.125,10.0,5,客場,敗,小敗,低得分,中等失分,後段失守型,攻勢受阻,壓制力強,4,中職2024年,19.0,2024-04-07 14:05,臺北市立天母棒球場,味全龍,False,2.0,3.0,-1.0,False,客場,敗,小敗,低得分,中等失分,0.0,2.0,0.0,True,False,True,拉鋸型,32.0,9.0,0.0,5.0,0.0,0.0,0.0,0.0,0.0,0.222222222222222,-0.5,低效進攻,24.0,8.0,8.0,1.0,1.0,10.0,1.125,10.0,5.0,穩定守成
1285,CPBL-2024-xa-19,中職2024年,2024,19,2024-04-07 14:05:00,臺北市立天母棒球場,v0.1.0-2024,G1-G360 regular season,https://github.com/rebas-tw/rebas.tw-open-data/releases/download/v0.1.0-2024/CPBL-2024-OpenData.zip,CPBL-2024-OpenData/CPBL-2024-OpenData.json,味全龍,統一7-ELEVEn獅,True,3,2,1,1,0,0,3,0,0,0,32,8,1,10,1,0,1,2,4,0.375,1.0,27,9.0,9,0,0,5,1.0,5.0,3,主場,勝,小勝,中等得分,低失分,後段逆轉型,攻勢受阻,壓制力強,4,中職2024年,19.0,2024-04-07 14:05,臺北市立天母棒球場,統一7-ELEVEn獅,True,3.0,2.0,1.0,True,主場,勝,小勝,中等得分,低失分,0.0,0.0,3.0,False,False,False,後段逆轉型,32.0,8.0,1.0,10.0,1.0,0.0,1.0,2.0,4.0,0.375,1.0,穩定攻擊,27.0,9.0,9.0,0.0,0.0,5.0,1.0,5.0,3.0,壓制力強
1286,CPBL-2024-xa-18,中職2024年,2024,18,2024-04-07 13:54:00,澄清湖棒球場,v0.1.0-2024,G1-G360 regular season,https://github.com/rebas-tw/rebas.tw-open-data/releases/download/v0.1.0-2024/CPBL-2024-OpenData.zip,CPBL-2024-OpenData/CPBL-2024-OpenData.json,富邦悍將,台鋼雄鷹,False,5,6,-1,0,2,3,0,1,1,0,33,8,4,6,3,0,1,4,6,0.625,10.0,24,8.0,4,6,0,8,1.25,1.3333333333333333,-4,客場,敗,小敗,中等得分,高失分,一般拉鋸型,火力強勢,失分偏高,4,中職2024年,18.0,2024-04-07 13:54,澄清湖棒球場,台鋼雄鷹,False,5.0,6.0,-1.0,False,客場,敗,小敗,中等得分,高失分,2.0,3.0,0.0,True,True,False,拉鋸型,33.0,8.0,4.0,6.0,3.0,0.0,1.0,4.0,6.0,0.625,10.0,穩定攻擊,24.0,8.0,4.0,6.0,0.0,8.0,1.25,1.33333333333333,-4.0,失分偏高
1287,CPBL-2024-xa-18,中職2024年,2024,18,2024-04-07 13:54:00,澄清湖棒球場,v0.1.0-2024,G1-G360 regular season,https://github.com/rebas-tw/rebas.tw-open-data/releases/download/v0.1.0-2024/CPBL-2024-OpenData.zip,CPBL-2024-OpenData/CPBL-2024-OpenData.json,台鋼雄鷹,富邦悍將,True,6,5,1,1,0,6,0,0,0,1,29,4,6,8,1,0,0,1,1,1.5,9.0,27,9.0,8,4,1,6,1.3333333333333333,1.5,-4,主場,勝,小勝,高得分,中等失分,領先守成型,火力強勢,失分偏高,4,中職2024年,18.0,2024-04-07 13:54,澄清湖棒球場,富邦悍將,True,6.0,5.0,1.0,True,主場,勝,小勝,高得分,中等失分,0.0,6.0,0.0,False,False,True,拉鋸型,29.0,4.0,6.0,8.0,1.0,0.0,0.0,1.0,1.0,1.5,9.0,零星攻勢,27.0,9.0,8.0,4.0,1.0,6.0,1.33333333333333,1.5,-4.0,失分偏高
1288,CPBL-2024-xa-17,中職2024年,2024,17,2024-04-07 14:05:00,臺北大巨蛋,v0.1.0-2024,G1-G360 regular season,https://github.com/rebas-tw/rebas.tw-open-data/releases/download/v0.1.0-2024/CPBL-2024-OpenData.zip,CPBL-2024-OpenData/CPBL-2024-OpenData.json,中信兄弟,樂天桃猿,False,8,11,-3,0,8,0,0,1,1,1,34,11,6,8,2,0,1,3,5,0.7272727272727273,13.0,24,8.0,12,2,1,9,1.75,4.5,-5,客場,敗,小敗,高得分,高失分,後段失守型,火力強勢,失分偏高,4,中職2024年,17.0,2024-04-07 14:05,臺北大巨蛋,樂天桃猿,False,8.0,11.0,-3.0,False,客場,敗,小敗,高得分,高失分,8.0,0.0,0.0,True,True,True,拉鋸型,34.0,11.0,6.0,8.0,2.0,0.0,1.0,3.0,5.0,0.727272727272727,13.0,火力強勢,24.0,8.0,12.0,2.0,1.0,9.0,1.75,4.5,-5.0,失分偏高
1289,CPBL-2024-xa-17,中職2024年,2024,17,2024-04-07 14:05:00,臺北大巨蛋,v0.1.0-2024,G1-G360 regular season,https://github.com/rebas-tw/rebas.tw-open-data/releases/download/v0.1.0-2024/CPBL-2024-OpenData.zip,CPBL-2024-OpenData/CPBL-2024-OpenData.json,樂天桃猿,中信兄弟,True,11,8,3,1,3,4,4,0,0,0,36,12,2,9,3,1,1,5,8,0.9166666666666666,13.5,27,9.0,11,6,1,8,1.8888888888888888,1.3333333333333333,-7,主場,勝,中幅勝,高得分,高失分,後段逆轉型,火力強勢,失分偏高,4,中職2024年,17.0,2024-04-07 14:05,臺北大巨蛋,中信兄弟,True,11.0,8.0,3.0,True,主場,勝,小勝,高得分,高失分,3.0,4.0,4.0,False,False,False,後段逆轉型,36.0,12.0,2.0,9.0,3.0,1.0,1.0,5.0,8.0,0.916666666666667,13.5,火力強勢,27.0,9.0,11.0,6.0,1.0,8.0,1.88888888888889,1.33333333333333,-7.0,投打被突破
1290,CPBL-2024-xa-16,中職2024年,2024,16,2024-04-06 17:06:00,臺北市立天母棒球場,v0.1.0-2024,G1-G360 regular season,https://github.com/rebas-tw/rebas.tw-open-data/releases/download/v0.1.0-2024/CPBL-2024-OpenData.zip,CPBL-2024-OpenData/CPBL-2024-OpenData.json,統一7-ELEVEn獅,味全龍,False,4,3,1,1,1,3,0,1,1,1,30,4,5,14,1,0,1,2,4,1.0,4.0,27,9.0,9,3,1,6,1.3333333333333333,2.0,-1,客場,勝,小勝,中等得分,中等失分,領先守成型,穩定攻擊,穩定守成,4,中職2024年,16.0,2024-04-06 17:06,臺北市立天母棒球場,味全龍,False,4.0,3.0,1.0,True,客場,勝,小勝,中等得分,中等失分,1.0,3.0,0.0,True,True,True,全場壓制型,30.0,4.0,5.0,14.0,1.0,0.0,1.0,2.0,4.0,1.0,4.0,零星攻勢,27.0,9.0,9.0,3.0,1.0,6.0,1.33333333333333,2.0,-1.0,普通防守
1291,CPBL-2024-xa-16,中職2024年,2024,16,2024-04-06 17:06:00,臺北市立天母棒球場,v0.1.0-2024,G1-G360 regular season,https://github.com/rebas-tw/rebas.tw-open-data/releases/download/v0.1.0-2024/CPBL-2024-OpenData.zip,CPBL-2024-OpenData/CPBL-2024-OpenData.json,味全龍,統一7-ELEVEn獅,True,3,4,-1,0,0,3,0,0,0,0,34,9,3,6,3,0,1,4,6,0.3333333333333333,7.0,27,9.0,4,5,1,14,1.0,2.8,4,主場,敗,小敗,中等得分,中等失分,一般拉鋸型,穩定攻擊,壓制力強,4,中職2024年,16.0,2024-04-06 17:06,臺北市立天母棒球場,統一7-ELEVEn獅,True,3.0,4.0,-1.0,False,主場,敗,小敗,中等得分,中等失分,0.0,3.0,0.0,False,False,False,被壓制型,34.0,9.0,3.0,6.0,3.0,0.0,1.0,4.0,6.0,0.333333333333333,7.0,穩定攻擊,27.0,9.0,4.0,5.0,1.0,14.0,1.0,2.8,4.0,穩定守成
1292,CPBL-2024-xa-15,中職2024年,2024,15,2024-04-06 16:56:00,澄清湖棒球場,v0.1.0-2024,G1-G360 regular season,https://github.com/rebas-tw/rebas.tw-open-data/releases/download/v0.1.0-2024/CPBL-2024-OpenData.zip,CPBL-2024-OpenData/CPBL-2024-OpenData.json,富邦悍將,台鋼雄鷹,False,12,0,12,1,7,1,4,1,1,1,45,15,5,10,4,0,0,4,4,0.8,16.0,27,9.0,3,2,0,8,0.5555555555555556,4.0,6,客場,勝,大勝,高得分,低失分,領先守成型,火力強勢,壓制力強,4,中職2024年,15.0,2024-04-06 16:56,澄清湖棒球場,台鋼雄鷹,False,12.0,0.0,12.0,True,客場,勝,大勝,高得分,低失分,7.0,1.0,4.0,True,True,True,全場壓制型,45.0,15.0,5.0,10.0,4.0,0.0,0.0,4.0,4.0,0.8,16.0,火力強勢,27.0,9.0,3.0,2.0,0.0,8.0,0.555555555555556,4.0,6.0,壓制力強
1293,CPBL-2024-xa-15,中職2024年,2024,15,2024-04-06 16:56:00,澄清湖棒球場,v0.1.0-2024,G1-G360 regular season,https://github.com/rebas-tw/rebas.tw-open-data/releases/download/v0.1.0-2024/CPBL-2024-OpenData.zip,CPBL-2024-OpenData/CPBL-2024-OpenData.json,台鋼雄鷹,富邦悍將,True,0,12,-12,0,0,0,0,0,0,0,31,3,2,8,0,0,0,0,0,0.0,-2.0,27,9.0,15,5,0,10,2.2222222222222223,2.0,-7,主場,敗,大敗,低得分,高失分,一般拉鋸型,攻勢受阻,失分偏高,4,中職2024年,15.0,2024-04-06 16:56,澄清湖棒球場,富邦悍將,True,0.0,12.0,-12.0,False,主場,敗,大敗,低得分,高失分,0.0,0.0,0.0,False,False,False,被壓制型,31.0,3.0,2.0,8.0,0.0,0.0,0.0,0.0,0.0,0.0,-2.0,攻勢受阻,27.0,9.0,15.0,5.0,0.0,10.0,2.22222222222222,2.0,-7.0,投打被突破
1294,CPBL-2024-xa-14,中職2024年,2024,14,2024-04-06 17:05:00,臺北大巨蛋,v0.1.0-2024,G1-G360 regular season,https://github.com/rebas-tw/rebas.tw-open-data/releases/download/v0.1.0-2024/CPBL-2024-OpenData.zip,CPBL-2024-OpenData/CPBL-2024-OpenData.json,中信兄弟,樂天桃猿,False,8,9,-1,0,1,5,2,0,0,1,35,10,7,14,3,1,0,4,5,0.8,12.0,25,8.333333333333334,15,6,0,5,2.52,0.8333333333333334,-10,客場,敗,小敗,高得分,高失分,後段失守型,火力強勢,失分偏高,4,中職2024年,14.0,2024-04-06 17:05,臺北大巨蛋,樂天桃猿,False,8.0,9.0,-1.0,False,客場,敗,小敗,高得分,高失分,1.0,5.0,2.0,False,False,True,後段追分型,35.0,10.0,7.0,14.0,3.0,1.0,0.0,4.0,5.0,0.8,12.0,火力強勢,25.0,8.33333333333333,15.0,6.0,0.0,5.0,2.52,0.833333333333333,-10.0,投打被突破
1295,CPBL-2024-xa-14,中職2024年,2024,14,2024-04-06 17:05:00,臺北大巨蛋,v0.1.0-2024,G1-G360 regular season,https://github.com/rebas-tw/rebas.tw-open-data/releases/download/v0.1.0-2024/CPBL-2024-OpenData.zip,CPBL-2024-OpenData/CPBL-2024-OpenData.json,樂天桃猿,中信兄弟,True,9,8,1,1,3,0,6,1,1,0,37,15,6,5,6,0,0,6,6,0.6,18.5,27,9.0,10,7,0,14,1.8888888888888888,2.0,-1,主場,勝,小勝,高得分,高失分,後段逆轉型,火力強勢,穩定守成,4,中職2024年,14.0,2024-04-06 17:05,臺北大巨蛋,中信兄弟,True,9.0,8.0,1.0,True,主場,勝,小勝,高得分,高失分,3.0,0.0,6.0,True,True,False,後段逆轉型,37.0,15.0,6.0,5.0,6.0,0.0,0.0,6.0,6.0,0.6,18.5,火力強勢,27.0,9.0,10.0,7.0,0.0,14.0,1.88888888888889,2.0,-1.0,投打被突破
1296,CPBL-2024-xa-13,中職2024年,2024,13,2024-04-05 17:05:00,臺北市立天母棒球場,v0.1.0-2024,G1-G360 regular season,https://github.com/rebas-tw/rebas.tw-open-data/releases/download/v0.1.0-2024/CPBL-2024-OpenData.zip,CPBL-2024-OpenData/CPBL-2024-OpenData.json,統一7-ELEVEn獅,味全龍,False,3,2,1,1,0,3,0,0,0,1,35,11,2,10,2,0,1,3,5,0.2727272727272727,3.0,27,9.0,10,5,0,4,1.6666666666666667,0.8,-3,客場,勝,小勝,中等得分,低失分,領先守成型,穩定攻擊,穩定守成,4,中職2024年,13.0,2024-04-05 17:05,臺北市立天母棒球場,味全龍,False,3.0,2.0,1.0,True,客場,勝,小勝,中等得分,低失分,0.0,3.0,0.0,False,False,True,拉鋸型,35.0,11.0,2.0,10.0,2.0,0.0,1.0,3.0,5.0,0.272727272727273,3.0,穩定攻擊,27.0,9.0,10.0,5.0,0.0,4.0,1.66666666666667,0.8,-3.0,普通防守
1297,CPBL-2024-xa-13,中職2024年,2024,13,2024-04-05 17:05:00,臺北市立天母棒球場,v0.1.0-2024,G1-G360 regular season,https://github.com/rebas-tw/rebas.tw-open-data/releases/download/v0.1.0-2024/CPBL-2024-OpenData.zip,CPBL-2024-OpenData/CPBL-2024-OpenData.json,味全龍,統一7-ELEVEn獅,True,2,3,-1,0,1,1,0,1,1,0,34,10,5,4,3,0,0,3,3,0.2,8.0,27,9.0,11,2,1,10,1.4444444444444444,5.0,4,主場,敗,小敗,低得分,中等失分,一般拉鋸型,火力強勢,壓制力強,4,中職2024年,13.0,2024-04-05 17:05,臺北市立天母棒球場,統一7-ELEVEn獅,True,2.0,3.0,-1.0,False,主場,敗,小敗,低得分,中等失分,1.0,1.0,0.0,True,True,False,拉鋸型,34.0,10.0,5.0,4.0,3.0,0.0,0.0,3.0,3.0,0.2,8.0,低效進攻,27.0,9.0,11.0,2.0,1.0,10.0,1.44444444444444,5.0,4.0,穩定守成
1298,CPBL-2024-xa-12,中職2024年,2024,12,2024-04-05 16:42:00,澄清湖棒球場,v0.1.0-2024,G1-G360 regular season,https://github.com/rebas-tw/rebas.tw-open-data/releases/download/v0.1.0-2024/CPBL-2024-OpenData.zip,CPBL-2024-OpenData/CPBL-2024-OpenData.json,富邦悍將,台鋼雄鷹,False,0,4,-4,0,0,0,0,0,0,0,35,7,2,9,2,0,0,2,2,0.0,-0.5,24,8.0,8,3,2,8,1.375,2.6666666666666665,-1,客場,敗,大敗,低得分,中等失分,一般拉鋸型,攻勢受阻,穩定守成,4,中職2024年,12.0,2024-04-05 16:42,澄清湖棒球場,台鋼雄鷹,False,0.0,4.0,-4.0,False,客場,敗,小敗,低得分,中等失分,0.0,0.0,0.0,False,False,False,被壓制型,35.0,7.0,2.0,9.0,2.0,0.0,0.0,2.0,2.0,0.0,-0.5,攻勢受阻,24.0,8.0,8.0,3.0,2.0,8.0,1.375,2.66666666666667,-1.0,普通防守
1299,CPBL-2024-xa-12,中職2024年,2024,12,2024-04-05 16:42:00,澄清湖棒球場,v0.1.0-2024,G1-G360 regular season,https://github.com/rebas-tw/rebas.tw-open-data/releases/download/v0.1.0-2024/CPBL-2024-OpenData.zip,CPBL-2024-OpenData/CPBL-2024-OpenData.json,台鋼雄鷹,富邦悍將,True,4,0,4,1,4,0,0,1,1,1,30,8,3,8,0,1,2,3,8,0.5,6.0,27,9.0,7,2,0,9,1.0,4.5,7,主場,勝,中幅勝,中等得分,低失分,領先守成型,穩定攻擊,壓制力強,4,中職2024年,12.0,2024-04-05 16:42,澄清湖棒球場,富邦悍將,True,4.0,0.0,4.0,True,主場,勝,小勝,中等得分,低失分,4.0,0.0,0.0,True,True,True,全場壓制型,30.0,8.0,3.0,8.0,0.0,1.0,2.0,3.0,8.0,0.5,6.0,穩定攻擊,27.0,9.0,7.0,2.0,0.0,9.0,1.0,4.5,7.0,壓制力強
1300,CPBL-2024-xa-11,中職2024年,2024,11,2024-04-05 17:05:00,臺北大巨蛋,v0.1.0-2024,G1-G360 regular season,https://github.com/rebas-tw/rebas.tw-open-data/releases/download/v0.1.0-2024/CPBL-2024-OpenData.zip,CPBL-2024-OpenData/CPBL-2024-OpenData.json,中信兄弟,樂天桃猿,False,7,1,6,1,3,1,3,1,1,1,38,15,3,4,3,0,0,3,3,0.4666666666666667,11.0,27,9.0,4,4,1,15,0.8888888888888888,3.75,9,客場,勝,大勝,高得分,低失分,領先守成型,火力強勢,壓制力強,4,中職2024年,11.0,2024-04-05 17:05,臺北大巨蛋,樂天桃猿,False,7.0,1.0,6.0,True,客場,勝,大勝,高得分,低失分,3.0,1.0,3.0,True,True,True,全場壓制型,38.0,15.0,3.0,4.0,3.0,0.0,0.0,3.0,3.0,0.466666666666667,11.0,火力強勢,27.0,9.0,4.0,4.0,1.0,15.0,0.888888888888889,3.75,9.0,壓制力強
1301,CPBL-2024-xa-11,中職2024年,2024,11,2024-04-05 17:05:00,臺北大巨蛋,v0.1.0-2024,G1-G360 regular season,https://github.com/rebas-tw/rebas.tw-open-data/releases/download/v0.1.0-2024/CPBL-2024-OpenData.zip,CPBL-2024-OpenData/CPBL-2024-OpenData.json,樂天桃猿,中信兄弟,True,1,7,-6,0,0,1,0,0,0,0,30,4,4,15,0,0,1,1,3,0.25,-1.5,27,9.0,15,3,0,4,2.0,1.3333333333333333,-6,主場,敗,大敗,低得分,高失分,一般拉鋸型,攻勢受阻,失分偏高,4,中職2024年,11.0,2024-04-05 17:05,臺北大巨蛋,中信兄弟,True,1.0,7.0,-6.0,False,主場,敗,大敗,低得分,高失分,0.0,1.0,0.0,False,False,False,被壓制型,30.0,4.0,4.0,15.0,0.0,0.0,1.0,1.0,3.0,0.25,-1.5,攻勢受阻,27.0,9.0,15.0,3.0,0.0,4.0,2.0,1.33333333333333,-6.0,投打被突破
1302,CPBL-2024-xa-10,中職2024年,2024,10,2024-04-04 17:05:00,臺北大巨蛋,v0.1.0-2024,G1-G360 regular season,https://github.com/rebas-tw/rebas.tw-open-data/releases/download/v0.1.0-2024/CPBL-2024-OpenData.zip,CPBL-2024-OpenData/CPBL-2024-OpenData.json,台鋼雄鷹,中信兄弟,False,3,5,-2,0,1,2,0,0,0,0,32,7,4,6,1,0,1,2,4,0.42857142857142855,6.0,24,8.0,9,5,0,2,1.75,0.4,-8,客場,敗,小敗,中等得分,中等失分,一般拉鋸型,穩定攻擊,失分偏高,4,中職2024年,10.0,2024-04-04 17:05,臺北大巨蛋,中信兄弟,False,3.0,5.0,-2.0,False,客場,敗,小敗,中等得分,中等失分,1.0,2.0,0.0,False,False,False,被壓制型,32.0,7.0,4.0,6.0,1.0,0.0,1.0,2.0,4.0,0.428571428571429,6.0,零星攻勢,24.0,8.0,9.0,5.0,0.0,2.0,1.75,0.4,-8.0,失分偏高
1303,CPBL-2024-xa-10,中職2024年,2024,10,2024-04-04 17:05:00,臺北大巨蛋,v0.1.0-2024,G1-G360 regular season,https://github.com/rebas-tw/rebas.tw-open-data/releases/download/v0.1.0-2024/CPBL-2024-OpenData.zip,CPBL-2024-OpenData/CPBL-2024-OpenData.json,中信兄弟,台鋼雄鷹,True,5,3,2,1,2,3,0,1,1,1,28,9,5,2,2,1,0,3,4,0.5555555555555556,12.0,27,9.0,7,4,1,6,1.2222222222222223,1.5,-2,主場,勝,中幅勝,中等得分,中等失分,領先守成型,火力強勢,穩定守成,4,中職2024年,10.0,2024-04-04 17:05,臺北大巨蛋,台鋼雄鷹,True,5.0,3.0,2.0,True,主場,勝,小勝,中等得分,中等失分,2.0,3.0,0.0,True,True,True,全場壓制型,28.0,9.0,5.0,2.0,2.0,1.0,0.0,3.0,4.0,0.555555555555556,12.0,穩定攻擊,27.0,9.0,7.0,4.0,1.0,6.0,1.22222222222222,1.5,-2.0,普通防守
1304,CPBL-2024-xa-9,中職2024年,2024,9,2024-04-04 17:05:00,新北市立新莊棒球場,v0.1.0-2024,G1-G360 regular season,https://github.com/rebas-tw/rebas.tw-open-data/releases/download/v0.1.0-2024/CPBL-2024-OpenData.zip,CPBL-2024-OpenData/CPBL-2024-OpenData.json,統一7-ELEVEn獅,富邦悍將,False,2,1,1,1,0,2,0,1,0,1,29,7,5,8,1,0,0,1,1,0.2857142857142857,4.0,27,9.0,5,2,0,9,0.7777777777777778,4.5,6,客場,勝,小勝,低得分,低失分,領先守成型,穩定攻擊,壓制力強,4,中職2024年,9.0,2024-04-04 17:05,新北市立新莊棒球場,富邦悍將,False,2.0,1.0,1.0,True,客場,勝,小勝,低得分,低失分,0.0,2.0,0.0,True,False,True,拉鋸型,29.0,7.0,5.0,8.0,1.0,0.0,0.0,1.0,1.0,0.285714285714286,4.0,攻勢受阻,27.0,9.0,5.0,2.0,0.0,9.0,0.777777777777778,4.5,6.0,壓制力強
1305,CPBL-2024-xa-9,中職2024年,2024,9,2024-04-04 17:05:00,新北市立新莊棒球場,v0.1.0-2024,G1-G360 regular season,https://github.com/rebas-tw/rebas.tw-open-data/releases/download/v0.1.0-2024/CPBL-2024-OpenData.zip,CPBL-2024-OpenData/CPBL-2024-OpenData.json,富邦悍將,統一7-ELEVEn獅,True,1,2,-1,0,0,1,0,0,0,0,28,5,2,9,0,0,0,0,0,0.2,-1.5,27,9.0,7,5,0,8,1.3333333333333333,1.6,1,主場,敗,小敗,低得分,低失分,一般拉鋸型,攻勢受阻,穩定守成,4,中職2024年,9.0,2024-04-04 17:05,新北市立新莊棒球場,統一7-ELEVEn獅,True,1.0,2.0,-1.0,False,主場,敗,小敗,低得分,低失分,0.0,1.0,0.0,False,False,False,被壓制型,28.0,5.0,2.0,9.0,0.0,0.0,0.0,0.0,0.0,0.2,-1.5,攻勢受阻,27.0,9.0,7.0,5.0,0.0,8.0,1.33333333333333,1.6,1.0,穩定守成
1306,CPBL-2024-xa-8,中職2024年,2024,8,2024-04-04 17:05:00,臺北市立天母棒球場,v0.1.0-2024,G1-G360 regular season,https://github.com/rebas-tw/rebas.tw-open-data/releases/download/v0.1.0-2024/CPBL-2024-OpenData.zip,CPBL-2024-OpenData/CPBL-2024-OpenData.json,味全龍,樂天桃猿,False,3,4,-1,0,0,3,0,1,0,0,33,8,4,8,2,1,0,3,4,0.375,6.0,24,8.0,6,3,1,8,1.125,2.6666666666666665,0,客場,敗,小敗,中等得分,中等失分,一般拉鋸型,穩定攻擊,穩定守成,4,中職2024年,8.0,2024-04-04 17:05,臺北市立天母棒球場,樂天桃猿,False,3.0,4.0,-1.0,False,客場,敗,小敗,中等得分,中等失分,0.0,3.0,0.0,True,False,False,被壓制型,33.0,8.0,4.0,8.0,2.0,1.0,0.0,3.0,4.0,0.375,6.0,穩定攻擊,24.0,8.0,6.0,3.0,1.0,8.0,1.125,2.66666666666667,0.0,穩定守成
1307,CPBL-2024-xa-8,中職2024年,2024,8,2024-04-04 17:05:00,臺北市立天母棒球場,v0.1.0-2024,G1-G360 regular season,https://github.com/rebas-tw/rebas.tw-open-data/releases/download/v0.1.0-2024/CPBL-2024-OpenData.zip,CPBL-2024-OpenData/CPBL-2024-OpenData.json,樂天桃猿,味全龍,True,4,3,1,1,0,4,0,0,0,1,29,6,3,8,0,1,1,2,5,0.6666666666666666,5.0,27,9.0,8,4,0,8,1.3333333333333333,2.0,1,主場,勝,小勝,中等得分,中等失分,領先守成型,穩定攻擊,穩定守成,4,中職2024年,8.0,2024-04-04 17:05,臺北市立天母棒球場,味全龍,True,4.0,3.0,1.0,True,主場,勝,小勝,中等得分,中等失分,0.0,4.0,0.0,False,False,True,拉鋸型,29.0,6.0,3.0,8.0,0.0,1.0,1.0,2.0,5.0,0.666666666666667,5.0,零星攻勢,27.0,9.0,8.0,4.0,0.0,8.0,1.33333333333333,2.0,1.0,穩定守成
1308,CPBL-2024-xa-7,中職2024年,2024,7,2024-04-03 18:39:00,臺北大巨蛋,v0.1.0-2024,G1-G360 regular season,https://github.com/rebas-tw/rebas.tw-open-data/releases/download/v0.1.0-2024/CPBL-2024-OpenData.zip,CPBL-2024-OpenData/CPBL-2024-OpenData.json,台鋼雄鷹,中信兄弟,False,4,1,3,1,0,1,3,0,0,0,37,11,3,7,2,0,0,2,2,0.36363636363636365,5.5,27,9.0,5,5,0,5,1.1111111111111112,1.0,-1,客場,勝,中幅勝,中等得分,低失分,後段逆轉型,穩定攻擊,穩定守成,4,中職2024年,7.0,2024-04-03 18:39,臺北大巨蛋,中信兄弟,False,4.0,1.0,3.0,True,客場,勝,小勝,中等得分,低失分,0.0,1.0,3.0,False,False,False,後段逆轉型,37.0,11.0,3.0,7.0,2.0,0.0,0.0,2.0,2.0,0.363636363636364,5.5,穩定攻擊,27.0,9.0,5.0,5.0,0.0,5.0,1.11111111111111,1.0,-1.0,壓制力強
1309,CPBL-2024-xa-7,中職2024年,2024,7,2024-04-03 18:39:00,臺北大巨蛋,v0.1.0-2024,G1-G360 regular season,https://github.com/rebas-tw/rebas.tw-open-data/releases/download/v0.1.0-2024/CPBL-2024-OpenData.zip,CPBL-2024-OpenData/CPBL-2024-OpenData.json,中信兄弟,台鋼雄鷹,True,1,4,-3,0,0,1,0,0,0,0,30,5,5,5,2,0,0,2,2,0.2,5.5,27,9.0,11,3,0,7,1.5555555555555556,2.3333333333333335,0,主場,敗,小敗,低得分,中等失分,一般拉鋸型,穩定攻擊,穩定守成,4,中職2024年,7.0,2024-04-03 18:39,臺北大巨蛋,台鋼雄鷹,True,1.0,4.0,-3.0,False,主場,敗,小敗,低得分,中等失分,0.0,1.0,0.0,False,False,False,被壓制型,30.0,5.0,5.0,5.0,2.0,0.0,0.0,2.0,2.0,0.2,5.5,低效進攻,27.0,9.0,11.0,3.0,0.0,7.0,1.55555555555556,2.33333333333333,0.0,穩定守成
1310,CPBL-2024-xa-6,中職2024年,2024,6,2024-04-03 18:35:00,新北市立新莊棒球場,v0.1.0-2024,G1-G360 regular season,https://github.com/rebas-tw/rebas.tw-open-data/releases/download/v0.1.0-2024/CPBL-2024-OpenData.zip,CPBL-2024-OpenData/CPBL-2024-OpenData.json,統一7-ELEVEn獅,富邦悍將,False,11,4,7,1,11,0,0,1,1,1,41,15,6,9,1,1,1,3,6,0.7333333333333333,15.5,27,9.0,10,3,1,6,1.4444444444444444,2.0,-2,客場,勝,大勝,高得分,中等失分,領先守成型,火力強勢,穩定守成,4,中職2024年,6.0,2024-04-03 18:35,新北市立新莊棒球場,富邦悍將,False,11.0,4.0,7.0,True,客場,勝,大勝,高得分,中等失分,11.0,0.0,0.0,True,True,True,全場壓制型,41.0,15.0,6.0,9.0,1.0,1.0,1.0,3.0,6.0,0.733333333333333,15.5,火力強勢,27.0,9.0,10.0,3.0,1.0,6.0,1.44444444444444,2.0,-2.0,普通防守
1311,CPBL-2024-xa-6,中職2024年,2024,6,2024-04-03 18:35:00,新北市立新莊棒球場,v0.1.0-2024,G1-G360 regular season,https://github.com/rebas-tw/rebas.tw-open-data/releases/download/v0.1.0-2024/CPBL-2024-OpenData.zip,CPBL-2024-OpenData/CPBL-2024-OpenData.json,富邦悍將,統一7-ELEVEn獅,True,4,11,-7,0,2,1,1,0,0,0,36,10,3,6,2,1,1,4,7,0.4,8.0,27,9.0,15,6,1,9,2.3333333333333335,1.5,-9,主場,敗,大敗,中等得分,高失分,一般拉鋸型,火力強勢,失分偏高,4,中職2024年,6.0,2024-04-03 18:35,新北市立新莊棒球場,統一7-ELEVEn獅,True,4.0,11.0,-7.0,False,主場,敗,大敗,中等得分,高失分,2.0,1.0,1.0,False,False,False,被壓制型,36.0,10.0,3.0,6.0,2.0,1.0,1.0,4.0,7.0,0.4,8.0,穩定攻擊,27.0,9.0,15.0,6.0,1.0,9.0,2.33333333333333,1.5,-9.0,投打被突破
1312,CPBL-2024-xa-5,中職2024年,2024,5,2024-04-03 18:35:00,臺北市立天母棒球場,v0.1.0-2024,G1-G360 regular season,https://github.com/rebas-tw/rebas.tw-open-data/releases/download/v0.1.0-2024/CPBL-2024-OpenData.zip,CPBL-2024-OpenData/CPBL-2024-OpenData.json,味全龍,樂天桃猿,False,2,1,1,1,1,1,0,1,1,1,36,10,3,8,2,0,0,2,2,0.2,3.0,27,9.0,10,0,0,5,1.1111111111111112,5.0,4,客場,勝,小勝,低得分,低失分,領先守成型,穩定攻擊,壓制力強,4,中職2024年,5.0,2024-04-03 18:35,臺北市立天母棒球場,樂天桃猿,False,2.0,1.0,1.0,True,客場,勝,小勝,低得分,低失分,1.0,1.0,0.0,True,True,True,全場壓制型,36.0,10.0,3.0,8.0,2.0,0.0,0.0,2.0,2.0,0.2,3.0,攻勢受阻,27.0,9.0,10.0,0.0,0.0,5.0,1.11111111111111,5.0,4.0,壓制力強
1313,CPBL-2024-xa-5,中職2024年,2024,5,2024-04-03 18:35:00,臺北市立天母棒球場,v0.1.0-2024,G1-G360 regular season,https://github.com/rebas-tw/rebas.tw-open-data/releases/download/v0.1.0-2024/CPBL-2024-OpenData.zip,CPBL-2024-OpenData/CPBL-2024-OpenData.json,樂天桃猿,味全龍,True,1,2,-1,0,0,1,0,0,0,0,34,10,0,5,3,0,0,3,3,0.1,1.5,27,9.0,10,3,0,8,1.4444444444444444,2.6666666666666665,3,主場,敗,小敗,低得分,低失分,一般拉鋸型,攻勢受阻,壓制力強,4,中職2024年,5.0,2024-04-03 18:35,臺北市立天母棒球場,味全龍,True,1.0,2.0,-1.0,False,主場,敗,小敗,低得分,低失分,0.0,1.0,0.0,False,False,False,被壓制型,34.0,10.0,0.0,5.0,3.0,0.0,0.0,3.0,3.0,0.1,1.5,低效進攻,27.0,9.0,10.0,3.0,0.0,8.0,1.44444444444444,2.66666666666667,3.0,穩定守成
1314,CPBL-2024-xa-4,中職2024年,2024,4,2024-03-31 17:10:00,臺南市立棒球場,v0.1.0-2024,G1-G360 regular season,https://github.com/rebas-tw/rebas.tw-open-data/releases/download/v0.1.0-2024/CPBL-2024-OpenData.zip,CPBL-2024-OpenData/CPBL-2024-OpenData.json,富邦悍將,統一7-ELEVEn獅,False,0,9,-9,0,0,0,0,0,0,0,34,8,0,11,1,0,0,1,1,0.0,-4.5,24,8.0,19,5,0,5,3.0,1.0,-9,客場,敗,大敗,低得分,高失分,一般拉鋸型,攻勢受阻,失分偏高,3,中職2024年,4.0,2024-03-31 17:10,臺南市立棒球場,統一7-ELEVEn獅,False,0.0,9.0,-9.0,False,客場,敗,大敗,低得分,高失分,0.0,0.0,0.0,False,False,False,被壓制型,34.0,8.0,0.0,11.0,1.0,0.0,0.0,1.0,1.0,0.0,-4.5,攻勢受阻,24.0,8.0,19.0,5.0,0.0,5.0,3.0,1.0,-9.0,投打被突破
1315,CPBL-2024-xa-4,中職2024年,2024,4,2024-03-31 17:10:00,臺南市立棒球場,v0.1.0-2024,G1-G360 regular season,https://github.com/rebas-tw/rebas.tw-open-data/releases/download/v0.1.0-2024/CPBL-2024-OpenData.zip,CPBL-2024-OpenData/CPBL-2024-OpenData.json,統一7-ELEVEn獅,富邦悍將,True,9,0,9,1,5,3,1,1,1,1,39,19,5,5,1,3,0,4,7,0.47368421052631576,15.5,27,9.0,8,0,0,11,0.8888888888888888,11.0,11,主場,勝,大勝,高得分,低失分,領先守成型,火力強勢,壓制力強,3,中職2024年,4.0,2024-03-31 17:10,臺南市立棒球場,富邦悍將,True,9.0,0.0,9.0,True,主場,勝,大勝,高得分,低失分,5.0,3.0,1.0,True,True,True,全場壓制型,39.0,19.0,5.0,5.0,1.0,3.0,0.0,4.0,7.0,0.473684210526316,15.5,火力強勢,27.0,9.0,8.0,0.0,0.0,11.0,0.888888888888889,11.0,11.0,壓制力強
1316,CPBL-2024-xa-2,中職2024年,2024,2,2024-03-31 17:05:00,臺北大巨蛋,v0.1.0-2024,G1-G360 regular season,https://github.com/rebas-tw/rebas.tw-open-data/releases/download/v0.1.0-2024/CPBL-2024-OpenData.zip,CPBL-2024-OpenData/CPBL-2024-OpenData.json,中信兄弟,味全龍,False,3,2,1,1,0,2,1,0,0,1,32,7,1,7,3,0,1,4,6,0.42857142857142855,4.5,27,9.0,6,2,0,8,0.8888888888888888,4.0,4,客場,勝,小勝,中等得分,低失分,領先守成型,穩定攻擊,壓制力強,3,中職2024年,2.0,2024-03-31 17:05,臺北大巨蛋,味全龍,False,3.0,2.0,1.0,True,客場,勝,小勝,中等得分,低失分,0.0,2.0,1.0,False,False,True,後段追分型,32.0,7.0,1.0,7.0,3.0,0.0,1.0,4.0,6.0,0.428571428571429,4.5,零星攻勢,27.0,9.0,6.0,2.0,0.0,8.0,0.888888888888889,4.0,4.0,壓制力強
1317,CPBL-2024-xa-2,中職2024年,2024,2,2024-03-31 17:05:00,臺北大巨蛋,v0.1.0-2024,G1-G360 regular season,https://github.com/rebas-tw/rebas.tw-open-data/releases/download/v0.1.0-2024/CPBL-2024-OpenData.zip,CPBL-2024-OpenData/CPBL-2024-OpenData.json,味全龍,中信兄弟,True,2,3,-1,0,1,0,1,1,1,0,33,6,2,8,1,0,0,1,1,0.3333333333333333,1.0,27,9.0,7,1,1,7,0.8888888888888888,7.0,2,主場,敗,小敗,低得分,中等失分,一般拉鋸型,攻勢受阻,壓制力強,3,中職2024年,2.0,2024-03-31 17:05,臺北大巨蛋,中信兄弟,True,2.0,3.0,-1.0,False,主場,敗,小敗,低得分,中等失分,1.0,0.0,1.0,True,True,False,拉鋸型,33.0,6.0,2.0,8.0,1.0,0.0,0.0,1.0,1.0,0.333333333333333,1.0,攻勢受阻,27.0,9.0,7.0,1.0,1.0,7.0,0.888888888888889,7.0,2.0,穩定守成
1318,CPBL-2024-xa-1,中職2024年,2024,1,2024-03-30 17:07:00,臺北大巨蛋,v0.1.0-2024,G1-G360 regular season,https://github.com/rebas-tw/rebas.tw-open-data/releases/download/v0.1.0-2024/CPBL-2024-OpenData.zip,CPBL-2024-OpenData/CPBL-2024-OpenData.json,樂天桃猿,味全龍,False,2,3,-1,0,0,1,1,0,0,0,30,6,4,11,2,0,0,2,2,0.3333333333333333,2.5,24,8.0,6,4,0,4,1.25,1.0,-3,客場,敗,小敗,低得分,中等失分,一般拉鋸型,攻勢受阻,穩定守成,3,中職2024年,1.0,2024-03-30 17:07,臺北大巨蛋,味全龍,False,2.0,3.0,-1.0,False,客場,敗,小敗,低得分,中等失分,0.0,1.0,1.0,False,False,False,被壓制型,30.0,6.0,4.0,11.0,2.0,0.0,0.0,2.0,2.0,0.333333333333333,2.5,攻勢受阻,24.0,8.0,6.0,4.0,0.0,4.0,1.25,1.0,-3.0,普通防守
1319,CPBL-2024-xa-1,中職2024年,2024,1,2024-03-30 17:07:00,臺北大巨蛋,v0.1.0-2024,G1-G360 regular season,https://github.com/rebas-tw/rebas.tw-open-data/releases/download/v0.1.0-2024/CPBL-2024-OpenData.zip,CPBL-2024-OpenData/CPBL-2024-OpenData.json,味全龍,樂天桃猿,True,3,2,1,1,1,2,0,1,1,1,26,6,4,4,3,0,0,3,3,0.5,8.0,27,9.0,6,4,0,11,1.1111111111111112,2.75,5,主場,勝,小勝,中等得分,低失分,領先守成型,火力強勢,壓制力強,3,中職2024年,1.0,2024-03-30 17:07,臺北大巨蛋,樂天桃猿,True,3.0,2.0,1.0,True,主場,勝,小勝,中等得分,低失分,1.0,2.0,0.0,True,True,True,全場壓制型,26.0,6.0,4.0,4.0,3.0,0.0,0.0,3.0,3.0,0.5,8.0,零星攻勢,27.0,9.0,6.0,4.0,0.0,11.0,1.11111111111111,2.75,5.0,壓制力強
